yyyy-01-05 14:11:15 [INFO]: Loading App... 

yyyy-01-05 14:11:15 [INFO]: MongoDB connected 

yyyy-01-05 14:11:15 [INFO]: Loading Middlewares...
yyyy-01-05 14:11:15 [INFO]: All Middlewares Loaded...

yyyy-01-05 14:11:15 [INFO]: Mounting Routes...
yyyy-01-05 14:11:15 [INFO]: Products Router mounted at: /products
yyyy-01-05 14:11:15 [INFO]: Routes Mounted... 

yyyy-01-05 14:11:15 [INFO]: Server is running at http://localhost:8000 with 13048

yyyy-01-05 14:20:30 [INFO]: Loading App... 

yyyy-01-05 14:20:30 [INFO]: MongoDB connected 

yyyy-01-05 14:20:30 [INFO]: Loading Middlewares...
yyyy-01-05 14:20:30 [INFO]: All Middlewares Loaded...

yyyy-01-05 14:20:30 [INFO]: Mounting Routes...
yyyy-01-05 14:20:30 [INFO]: Products Router mounted at: /products
yyyy-01-05 14:20:30 [INFO]: Routes Mounted... 

yyyy-01-05 14:20:30 [INFO]: Server is running at http://localhost:8000 with 13639

yyyy-01-05 14:20:31 [INFO]: Loading App... 

yyyy-01-05 14:20:31 [INFO]: MongoDB connected 

yyyy-01-05 14:20:31 [INFO]: Loading Middlewares...
yyyy-01-05 14:20:31 [INFO]: All Middlewares Loaded...

yyyy-01-05 14:20:31 [INFO]: Mounting Routes...
yyyy-01-05 14:20:31 [INFO]: Products Router mounted at: /products
yyyy-01-05 14:20:31 [INFO]: Routes Mounted... 

yyyy-01-05 14:20:31 [INFO]: Server is running at http://localhost:8000 with 13659

yyyy-01-05 14:23:24 [INFO]: Loading App... 

yyyy-01-05 14:23:24 [INFO]: MongoDB connected 

yyyy-01-05 14:23:24 [INFO]: Loading Middlewares...
yyyy-01-05 14:23:24 [INFO]: All Middlewares Loaded...

yyyy-01-05 14:23:24 [INFO]: Mounting Routes...
yyyy-01-05 14:23:24 [INFO]: Products Router mounted at: /products
yyyy-01-05 14:23:24 [INFO]: Routes Mounted... 

yyyy-01-05 14:23:24 [INFO]: Server is running at http://localhost:8000 with 13750

yyyy-01-05 14:23:29 [INFO]: Loading App... 

yyyy-01-05 14:23:29 [INFO]: MongoDB connected 

yyyy-01-05 14:23:29 [INFO]: Loading Middlewares...
yyyy-01-05 14:23:29 [INFO]: All Middlewares Loaded...

yyyy-01-05 14:23:29 [INFO]: Mounting Routes...
yyyy-01-05 14:23:29 [INFO]: Products Router mounted at: /products
yyyy-01-05 14:23:29 [INFO]: Routes Mounted... 

yyyy-01-05 14:23:29 [INFO]: Server is running at http://localhost:8000 with 13817

yyyy-01-05 14:23:36 [INFO]: Loading App... 

yyyy-01-05 14:23:36 [INFO]: MongoDB connected 

yyyy-01-05 14:23:36 [INFO]: Loading Middlewares...
yyyy-01-05 14:23:36 [INFO]: All Middlewares Loaded...

yyyy-01-05 14:23:36 [INFO]: Mounting Routes...
yyyy-01-05 14:23:36 [INFO]: Products Router mounted at: /products
yyyy-01-05 14:23:36 [INFO]: Routes Mounted... 

yyyy-01-05 14:23:36 [INFO]: Server is running at http://localhost:8000 with 13883

yyyy-01-05 14:23:37 [INFO]: Loading App... 

yyyy-01-05 14:23:37 [INFO]: MongoDB connected 

yyyy-01-05 14:23:37 [INFO]: Loading Middlewares...
yyyy-01-05 14:23:37 [INFO]: All Middlewares Loaded...

yyyy-01-05 14:23:37 [INFO]: Mounting Routes...
yyyy-01-05 14:23:37 [INFO]: Products Router mounted at: /products
yyyy-01-05 14:23:37 [INFO]: Routes Mounted... 

yyyy-01-05 14:23:37 [INFO]: Server is running at http://localhost:8000 with 13899

yyyy-01-05 14:23:55 [INFO]: Loading App... 

yyyy-01-05 14:23:55 [INFO]: MongoDB connected 

yyyy-01-05 14:23:55 [INFO]: Loading Middlewares...
yyyy-01-05 14:23:55 [INFO]: All Middlewares Loaded...

yyyy-01-05 14:23:55 [INFO]: Mounting Routes...
yyyy-01-05 14:23:55 [INFO]: Products Router mounted at: /products
yyyy-01-05 14:23:55 [INFO]: Routes Mounted... 

yyyy-01-05 14:23:55 [INFO]: Server is running at http://localhost:8000 with 13979

yyyy-01-05 14:23:58 [INFO]: Loading App... 

yyyy-01-05 14:23:58 [INFO]: MongoDB connected 

yyyy-01-05 14:23:58 [INFO]: Loading Middlewares...
yyyy-01-05 14:23:58 [INFO]: All Middlewares Loaded...

yyyy-01-05 14:23:58 [INFO]: Mounting Routes...
yyyy-01-05 14:23:58 [INFO]: Products Router mounted at: /products
yyyy-01-05 14:23:58 [INFO]: Routes Mounted... 

yyyy-01-05 14:23:58 [INFO]: Server is running at http://localhost:8000 with 14034

yyyy-01-05 14:24:16 [INFO]: Loading App... 

yyyy-01-05 14:24:16 [INFO]: MongoDB connected 

yyyy-01-05 14:24:16 [INFO]: Loading Middlewares...
yyyy-01-05 14:24:16 [INFO]: All Middlewares Loaded...

yyyy-01-05 14:24:16 [INFO]: Mounting Routes...
yyyy-01-05 14:24:16 [INFO]: Products Router mounted at: /products
yyyy-01-05 14:24:16 [INFO]: Routes Mounted... 

yyyy-01-05 14:24:16 [INFO]: Server is running at http://localhost:8000 with 14092

yyyy-01-05 14:24:21 [INFO]: Loading App... 

yyyy-01-05 14:24:21 [INFO]: MongoDB connected 

yyyy-01-05 14:24:21 [INFO]: Loading Middlewares...
yyyy-01-05 14:24:21 [INFO]: All Middlewares Loaded...

yyyy-01-05 14:24:21 [INFO]: Mounting Routes...
yyyy-01-05 14:24:21 [INFO]: Products Router mounted at: /products
yyyy-01-05 14:24:21 [INFO]: Routes Mounted... 

yyyy-01-05 14:24:21 [INFO]: Server is running at http://localhost:8000 with 14282

yyyy-01-05 14:24:58 [INFO]: Loading App... 

yyyy-01-05 14:24:58 [INFO]: MongoDB connected 

yyyy-01-05 14:24:58 [INFO]: Loading Middlewares...
yyyy-01-05 14:24:58 [INFO]: All Middlewares Loaded...

yyyy-01-05 14:24:58 [INFO]: Mounting Routes...
yyyy-01-05 14:24:58 [INFO]: Products Router mounted at: /products
yyyy-01-05 14:24:58 [INFO]: Routes Mounted... 

yyyy-01-05 14:24:58 [INFO]: Server is running at http://localhost:8000 with 14721

yyyy-01-05 14:26:58 [INFO]: Loading App... 

yyyy-01-05 14:26:58 [INFO]: MongoDB connected 

yyyy-01-05 14:26:58 [INFO]: Loading Middlewares...
yyyy-01-05 14:26:58 [INFO]: All Middlewares Loaded...

yyyy-01-05 14:26:58 [INFO]: Mounting Routes...
yyyy-01-05 14:26:58 [INFO]: Products Router mounted at: /products
yyyy-01-05 14:26:58 [INFO]: Routes Mounted... 

yyyy-01-05 14:26:58 [INFO]: Server is running at http://localhost:8000 with 14796

yyyy-01-05 14:26:59 [INFO]: Loading App... 

yyyy-01-05 14:27:00 [INFO]: MongoDB connected 

yyyy-01-05 14:27:00 [INFO]: Loading Middlewares...
yyyy-01-05 14:27:00 [INFO]: All Middlewares Loaded...

yyyy-01-05 14:27:00 [INFO]: Mounting Routes...
yyyy-01-05 14:27:00 [INFO]: Products Router mounted at: /products
yyyy-01-05 14:27:00 [INFO]: Routes Mounted... 

yyyy-01-05 14:27:00 [INFO]: Server is running at http://localhost:8000 with 14840

yyyy-01-05 14:27:00 [INFO]: Loading App... 

yyyy-01-05 14:27:00 [INFO]: MongoDB connected 

yyyy-01-05 14:27:00 [INFO]: Loading Middlewares...
yyyy-01-05 14:27:00 [INFO]: All Middlewares Loaded...

yyyy-01-05 14:27:00 [INFO]: Mounting Routes...
yyyy-01-05 14:27:00 [INFO]: Products Router mounted at: /products
yyyy-01-05 14:27:00 [INFO]: Routes Mounted... 

yyyy-01-05 14:27:00 [INFO]: Server is running at http://localhost:8000 with 14866

yyyy-01-05 14:27:01 [INFO]: Loading App... 

yyyy-01-05 14:27:01 [INFO]: MongoDB connected 

yyyy-01-05 14:27:01 [INFO]: Loading Middlewares...
yyyy-01-05 14:27:01 [INFO]: All Middlewares Loaded...

yyyy-01-05 14:27:01 [INFO]: Mounting Routes...
yyyy-01-05 14:27:01 [INFO]: Products Router mounted at: /products
yyyy-01-05 14:27:01 [INFO]: Routes Mounted... 

yyyy-01-05 14:27:01 [INFO]: Server is running at http://localhost:8000 with 14882

yyyy-01-05 14:29:20 [INFO]: Loading App... 

yyyy-01-05 14:29:20 [INFO]: MongoDB connected 

yyyy-01-05 14:29:20 [INFO]: Loading Middlewares...
yyyy-01-05 14:29:20 [INFO]: All Middlewares Loaded...

yyyy-01-05 14:29:20 [INFO]: Mounting Routes...
yyyy-01-05 14:29:20 [INFO]: Products Router mounted at: /products
yyyy-01-05 14:29:20 [INFO]: Routes Mounted... 

yyyy-01-05 14:29:20 [INFO]: Server is running at http://localhost:8000 with 14999

yyyy-01-05 14:29:26 [INFO]: Loading App... 

yyyy-01-05 14:29:26 [INFO]: MongoDB connected 

yyyy-01-05 14:29:26 [INFO]: Loading Middlewares...
yyyy-01-05 14:29:26 [INFO]: All Middlewares Loaded...

yyyy-01-05 14:29:26 [INFO]: Mounting Routes...
yyyy-01-05 14:29:26 [INFO]: Products Router mounted at: /products
yyyy-01-05 14:29:26 [INFO]: Routes Mounted... 

yyyy-01-05 14:29:26 [INFO]: Server is running at http://localhost:8000 with 15056

yyyy-01-05 14:29:29 [INFO]: Loading App... 

yyyy-01-05 14:29:29 [INFO]: MongoDB connected 

yyyy-01-05 14:29:29 [INFO]: Loading Middlewares...
yyyy-01-05 14:29:29 [INFO]: All Middlewares Loaded...

yyyy-01-05 14:29:29 [INFO]: Mounting Routes...
yyyy-01-05 14:29:29 [INFO]: Products Router mounted at: /products
yyyy-01-05 14:29:29 [INFO]: Routes Mounted... 

yyyy-01-05 14:29:29 [INFO]: Server is running at http://localhost:8000 with 15170

yyyy-01-05 14:29:37 [INFO]: Loading App... 

yyyy-01-05 14:29:37 [INFO]: MongoDB connected 

yyyy-01-05 14:29:37 [INFO]: Loading Middlewares...
yyyy-01-05 14:29:37 [INFO]: All Middlewares Loaded...

yyyy-01-05 14:29:37 [INFO]: Mounting Routes...
yyyy-01-05 14:29:37 [INFO]: Products Router mounted at: /products
yyyy-01-05 14:29:37 [INFO]: Routes Mounted... 

yyyy-01-05 14:29:37 [INFO]: Server is running at http://localhost:8000 with 15227

yyyy-01-05 14:29:39 [INFO]: Loading App... 

yyyy-01-05 14:29:39 [INFO]: MongoDB connected 

yyyy-01-05 14:29:39 [INFO]: Loading Middlewares...
yyyy-01-05 14:29:39 [INFO]: All Middlewares Loaded...

yyyy-01-05 14:29:39 [INFO]: Mounting Routes...
yyyy-01-05 14:29:39 [INFO]: Products Router mounted at: /products
yyyy-01-05 14:29:39 [INFO]: Routes Mounted... 

yyyy-01-05 14:29:39 [INFO]: Server is running at http://localhost:8000 with 15270

yyyy-01-05 14:29:42 [INFO]: Loading App... 

yyyy-01-05 14:29:42 [INFO]: MongoDB connected 

yyyy-01-05 14:29:42 [INFO]: Loading Middlewares...
yyyy-01-05 14:29:42 [INFO]: All Middlewares Loaded...

yyyy-01-05 14:29:42 [INFO]: Mounting Routes...
yyyy-01-05 14:29:42 [INFO]: Products Router mounted at: /products
yyyy-01-05 14:29:42 [INFO]: Routes Mounted... 

yyyy-01-05 14:29:42 [INFO]: Server is running at http://localhost:8000 with 15297

yyyy-01-05 14:29:43 [INFO]: Loading App... 

yyyy-01-05 14:29:43 [INFO]: MongoDB connected 

yyyy-01-05 14:29:43 [INFO]: Loading Middlewares...
yyyy-01-05 14:29:43 [INFO]: All Middlewares Loaded...

yyyy-01-05 14:29:43 [INFO]: Mounting Routes...
yyyy-01-05 14:29:43 [INFO]: Products Router mounted at: /products
yyyy-01-05 14:29:43 [INFO]: Routes Mounted... 

yyyy-01-05 14:29:43 [INFO]: Server is running at http://localhost:8000 with 15327

yyyy-01-05 14:49:35 [INFO]: Loading App... 

yyyy-01-05 14:49:35 [INFO]: MongoDB connected 

yyyy-01-05 14:49:35 [INFO]: Loading Middlewares...
yyyy-01-05 14:49:35 [INFO]: All Middlewares Loaded...

yyyy-01-05 14:49:35 [INFO]: Mounting Routes...
yyyy-01-05 14:49:35 [INFO]: Products Router mounted at: /products
yyyy-01-05 14:49:35 [INFO]: Routes Mounted... 

yyyy-01-05 14:49:35 [INFO]: Server is running at http://localhost:8000 with 16545

yyyy-01-05 14:49:39 [INFO]: Loading App... 

yyyy-01-05 14:49:39 [INFO]: MongoDB connected 

yyyy-01-05 14:49:39 [INFO]: Loading Middlewares...
yyyy-01-05 14:49:39 [INFO]: All Middlewares Loaded...

yyyy-01-05 14:49:39 [INFO]: Mounting Routes...
yyyy-01-05 14:49:39 [INFO]: Products Router mounted at: /products
yyyy-01-05 14:49:39 [INFO]: Routes Mounted... 

yyyy-01-05 14:49:39 [INFO]: Server is running at http://localhost:8000 with 16600

yyyy-01-05 14:49:41 [INFO]: Loading App... 

yyyy-01-05 14:49:41 [INFO]: MongoDB connected 

yyyy-01-05 14:49:41 [INFO]: Loading Middlewares...
yyyy-01-05 14:49:41 [INFO]: All Middlewares Loaded...

yyyy-01-05 14:49:41 [INFO]: Mounting Routes...
yyyy-01-05 14:49:41 [INFO]: Products Router mounted at: /products
yyyy-01-05 14:49:41 [INFO]: Routes Mounted... 

yyyy-01-05 14:49:41 [INFO]: Server is running at http://localhost:8000 with 16648

yyyy-01-05 14:49:41 [INFO]: Loading App... 

yyyy-01-05 14:49:41 [INFO]: MongoDB connected 

yyyy-01-05 14:49:41 [INFO]: Loading Middlewares...
yyyy-01-05 14:49:41 [INFO]: All Middlewares Loaded...

yyyy-01-05 14:49:41 [INFO]: Mounting Routes...
yyyy-01-05 14:49:41 [INFO]: Products Router mounted at: /products
yyyy-01-05 14:49:41 [INFO]: Routes Mounted... 

yyyy-01-05 14:49:41 [INFO]: Server is running at http://localhost:8000 with 16664

yyyy-01-05 14:49:42 [INFO]: Loading App... 

yyyy-01-05 14:49:42 [INFO]: MongoDB connected 

yyyy-01-05 14:49:42 [INFO]: Loading Middlewares...
yyyy-01-05 14:49:42 [INFO]: All Middlewares Loaded...

yyyy-01-05 14:49:42 [INFO]: Mounting Routes...
yyyy-01-05 14:49:42 [INFO]: Products Router mounted at: /products
yyyy-01-05 14:49:42 [INFO]: Routes Mounted... 

yyyy-01-05 14:49:42 [INFO]: Server is running at http://localhost:8000 with 16704

yyyy-01-05 14:49:43 [INFO]: Loading App... 

yyyy-01-05 14:49:43 [INFO]: MongoDB connected 

yyyy-01-05 14:49:43 [INFO]: Loading Middlewares...
yyyy-01-05 14:49:43 [INFO]: All Middlewares Loaded...

yyyy-01-05 14:49:43 [INFO]: Mounting Routes...
yyyy-01-05 14:49:43 [INFO]: Products Router mounted at: /products
yyyy-01-05 14:49:43 [INFO]: Routes Mounted... 

yyyy-01-05 14:49:43 [INFO]: Server is running at http://localhost:8000 with 16740

yyyy-01-05 14:49:45 [INFO]: Loading App... 

yyyy-01-05 14:49:45 [INFO]: Loading App... 

yyyy-01-05 14:49:45 [INFO]: MongoDB connected 

yyyy-01-05 14:49:45 [INFO]: Loading Middlewares...
yyyy-01-05 14:49:45 [INFO]: All Middlewares Loaded...

yyyy-01-05 14:49:45 [INFO]: Mounting Routes...
yyyy-01-05 14:49:45 [INFO]: Products Router mounted at: /products
yyyy-01-05 14:49:45 [INFO]: Routes Mounted... 

yyyy-01-05 14:49:45 [INFO]: Server is running at http://localhost:8000 with 16811

yyyy-01-05 14:49:47 [INFO]: Loading App... 

yyyy-01-05 14:49:47 [INFO]: MongoDB connected 

yyyy-01-05 14:49:47 [INFO]: Loading Middlewares...
yyyy-01-05 14:49:47 [INFO]: All Middlewares Loaded...

yyyy-01-05 14:49:47 [INFO]: Mounting Routes...
yyyy-01-05 14:49:47 [INFO]: Products Router mounted at: /products
yyyy-01-05 14:49:47 [INFO]: Routes Mounted... 

yyyy-01-05 14:49:47 [INFO]: Server is running at http://localhost:8000 with 16878

yyyy-01-05 14:49:48 [INFO]: Loading App... 

yyyy-01-05 14:49:48 [INFO]: MongoDB connected 

yyyy-01-05 14:49:48 [INFO]: Loading Middlewares...
yyyy-01-05 14:49:48 [INFO]: All Middlewares Loaded...

yyyy-01-05 14:49:48 [INFO]: Mounting Routes...
yyyy-01-05 14:49:48 [INFO]: Products Router mounted at: /products
yyyy-01-05 14:49:48 [INFO]: Routes Mounted... 

yyyy-01-05 14:49:48 [INFO]: Server is running at http://localhost:8000 with 16918

yyyy-01-05 14:49:52 [INFO]: Loading App... 

yyyy-01-05 14:49:52 [INFO]: MongoDB connected 

yyyy-01-05 14:49:52 [INFO]: Loading Middlewares...
yyyy-01-05 14:49:52 [INFO]: All Middlewares Loaded...

yyyy-01-05 14:49:52 [INFO]: Mounting Routes...
yyyy-01-05 14:49:52 [INFO]: Products Router mounted at: /products
yyyy-01-05 14:49:52 [INFO]: Routes Mounted... 

yyyy-01-05 14:49:52 [INFO]: Server is running at http://localhost:8000 with 17000

yyyy-01-05 14:49:56 [INFO]: Loading App... 

yyyy-01-05 14:49:56 [INFO]: MongoDB connected 

yyyy-01-05 14:49:56 [INFO]: Loading Middlewares...
yyyy-01-05 14:49:56 [INFO]: All Middlewares Loaded...

yyyy-01-05 14:49:56 [INFO]: Mounting Routes...
yyyy-01-05 14:49:56 [INFO]: Products Router mounted at: /products
yyyy-01-05 14:49:56 [INFO]: Routes Mounted... 

yyyy-01-05 14:49:56 [INFO]: Server is running at http://localhost:8000 with 17029

yyyy-01-05 14:49:57 [INFO]: Loading App... 

yyyy-01-05 14:49:57 [INFO]: MongoDB connected 

yyyy-01-05 14:49:57 [INFO]: Loading Middlewares...
yyyy-01-05 14:49:57 [INFO]: All Middlewares Loaded...

yyyy-01-05 14:49:57 [INFO]: Mounting Routes...
yyyy-01-05 14:49:57 [INFO]: Products Router mounted at: /products
yyyy-01-05 14:49:57 [INFO]: Routes Mounted... 

yyyy-01-05 14:49:57 [INFO]: Server is running at http://localhost:8000 with 17103

yyyy-01-05 14:50:03 [INFO]: Loading App... 

yyyy-01-05 14:50:03 [INFO]: MongoDB connected 

yyyy-01-05 14:50:03 [INFO]: Loading Middlewares...
yyyy-01-05 14:50:03 [INFO]: All Middlewares Loaded...

yyyy-01-05 14:50:03 [INFO]: Mounting Routes...
yyyy-01-05 14:50:03 [INFO]: Products Router mounted at: /products
yyyy-01-05 14:50:03 [INFO]: Routes Mounted... 

yyyy-01-05 14:50:03 [INFO]: Server is running at http://localhost:8000 with 17225

yyyy-01-05 14:50:03 [INFO]: Loading App... 

yyyy-01-05 14:50:03 [INFO]: MongoDB connected 

yyyy-01-05 14:50:03 [INFO]: Loading Middlewares...
yyyy-01-05 14:50:03 [INFO]: All Middlewares Loaded...

yyyy-01-05 14:50:03 [INFO]: Mounting Routes...
yyyy-01-05 14:50:03 [INFO]: Products Router mounted at: /products
yyyy-01-05 14:50:03 [INFO]: Routes Mounted... 

yyyy-01-05 14:50:03 [INFO]: Server is running at http://localhost:8000 with 17241

yyyy-01-05 14:50:04 [INFO]: Loading App... 

yyyy-01-05 14:50:04 [INFO]: MongoDB connected 

yyyy-01-05 14:50:04 [INFO]: Loading Middlewares...
yyyy-01-05 14:50:04 [INFO]: All Middlewares Loaded...

yyyy-01-05 14:50:04 [INFO]: Mounting Routes...
yyyy-01-05 14:50:04 [INFO]: Products Router mounted at: /products
yyyy-01-05 14:50:04 [INFO]: Routes Mounted... 

yyyy-01-05 14:50:04 [INFO]: Server is running at http://localhost:8000 with 17257

yyyy-01-05 14:50:06 [INFO]: Loading App... 

yyyy-01-05 14:50:06 [INFO]: MongoDB connected 

yyyy-01-05 14:50:06 [INFO]: Loading Middlewares...
yyyy-01-05 14:50:06 [INFO]: All Middlewares Loaded...

yyyy-01-05 14:50:06 [INFO]: Mounting Routes...
yyyy-01-05 14:50:06 [INFO]: Products Router mounted at: /products
yyyy-01-05 14:50:06 [INFO]: Routes Mounted... 

yyyy-01-05 14:50:06 [INFO]: Server is running at http://localhost:8000 with 17298

yyyy-01-05 14:50:06 [INFO]: Loading App... 

yyyy-01-05 14:50:06 [INFO]: MongoDB connected 

yyyy-01-05 14:50:06 [INFO]: Loading Middlewares...
yyyy-01-05 14:50:06 [INFO]: All Middlewares Loaded...

yyyy-01-05 14:50:06 [INFO]: Mounting Routes...
yyyy-01-05 14:50:06 [INFO]: Products Router mounted at: /products
yyyy-01-05 14:50:06 [INFO]: Routes Mounted... 

yyyy-01-05 14:50:06 [INFO]: Server is running at http://localhost:8000 with 17327

yyyy-01-05 14:51:13 [INFO]: Loading App... 

yyyy-01-05 14:51:14 [INFO]: MongoDB connected 

yyyy-01-05 14:51:14 [INFO]: Loading Middlewares...
yyyy-01-05 14:51:14 [INFO]: All Middlewares Loaded...

yyyy-01-05 14:51:14 [INFO]: Mounting Routes...
yyyy-01-05 14:51:14 [INFO]: Products Router mounted at: /products
yyyy-01-05 14:51:14 [INFO]: Routes Mounted... 

yyyy-01-05 14:51:14 [INFO]: Server is running at http://localhost:8000 with 18069

yyyy-01-05 14:51:46 [INFO]: Loading App... 

yyyy-01-05 14:51:46 [INFO]: MongoDB connected 

yyyy-01-05 14:51:46 [INFO]: Loading Middlewares...
yyyy-01-05 14:51:46 [INFO]: All Middlewares Loaded...

yyyy-01-05 14:51:46 [INFO]: Mounting Routes...
yyyy-01-05 14:51:46 [INFO]: Products Router mounted at: /products
yyyy-01-05 14:51:46 [INFO]: Routes Mounted... 

yyyy-01-05 14:51:46 [INFO]: Server is running at http://localhost:8000 with 18177

yyyy-01-05 14:51:47 [INFO]: Loading App... 

yyyy-01-05 14:51:47 [INFO]: MongoDB connected 

yyyy-01-05 14:51:47 [INFO]: Loading Middlewares...
yyyy-01-05 14:51:47 [INFO]: All Middlewares Loaded...

yyyy-01-05 14:51:47 [INFO]: Mounting Routes...
yyyy-01-05 14:51:47 [INFO]: Products Router mounted at: /products
yyyy-01-05 14:51:47 [INFO]: Routes Mounted... 

yyyy-01-05 14:51:47 [INFO]: Server is running at http://localhost:8000 with 18194

yyyy-01-05 14:51:50 [INFO]: Loading App... 

yyyy-01-05 14:51:51 [INFO]: MongoDB connected 

yyyy-01-05 14:51:51 [INFO]: Loading Middlewares...
yyyy-01-05 14:51:51 [INFO]: All Middlewares Loaded...

yyyy-01-05 14:51:51 [INFO]: Mounting Routes...
yyyy-01-05 14:51:51 [INFO]: Products Router mounted at: /products
yyyy-01-05 14:51:51 [INFO]: Routes Mounted... 

yyyy-01-05 14:51:51 [INFO]: Server is running at http://localhost:8000 with 18289

yyyy-01-05 14:51:57 [INFO]: Loading App... 

yyyy-01-05 14:51:57 [INFO]: MongoDB connected 

yyyy-01-05 14:51:57 [INFO]: Loading Middlewares...
yyyy-01-05 14:51:57 [INFO]: All Middlewares Loaded...

yyyy-01-05 14:51:57 [INFO]: Mounting Routes...
yyyy-01-05 14:51:57 [INFO]: Products Router mounted at: /products
yyyy-01-05 14:51:57 [INFO]: Routes Mounted... 

yyyy-01-05 14:51:57 [INFO]: Server is running at http://localhost:8000 with 18363

yyyy-01-05 14:51:59 [INFO]: Loading App... 

yyyy-01-05 14:51:59 [INFO]: MongoDB connected 

yyyy-01-05 14:51:59 [INFO]: Loading Middlewares...
yyyy-01-05 14:51:59 [INFO]: All Middlewares Loaded...

yyyy-01-05 14:51:59 [INFO]: Mounting Routes...
yyyy-01-05 14:51:59 [INFO]: Products Router mounted at: /products
yyyy-01-05 14:51:59 [INFO]: Routes Mounted... 

yyyy-01-05 14:51:59 [INFO]: Server is running at http://localhost:8000 with 18401

yyyy-01-05 14:52:05 [INFO]: Loading App... 

yyyy-01-05 14:52:05 [INFO]: MongoDB connected 

yyyy-01-05 14:52:05 [INFO]: Loading Middlewares...
yyyy-01-05 14:52:05 [INFO]: All Middlewares Loaded...

yyyy-01-05 14:52:05 [INFO]: Mounting Routes...
yyyy-01-05 14:52:05 [INFO]: Products Router mounted at: /products
yyyy-01-05 14:52:05 [INFO]: Routes Mounted... 

yyyy-01-05 14:52:05 [INFO]: Server is running at http://localhost:8000 with 18455

yyyy-01-05 14:52:05 [INFO]: Loading App... 

yyyy-01-05 14:52:05 [INFO]: MongoDB connected 

yyyy-01-05 14:52:05 [INFO]: Loading Middlewares...
yyyy-01-05 14:52:05 [INFO]: All Middlewares Loaded...

yyyy-01-05 14:52:05 [INFO]: Mounting Routes...
yyyy-01-05 14:52:05 [INFO]: Products Router mounted at: /products
yyyy-01-05 14:52:05 [INFO]: Routes Mounted... 

yyyy-01-05 14:52:05 [INFO]: Server is running at http://localhost:8000 with 18471

yyyy-01-05 14:52:05 [INFO]: Loading App... 

yyyy-01-05 14:52:05 [INFO]: MongoDB connected 

yyyy-01-05 14:52:05 [INFO]: Loading Middlewares...
yyyy-01-05 14:52:05 [INFO]: All Middlewares Loaded...

yyyy-01-05 14:52:05 [INFO]: Mounting Routes...
yyyy-01-05 14:52:05 [INFO]: Products Router mounted at: /products
yyyy-01-05 14:52:05 [INFO]: Routes Mounted... 

yyyy-01-05 14:52:05 [INFO]: Server is running at http://localhost:8000 with 18501

yyyy-01-05 14:52:19 [INFO]: Loading App... 

yyyy-01-05 14:52:19 [INFO]: MongoDB connected 

yyyy-01-05 14:52:19 [INFO]: Loading Middlewares...
yyyy-01-05 14:52:19 [INFO]: All Middlewares Loaded...

yyyy-01-05 14:52:19 [INFO]: Mounting Routes...
yyyy-01-05 14:52:19 [INFO]: Products Router mounted at: /products
yyyy-01-05 14:52:19 [INFO]: Routes Mounted... 

yyyy-01-05 14:52:19 [INFO]: Server is running at http://localhost:8000 with 18604

yyyy-01-05 14:52:21 [INFO]: Loading App... 

yyyy-01-05 14:52:21 [INFO]: MongoDB connected 

yyyy-01-05 14:52:21 [INFO]: Loading Middlewares...
yyyy-01-05 14:52:21 [INFO]: All Middlewares Loaded...

yyyy-01-05 14:52:21 [INFO]: Mounting Routes...
yyyy-01-05 14:52:21 [INFO]: Products Router mounted at: /products
yyyy-01-05 14:52:21 [INFO]: Routes Mounted... 

yyyy-01-05 14:52:21 [INFO]: Server is running at http://localhost:8000 with 18655

yyyy-01-05 14:52:23 [INFO]: Loading App... 

yyyy-01-05 14:52:23 [INFO]: MongoDB connected 

yyyy-01-05 14:52:23 [INFO]: Loading Middlewares...
yyyy-01-05 14:52:23 [INFO]: All Middlewares Loaded...

yyyy-01-05 14:52:23 [INFO]: Mounting Routes...
yyyy-01-05 14:52:23 [INFO]: Products Router mounted at: /products
yyyy-01-05 14:52:23 [INFO]: Routes Mounted... 

yyyy-01-05 14:52:23 [INFO]: Server is running at http://localhost:8000 with 18671

yyyy-01-05 14:52:24 [INFO]: Loading App... 

yyyy-01-05 14:52:24 [INFO]: MongoDB connected 

yyyy-01-05 14:52:24 [INFO]: Loading Middlewares...
yyyy-01-05 14:52:24 [INFO]: All Middlewares Loaded...

yyyy-01-05 14:52:24 [INFO]: Mounting Routes...
yyyy-01-05 14:52:24 [INFO]: Products Router mounted at: /products
yyyy-01-05 14:52:24 [INFO]: Routes Mounted... 

yyyy-01-05 14:52:24 [INFO]: Server is running at http://localhost:8000 with 18700

yyyy-01-05 14:52:25 [INFO]: Loading App... 

yyyy-01-05 14:52:25 [INFO]: MongoDB connected 

yyyy-01-05 14:52:25 [INFO]: Loading Middlewares...
yyyy-01-05 14:52:25 [INFO]: All Middlewares Loaded...

yyyy-01-05 14:52:25 [INFO]: Mounting Routes...
yyyy-01-05 14:52:25 [INFO]: Products Router mounted at: /products
yyyy-01-05 14:52:25 [INFO]: Routes Mounted... 

yyyy-01-05 14:52:25 [INFO]: Server is running at http://localhost:8000 with 18722

yyyy-01-05 14:52:26 [INFO]: Loading App... 

yyyy-01-05 14:52:26 [INFO]: MongoDB connected 

yyyy-01-05 14:52:26 [INFO]: Loading Middlewares...
yyyy-01-05 14:52:26 [INFO]: All Middlewares Loaded...

yyyy-01-05 14:52:26 [INFO]: Mounting Routes...
yyyy-01-05 14:52:26 [INFO]: Products Router mounted at: /products
yyyy-01-05 14:52:26 [INFO]: Routes Mounted... 

yyyy-01-05 14:52:26 [INFO]: Server is running at http://localhost:8000 with 18756

yyyy-01-05 14:52:28 [INFO]: Loading App... 

yyyy-01-05 14:52:28 [INFO]: MongoDB connected 

yyyy-01-05 14:52:28 [INFO]: Loading Middlewares...
yyyy-01-05 14:52:28 [INFO]: All Middlewares Loaded...

yyyy-01-05 14:52:28 [INFO]: Mounting Routes...
yyyy-01-05 14:52:28 [INFO]: Products Router mounted at: /products
yyyy-01-05 14:52:28 [INFO]: Routes Mounted... 

yyyy-01-05 14:52:28 [INFO]: Server is running at http://localhost:8000 with 18772

yyyy-01-05 14:52:53 [INFO]: Loading App... 

yyyy-01-05 14:52:53 [INFO]: MongoDB connected 

yyyy-01-05 14:52:53 [INFO]: Loading Middlewares...
yyyy-01-05 14:52:53 [INFO]: All Middlewares Loaded...

yyyy-01-05 14:52:53 [INFO]: Mounting Routes...
yyyy-01-05 14:52:53 [INFO]: Products Router mounted at: /products
yyyy-01-05 14:52:53 [INFO]: Routes Mounted... 

yyyy-01-05 14:52:53 [INFO]: Server is running at http://localhost:8000 with 18896

yyyy-01-05 14:52:58 [INFO]: Loading App... 

yyyy-01-05 14:52:58 [INFO]: MongoDB connected 

yyyy-01-05 14:52:58 [INFO]: Loading Middlewares...
yyyy-01-05 14:52:58 [INFO]: All Middlewares Loaded...

yyyy-01-05 14:52:58 [INFO]: Mounting Routes...
yyyy-01-05 14:52:58 [INFO]: Products Router mounted at: /products
yyyy-01-05 14:52:58 [INFO]: Routes Mounted... 

yyyy-01-05 14:52:58 [INFO]: Server is running at http://localhost:8000 with 18947

yyyy-01-05 14:52:59 [INFO]: Loading App... 

yyyy-01-05 14:52:59 [INFO]: MongoDB connected 

yyyy-01-05 14:52:59 [INFO]: Loading Middlewares...
yyyy-01-05 14:52:59 [INFO]: All Middlewares Loaded...

yyyy-01-05 14:52:59 [INFO]: Mounting Routes...
yyyy-01-05 14:52:59 [INFO]: Products Router mounted at: /products
yyyy-01-05 14:52:59 [INFO]: Routes Mounted... 

yyyy-01-05 14:52:59 [INFO]: Server is running at http://localhost:8000 with 18984

yyyy-01-05 14:53:00 [INFO]: Loading App... 

yyyy-01-05 14:53:00 [INFO]: MongoDB connected 

yyyy-01-05 14:53:00 [INFO]: Loading Middlewares...
yyyy-01-05 14:53:00 [INFO]: All Middlewares Loaded...

yyyy-01-05 14:53:00 [INFO]: Mounting Routes...
yyyy-01-05 14:53:00 [INFO]: Products Router mounted at: /products
yyyy-01-05 14:53:00 [INFO]: Routes Mounted... 

yyyy-01-05 14:53:00 [INFO]: Server is running at http://localhost:8000 with 19000

yyyy-01-05 14:53:07 [INFO]: Loading App... 

yyyy-01-05 14:53:07 [INFO]: MongoDB connected 

yyyy-01-05 14:53:07 [INFO]: Loading Middlewares...
yyyy-01-05 14:53:07 [INFO]: All Middlewares Loaded...

yyyy-01-05 14:53:07 [INFO]: Mounting Routes...
yyyy-01-05 14:53:07 [INFO]: Products Router mounted at: /products
yyyy-01-05 14:53:07 [INFO]: Routes Mounted... 

yyyy-01-05 14:53:07 [INFO]: Server is running at http://localhost:8000 with 19108

yyyy-01-05 14:53:09 [INFO]: Loading App... 

yyyy-01-05 14:53:09 [INFO]: MongoDB connected 

yyyy-01-05 14:53:09 [INFO]: Loading Middlewares...
yyyy-01-05 14:53:09 [INFO]: All Middlewares Loaded...

yyyy-01-05 14:53:09 [INFO]: Mounting Routes...
yyyy-01-05 14:53:09 [INFO]: Products Router mounted at: /products
yyyy-01-05 14:53:09 [INFO]: Routes Mounted... 

yyyy-01-05 14:53:09 [INFO]: Server is running at http://localhost:8000 with 19162

yyyy-01-05 14:53:15 [INFO]: Loading App... 

yyyy-01-05 14:53:15 [INFO]: MongoDB connected 

yyyy-01-05 14:53:15 [INFO]: Loading Middlewares...
yyyy-01-05 14:53:15 [INFO]: All Middlewares Loaded...

yyyy-01-05 14:53:15 [INFO]: Mounting Routes...
yyyy-01-05 14:53:15 [INFO]: Products Router mounted at: /products
yyyy-01-05 14:53:15 [INFO]: Routes Mounted... 

yyyy-01-05 14:53:15 [INFO]: Server is running at http://localhost:8000 with 19226

yyyy-01-05 14:53:16 [INFO]: Loading App... 

yyyy-01-05 14:53:16 [INFO]: MongoDB connected 

yyyy-01-05 14:53:16 [INFO]: Loading Middlewares...
yyyy-01-05 14:53:16 [INFO]: All Middlewares Loaded...

yyyy-01-05 14:53:16 [INFO]: Mounting Routes...
yyyy-01-05 14:53:16 [INFO]: Products Router mounted at: /products
yyyy-01-05 14:53:16 [INFO]: Routes Mounted... 

yyyy-01-05 14:53:16 [INFO]: Server is running at http://localhost:8000 with 19242

yyyy-01-05 14:53:18 [INFO]: Loading App... 

yyyy-01-05 14:53:18 [INFO]: MongoDB connected 

yyyy-01-05 14:53:18 [INFO]: Loading Middlewares...
yyyy-01-05 14:53:18 [INFO]: All Middlewares Loaded...

yyyy-01-05 14:53:18 [INFO]: Mounting Routes...
yyyy-01-05 14:53:18 [INFO]: Products Router mounted at: /products
yyyy-01-05 14:53:18 [INFO]: Routes Mounted... 

yyyy-01-05 14:53:18 [INFO]: Server is running at http://localhost:8000 with 19271

yyyy-01-05 14:53:23 [INFO]: Loading App... 

yyyy-01-05 14:53:23 [INFO]: MongoDB connected 

yyyy-01-05 14:53:23 [INFO]: Loading Middlewares...
yyyy-01-05 14:53:23 [INFO]: All Middlewares Loaded...

yyyy-01-05 14:53:23 [INFO]: Mounting Routes...
yyyy-01-05 14:53:23 [INFO]: Products Router mounted at: /products
yyyy-01-05 14:53:23 [INFO]: Routes Mounted... 

yyyy-01-05 14:53:23 [INFO]: Server is running at http://localhost:8000 with 19335

yyyy-01-05 14:53:23 [INFO]: Loading App... 

yyyy-01-05 14:53:23 [INFO]: MongoDB connected 

yyyy-01-05 14:53:23 [INFO]: Loading Middlewares...
yyyy-01-05 14:53:23 [INFO]: All Middlewares Loaded...

yyyy-01-05 14:53:23 [INFO]: Mounting Routes...
yyyy-01-05 14:53:23 [INFO]: Products Router mounted at: /products
yyyy-01-05 14:53:23 [INFO]: Routes Mounted... 

yyyy-01-05 14:53:23 [INFO]: Server is running at http://localhost:8000 with 19363

yyyy-01-05 14:54:53 [INFO]: Loading App... 

yyyy-01-05 14:54:53 [INFO]: MongoDB connected 

yyyy-01-05 14:54:53 [INFO]: Loading Middlewares...
yyyy-01-05 14:54:53 [INFO]: All Middlewares Loaded...

yyyy-01-05 14:54:53 [INFO]: Mounting Routes...
yyyy-01-05 14:54:53 [INFO]: Products Router mounted at: /products
yyyy-01-05 14:54:53 [INFO]: Routes Mounted... 

yyyy-01-05 14:54:53 [INFO]: Server is running at http://localhost:8000 with 19453

yyyy-01-05 14:54:53 [INFO]: Loading App... 

yyyy-01-05 14:54:53 [INFO]: MongoDB connected 

yyyy-01-05 14:54:53 [INFO]: Loading Middlewares...
yyyy-01-05 14:54:53 [INFO]: All Middlewares Loaded...

yyyy-01-05 14:54:53 [INFO]: Mounting Routes...
yyyy-01-05 14:54:53 [INFO]: Products Router mounted at: /products
yyyy-01-05 14:54:53 [INFO]: Routes Mounted... 

yyyy-01-05 14:54:53 [INFO]: Server is running at http://localhost:8000 with 19470

yyyy-01-05 17:22:28 [INFO]: Loading App... 

yyyy-01-05 17:22:28 [INFO]: MongoDB connected 

yyyy-01-05 17:22:28 [INFO]: Loading Middlewares...
yyyy-01-05 17:22:28 [INFO]: All Middlewares Loaded...

yyyy-01-05 17:22:28 [INFO]: Mounting Routes...
yyyy-01-05 17:22:28 [INFO]: Products Router mounted at: /products
yyyy-01-05 17:22:28 [INFO]: Routes Mounted... 

yyyy-01-05 17:22:28 [INFO]: Server is running at http://localhost:8000 with 23009

yyyy-01-05 19:28:54 [INFO]: Loading App... 

yyyy-01-05 19:28:54 [INFO]: MongoDB connected 

yyyy-01-05 19:28:54 [INFO]: Loading Middlewares...
yyyy-01-05 19:28:54 [INFO]: All Middlewares Loaded...

yyyy-01-05 19:28:54 [INFO]: Mounting Routes...
yyyy-01-05 19:28:54 [INFO]: Products Router mounted at: /products
yyyy-01-05 19:28:54 [INFO]: Routes Mounted... 

yyyy-01-05 19:28:54 [INFO]: Server is running at http://localhost:8000 with 27145

yyyy-01-05 19:35:03 [INFO]: Loading App... 

yyyy-01-05 19:35:03 [INFO]: MongoDB connected 

yyyy-01-05 19:35:03 [INFO]: Loading Middlewares...
yyyy-01-05 19:35:03 [INFO]: All Middlewares Loaded...

yyyy-01-05 19:35:03 [INFO]: Mounting Routes...
yyyy-01-05 19:35:03 [INFO]: Products Router mounted at: /products
yyyy-01-05 19:35:03 [INFO]: Routes Mounted... 

yyyy-01-05 19:35:03 [INFO]: Server is running at http://localhost:8000 with 27436

yyyy-01-05 19:35:09 [INFO]: Loading App... 

yyyy-01-05 19:35:09 [INFO]: MongoDB connected 

yyyy-01-05 19:35:09 [INFO]: Loading Middlewares...
yyyy-01-05 19:35:09 [INFO]: All Middlewares Loaded...

yyyy-01-05 19:35:09 [INFO]: Mounting Routes...
yyyy-01-05 19:35:09 [INFO]: Products Router mounted at: /products
yyyy-01-05 19:35:09 [INFO]: Routes Mounted... 

yyyy-01-05 19:35:09 [INFO]: Server is running at http://localhost:8000 with 27641

yyyy-01-01 11:08:46 [INFO]: Loading App... 

yyyy-01-01 11:08:46 [INFO]: MongoDB connected 

yyyy-01-01 11:08:46 [INFO]: Loading Middlewares...
yyyy-01-01 11:08:46 [INFO]: All Middlewares Loaded...

yyyy-01-01 11:08:46 [INFO]: Mounting Routes...
yyyy-01-01 11:08:46 [INFO]: Products Router mounted at: /products
yyyy-01-01 11:08:46 [INFO]: Routes Mounted... 

yyyy-01-01 11:08:46 [INFO]: Server is running at http://localhost:8000 with 6460

yyyy-01-01 11:10:03 [INFO]: Loading App... 

yyyy-01-01 11:10:03 [INFO]: MongoDB connected 

yyyy-01-01 11:10:03 [INFO]: Loading Middlewares...
yyyy-01-01 11:10:03 [INFO]: All Middlewares Loaded...

yyyy-01-01 11:10:03 [INFO]: Mounting Routes...
yyyy-01-01 11:10:03 [INFO]: Products Router mounted at: /products
yyyy-01-01 11:10:03 [INFO]: Routes Mounted... 

yyyy-01-01 11:10:03 [INFO]: Server is running at http://localhost:8000 with 7011

yyyy-01-01 11:10:06 [INFO]: Loading App... 

yyyy-01-01 11:10:06 [INFO]: MongoDB connected 

yyyy-01-01 11:10:06 [INFO]: Loading Middlewares...
yyyy-01-01 11:10:06 [INFO]: All Middlewares Loaded...

yyyy-01-01 11:10:06 [INFO]: Mounting Routes...
yyyy-01-01 11:10:06 [INFO]: Products Router mounted at: /products
yyyy-01-01 11:10:06 [INFO]: Routes Mounted... 

yyyy-01-01 11:10:06 [INFO]: Server is running at http://localhost:8000 with 7066

yyyy-01-01 11:10:07 [INFO]: Loading App... 

yyyy-01-01 11:10:07 [INFO]: MongoDB connected 

yyyy-01-01 11:10:07 [INFO]: Loading Middlewares...
yyyy-01-01 11:10:07 [INFO]: All Middlewares Loaded...

yyyy-01-01 11:10:07 [INFO]: Mounting Routes...
yyyy-01-01 11:10:07 [INFO]: Products Router mounted at: /products
yyyy-01-01 11:10:07 [INFO]: Routes Mounted... 

yyyy-01-01 11:10:07 [INFO]: Server is running at http://localhost:8000 with 7118

yyyy-01-01 11:10:15 [INFO]: Loading App... 

yyyy-01-01 11:10:15 [INFO]: MongoDB connected 

yyyy-01-01 11:10:15 [INFO]: Loading Middlewares...
yyyy-01-01 11:10:15 [INFO]: All Middlewares Loaded...

yyyy-01-01 11:10:15 [INFO]: Mounting Routes...
yyyy-01-01 11:10:15 [INFO]: Products Router mounted at: /products
yyyy-01-01 11:10:15 [INFO]: Routes Mounted... 

yyyy-01-01 11:10:15 [INFO]: Server is running at http://localhost:8000 with 7223

yyyy-01-01 11:10:16 [INFO]: Loading App... 

yyyy-01-01 11:10:16 [INFO]: MongoDB connected 

yyyy-01-01 11:10:16 [INFO]: Loading Middlewares...
yyyy-01-01 11:10:16 [INFO]: All Middlewares Loaded...

yyyy-01-01 11:10:16 [INFO]: Mounting Routes...
yyyy-01-01 11:10:16 [INFO]: Products Router mounted at: /products
yyyy-01-01 11:10:16 [INFO]: Routes Mounted... 

yyyy-01-01 11:10:16 [INFO]: Server is running at http://localhost:8000 with 7243

yyyy-01-01 11:10:16 [INFO]: Loading App... 

yyyy-01-01 11:10:16 [INFO]: MongoDB connected 

yyyy-01-01 11:10:16 [INFO]: Loading Middlewares...
yyyy-01-01 11:10:16 [INFO]: All Middlewares Loaded...

yyyy-01-01 11:10:16 [INFO]: Mounting Routes...
yyyy-01-01 11:10:16 [INFO]: Products Router mounted at: /products
yyyy-01-01 11:10:16 [INFO]: Routes Mounted... 

yyyy-01-01 11:10:16 [INFO]: Server is running at http://localhost:8000 with 7277

yyyy-01-01 11:10:18 [INFO]: Loading App... 

yyyy-01-01 11:10:18 [INFO]: MongoDB connected 

yyyy-01-01 11:10:18 [INFO]: Loading Middlewares...
yyyy-01-01 11:10:18 [INFO]: All Middlewares Loaded...

yyyy-01-01 11:10:18 [INFO]: Mounting Routes...
yyyy-01-01 11:10:18 [INFO]: Products Router mounted at: /products
yyyy-01-01 11:10:18 [INFO]: Routes Mounted... 

yyyy-01-01 11:10:18 [INFO]: Server is running at http://localhost:8000 with 7302

yyyy-01-01 11:10:20 [INFO]: Loading App... 

yyyy-01-01 11:10:20 [INFO]: MongoDB connected 

yyyy-01-01 11:10:20 [INFO]: Loading Middlewares...
yyyy-01-01 11:10:20 [INFO]: All Middlewares Loaded...

yyyy-01-01 11:10:20 [INFO]: Mounting Routes...
yyyy-01-01 11:10:20 [INFO]: Products Router mounted at: /products
yyyy-01-01 11:10:20 [INFO]: Routes Mounted... 

yyyy-01-01 11:10:20 [INFO]: Server is running at http://localhost:8000 with 7372

yyyy-01-01 11:10:21 [INFO]: Loading App... 

yyyy-01-01 11:10:21 [INFO]: MongoDB connected 

yyyy-01-01 11:10:21 [INFO]: Loading Middlewares...
yyyy-01-01 11:10:21 [INFO]: All Middlewares Loaded...

yyyy-01-01 11:10:21 [INFO]: Mounting Routes...
yyyy-01-01 11:10:21 [INFO]: Products Router mounted at: /products
yyyy-01-01 11:10:21 [INFO]: Routes Mounted... 

yyyy-01-01 11:10:21 [INFO]: Server is running at http://localhost:8000 with 7392

yyyy-01-01 11:10:22 [INFO]: Loading App... 

yyyy-01-01 11:10:22 [INFO]: MongoDB connected 

yyyy-01-01 11:10:22 [INFO]: Loading Middlewares...
yyyy-01-01 11:10:22 [INFO]: All Middlewares Loaded...

yyyy-01-01 11:10:22 [INFO]: Mounting Routes...
yyyy-01-01 11:10:22 [INFO]: Products Router mounted at: /products
yyyy-01-01 11:10:22 [INFO]: Routes Mounted... 

yyyy-01-01 11:10:22 [INFO]: Server is running at http://localhost:8000 with 7469

yyyy-01-01 11:10:23 [INFO]: Loading App... 

yyyy-01-01 11:10:23 [INFO]: MongoDB connected 

yyyy-01-01 11:10:23 [INFO]: Loading Middlewares...
yyyy-01-01 11:10:23 [INFO]: All Middlewares Loaded...

yyyy-01-01 11:10:23 [INFO]: Mounting Routes...
yyyy-01-01 11:10:23 [INFO]: Products Router mounted at: /products
yyyy-01-01 11:10:23 [INFO]: Routes Mounted... 

yyyy-01-01 11:10:23 [INFO]: Server is running at http://localhost:8000 with 7485

yyyy-01-01 11:10:35 [INFO]: Loading App... 

yyyy-01-01 11:10:35 [INFO]: MongoDB connected 

yyyy-01-01 11:10:35 [INFO]: Loading Middlewares...
yyyy-01-01 11:10:35 [INFO]: All Middlewares Loaded...

yyyy-01-01 11:10:35 [INFO]: Mounting Routes...
yyyy-01-01 11:10:35 [INFO]: Products Router mounted at: /products
yyyy-01-01 11:10:35 [INFO]: Routes Mounted... 

yyyy-01-01 11:10:35 [INFO]: Server is running at http://localhost:8000 with 7594

yyyy-01-01 11:10:35 [INFO]: Loading App... 

yyyy-01-01 11:10:35 [INFO]: MongoDB connected 

yyyy-01-01 11:10:35 [INFO]: Loading Middlewares...
yyyy-01-01 11:10:35 [INFO]: All Middlewares Loaded...

yyyy-01-01 11:10:35 [INFO]: Mounting Routes...
yyyy-01-01 11:10:35 [INFO]: Products Router mounted at: /products
yyyy-01-01 11:10:35 [INFO]: Routes Mounted... 

yyyy-01-01 11:10:35 [INFO]: Server is running at http://localhost:8000 with 7622

yyyy-01-01 11:10:39 [INFO]: Loading App... 

yyyy-01-01 11:10:39 [INFO]: MongoDB connected 

yyyy-01-01 11:10:39 [INFO]: Loading Middlewares...
yyyy-01-01 11:10:39 [INFO]: All Middlewares Loaded...

yyyy-01-01 11:10:39 [INFO]: Mounting Routes...
yyyy-01-01 11:10:39 [INFO]: Products Router mounted at: /products
yyyy-01-01 11:10:39 [INFO]: Routes Mounted... 

yyyy-01-01 11:10:39 [INFO]: Server is running at http://localhost:8000 with 7661

yyyy-01-01 11:11:04 [INFO]: Loading App... 

yyyy-01-01 11:11:04 [INFO]: MongoDB connected 

yyyy-01-01 11:11:04 [INFO]: Loading Middlewares...
yyyy-01-01 11:11:04 [INFO]: All Middlewares Loaded...

yyyy-01-01 11:11:04 [INFO]: Mounting Routes...
yyyy-01-01 11:11:04 [INFO]: Products Router mounted at: /products
yyyy-01-01 11:11:04 [INFO]: Routes Mounted... 

yyyy-01-01 11:11:04 [INFO]: Server is running at http://localhost:8000 with 7740

yyyy-01-01 11:11:06 [INFO]: Loading App... 

yyyy-01-01 11:11:06 [INFO]: MongoDB connected 

yyyy-01-01 11:11:06 [INFO]: Loading Middlewares...
yyyy-01-01 11:11:06 [INFO]: All Middlewares Loaded...

yyyy-01-01 11:11:06 [INFO]: Mounting Routes...
yyyy-01-01 11:11:06 [INFO]: Products Router mounted at: /products
yyyy-01-01 11:11:06 [INFO]: Routes Mounted... 

yyyy-01-01 11:11:06 [INFO]: Server is running at http://localhost:8000 with 7770

yyyy-01-01 11:11:46 [INFO]: Loading App... 

yyyy-01-01 11:11:46 [INFO]: MongoDB connected 

yyyy-01-01 11:11:47 [INFO]: Loading App... 

yyyy-01-01 11:11:47 [INFO]: MongoDB connected 

yyyy-01-01 11:11:47 [INFO]: Loading Middlewares...
yyyy-01-01 11:11:47 [INFO]: All Middlewares Loaded...

yyyy-01-01 11:11:47 [INFO]: Mounting Routes...
yyyy-01-01 11:11:47 [INFO]: Products Router mounted at: /products
yyyy-01-01 11:11:47 [INFO]: Routes Mounted... 

yyyy-01-01 11:11:47 [INFO]: Server is running at http://localhost:8000 with 8319

yyyy-01-01 11:11:48 [INFO]: Loading App... 

yyyy-01-01 11:11:48 [INFO]: MongoDB connected 

yyyy-01-01 11:11:48 [INFO]: Loading Middlewares...
yyyy-01-01 11:11:48 [INFO]: All Middlewares Loaded...

yyyy-01-01 11:11:48 [INFO]: Mounting Routes...
yyyy-01-01 11:11:48 [INFO]: Products Router mounted at: /products
yyyy-01-01 11:11:48 [INFO]: Routes Mounted... 

yyyy-01-01 11:11:48 [INFO]: Server is running at http://localhost:8000 with 8335

yyyy-01-01 11:11:49 [INFO]: Loading App... 

yyyy-01-01 11:11:49 [INFO]: MongoDB connected 

yyyy-01-01 11:11:49 [INFO]: Loading Middlewares...
yyyy-01-01 11:11:49 [INFO]: All Middlewares Loaded...

yyyy-01-01 11:11:49 [INFO]: Mounting Routes...
yyyy-01-01 11:11:49 [INFO]: Products Router mounted at: /products
yyyy-01-01 11:11:49 [INFO]: Routes Mounted... 

yyyy-01-01 11:11:49 [INFO]: Server is running at http://localhost:8000 with 8386

yyyy-01-01 11:11:52 [INFO]: Loading App... 

yyyy-01-01 11:11:52 [INFO]: MongoDB connected 

yyyy-01-01 11:11:52 [INFO]: Loading Middlewares...
yyyy-01-01 11:11:52 [INFO]: All Middlewares Loaded...

yyyy-01-01 11:11:52 [INFO]: Mounting Routes...
yyyy-01-01 11:11:52 [INFO]: Products Router mounted at: /products
yyyy-01-01 11:11:52 [INFO]: Routes Mounted... 

yyyy-01-01 11:11:52 [INFO]: Server is running at http://localhost:8000 with 8440

yyyy-01-01 11:11:52 [INFO]: Loading App... 

yyyy-01-01 11:11:52 [INFO]: MongoDB connected 

yyyy-01-01 11:11:52 [INFO]: Loading Middlewares...
yyyy-01-01 11:11:52 [INFO]: All Middlewares Loaded...

yyyy-01-01 11:11:52 [INFO]: Mounting Routes...
yyyy-01-01 11:11:52 [INFO]: Products Router mounted at: /products
yyyy-01-01 11:11:52 [INFO]: Routes Mounted... 

yyyy-01-01 11:11:52 [INFO]: Server is running at http://localhost:8000 with 8456

yyyy-01-01 11:12:02 [INFO]: Loading App... 

yyyy-01-01 11:12:02 [INFO]: MongoDB connected 

yyyy-01-01 11:12:02 [INFO]: Loading Middlewares...
yyyy-01-01 11:12:02 [INFO]: All Middlewares Loaded...

yyyy-01-01 11:12:02 [INFO]: Mounting Routes...
yyyy-01-01 11:12:02 [INFO]: Products Router mounted at: /products
yyyy-01-01 11:12:02 [INFO]: Routes Mounted... 

yyyy-01-01 11:12:02 [INFO]: Server is running at http://localhost:8000 with 8598

yyyy-01-01 11:12:02 [INFO]: Loading App... 

yyyy-01-01 11:12:02 [INFO]: MongoDB connected 

yyyy-01-01 11:12:02 [INFO]: Loading Middlewares...
yyyy-01-01 11:12:02 [INFO]: All Middlewares Loaded...

yyyy-01-01 11:12:02 [INFO]: Mounting Routes...
yyyy-01-01 11:12:02 [INFO]: Products Router mounted at: /products
yyyy-01-01 11:12:02 [INFO]: Routes Mounted... 

yyyy-01-01 11:12:02 [INFO]: Server is running at http://localhost:8000 with 8613

yyyy-01-01 11:12:04 [INFO]: Loading App... 

yyyy-01-01 11:12:04 [INFO]: MongoDB connected 

yyyy-01-01 11:12:04 [INFO]: Loading Middlewares...
yyyy-01-01 11:12:04 [INFO]: All Middlewares Loaded...

yyyy-01-01 11:12:04 [INFO]: Mounting Routes...
yyyy-01-01 11:12:04 [INFO]: Products Router mounted at: /products
yyyy-01-01 11:12:04 [INFO]: Routes Mounted... 

yyyy-01-01 11:12:04 [INFO]: Server is running at http://localhost:8000 with 8661

yyyy-01-01 11:12:04 [INFO]: Loading App... 

yyyy-01-01 11:12:04 [INFO]: MongoDB connected 

yyyy-01-01 11:12:04 [INFO]: Loading Middlewares...
yyyy-01-01 11:12:04 [INFO]: All Middlewares Loaded...

yyyy-01-01 11:12:04 [INFO]: Mounting Routes...
yyyy-01-01 11:12:04 [INFO]: Products Router mounted at: /products
yyyy-01-01 11:12:04 [INFO]: Routes Mounted... 

yyyy-01-01 11:12:04 [INFO]: Server is running at http://localhost:8000 with 8676

yyyy-01-01 11:12:06 [INFO]: Loading App... 

yyyy-01-01 11:12:06 [INFO]: MongoDB connected 

yyyy-01-01 11:12:06 [INFO]: Loading Middlewares...
yyyy-01-01 11:12:06 [INFO]: All Middlewares Loaded...

yyyy-01-01 11:12:06 [INFO]: Mounting Routes...
yyyy-01-01 11:12:06 [INFO]: Products Router mounted at: /products
yyyy-01-01 11:12:06 [INFO]: Routes Mounted... 

yyyy-01-01 11:12:06 [INFO]: Server is running at http://localhost:8000 with 8719

yyyy-01-01 12:34:08 [INFO]: Loading App... 

yyyy-01-01 12:34:08 [INFO]: MongoDB connected 

yyyy-01-01 12:34:08 [INFO]: Loading Middlewares...
yyyy-01-01 12:34:08 [INFO]: All Middlewares Loaded...

yyyy-01-01 12:34:08 [INFO]: Mounting Routes...
yyyy-01-01 12:34:08 [INFO]: Products Router mounted at: /products
yyyy-01-01 12:34:08 [INFO]: Routes Mounted... 

yyyy-01-01 12:34:08 [INFO]: Server is running at http://localhost:8000 with 12348

yyyy-01-01 12:37:21 [INFO]: Loading App... 

yyyy-01-01 12:37:21 [INFO]: MongoDB connected 

yyyy-01-01 12:37:21 [INFO]: Loading Middlewares...
yyyy-01-01 12:37:21 [INFO]: All Middlewares Loaded...

yyyy-01-01 12:37:21 [INFO]: Mounting Routes...
yyyy-01-01 12:37:21 [INFO]: Products Router mounted at: /products
yyyy-01-01 12:37:21 [INFO]: Routes Mounted... 

yyyy-01-01 12:37:21 [INFO]: Server is running at http://localhost:8000 with 12594

yyyy-01-01 12:37:26 [INFO]: Loading App... 

yyyy-01-01 12:37:26 [INFO]: MongoDB connected 

yyyy-01-01 12:37:26 [INFO]: Loading Middlewares...
yyyy-01-01 12:37:26 [INFO]: All Middlewares Loaded...

yyyy-01-01 12:37:26 [INFO]: Mounting Routes...
yyyy-01-01 12:37:26 [INFO]: Products Router mounted at: /products
yyyy-01-01 12:37:26 [INFO]: Routes Mounted... 

yyyy-01-01 12:37:26 [INFO]: Server is running at http://localhost:8000 with 12653

yyyy-01-02 13:04:30 [INFO]: Loading App... 

yyyy-01-02 13:04:30 [INFO]: MongoDB connected 

yyyy-01-02 13:04:30 [INFO]: Loading Middlewares...
yyyy-01-02 13:04:30 [INFO]: All Middlewares Loaded...

yyyy-01-02 13:04:30 [INFO]: Mounting Routes...
yyyy-01-02 13:04:30 [INFO]: Products Router mounted at: /products
yyyy-01-02 13:04:30 [INFO]: Routes Mounted... 

yyyy-01-02 13:04:30 [INFO]: Server is running at http://localhost:8000 with 29270

yyyy-02-00 14:55:15 [INFO]: Loading App... 

yyyy-02-00 14:55:15 [INFO]: MongoDB connected 

yyyy-02-00 14:55:15 [INFO]: Loading Middlewares...
yyyy-02-00 14:55:15 [INFO]: All Middlewares Loaded...

yyyy-02-00 14:55:15 [INFO]: Mounting Routes...
yyyy-02-00 14:55:15 [INFO]: Products Router mounted at: /products
yyyy-02-00 14:55:15 [INFO]: Routes Mounted... 

yyyy-02-00 14:55:15 [INFO]: Server is running at http://localhost:8000 with 2940859

yyyy-02-00 15:13:11 [INFO]: Loading App... 

yyyy-02-00 15:13:11 [INFO]: MongoDB connected 

yyyy-02-00 15:13:11 [INFO]: Loading Middlewares...
yyyy-02-00 15:13:11 [INFO]: All Middlewares Loaded...

yyyy-02-00 15:13:11 [INFO]: Mounting Routes...
yyyy-02-00 15:13:11 [INFO]: Products Router mounted at: /products
yyyy-02-00 15:13:11 [INFO]: Routes Mounted... 

yyyy-02-00 15:13:11 [INFO]: Server is running at http://localhost:8000 with 2948077

yyyy-02-00 15:13:13 [INFO]: Loading App... 

yyyy-02-00 15:13:13 [INFO]: MongoDB connected 

yyyy-02-00 15:13:13 [INFO]: Loading Middlewares...
yyyy-02-00 15:13:13 [INFO]: All Middlewares Loaded...

yyyy-02-00 15:13:13 [INFO]: Mounting Routes...
yyyy-02-00 15:13:13 [INFO]: Products Router mounted at: /products
yyyy-02-00 15:13:13 [INFO]: Routes Mounted... 

yyyy-02-00 15:13:13 [INFO]: Server is running at http://localhost:8000 with 2948177

yyyy-02-00 15:13:43 [INFO]: Loading App... 

yyyy-02-00 15:13:43 [INFO]: MongoDB connected 

yyyy-02-00 15:13:43 [INFO]: Loading Middlewares...
yyyy-02-00 15:13:43 [INFO]: All Middlewares Loaded...

yyyy-02-00 15:13:43 [INFO]: Mounting Routes...
yyyy-02-00 15:13:43 [INFO]: Products Router mounted at: /products
yyyy-02-00 15:13:43 [INFO]: Routes Mounted... 

yyyy-02-00 15:13:43 [INFO]: Server is running at http://localhost:8000 with 2948723

yyyy-02-00 15:13:58 [INFO]: Loading App... 

yyyy-02-00 15:13:58 [INFO]: MongoDB connected 

yyyy-02-00 15:13:58 [INFO]: Loading Middlewares...
yyyy-02-00 15:13:58 [INFO]: All Middlewares Loaded...

yyyy-02-00 15:13:58 [INFO]: Mounting Routes...
yyyy-02-00 15:13:58 [INFO]: Products Router mounted at: /products
yyyy-02-00 15:13:58 [INFO]: Routes Mounted... 

yyyy-02-00 15:13:58 [INFO]: Server is running at http://localhost:8000 with 2949073

yyyy-02-00 15:14:01 [INFO]: Loading App... 

yyyy-02-00 15:14:01 [INFO]: MongoDB connected 

yyyy-02-00 15:14:01 [INFO]: Loading Middlewares...
yyyy-02-00 15:14:01 [INFO]: All Middlewares Loaded...

yyyy-02-00 15:14:01 [INFO]: Mounting Routes...
yyyy-02-00 15:14:01 [INFO]: Products Router mounted at: /products
yyyy-02-00 15:14:01 [INFO]: Routes Mounted... 

yyyy-02-00 15:14:01 [INFO]: Server is running at http://localhost:8000 with 2949172

yyyy-02-00 15:14:14 [INFO]: Loading App... 

yyyy-02-00 15:14:14 [INFO]: MongoDB connected 

yyyy-02-00 15:14:14 [INFO]: Loading Middlewares...
yyyy-02-00 15:14:14 [INFO]: All Middlewares Loaded...

yyyy-02-00 15:14:14 [INFO]: Mounting Routes...
yyyy-02-00 15:14:14 [INFO]: Products Router mounted at: /products
yyyy-02-00 15:14:14 [INFO]: Routes Mounted... 

yyyy-02-00 15:14:14 [INFO]: Server is running at http://localhost:8000 with 2949471

yyyy-02-00 15:14:19 [INFO]: Loading App... 

yyyy-02-00 15:14:19 [INFO]: MongoDB connected 

yyyy-02-00 15:14:19 [INFO]: Loading Middlewares...
yyyy-02-00 15:14:19 [INFO]: All Middlewares Loaded...

yyyy-02-00 15:14:19 [INFO]: Mounting Routes...
yyyy-02-00 15:14:19 [INFO]: Products Router mounted at: /products
yyyy-02-00 15:14:19 [INFO]: Routes Mounted... 

yyyy-02-00 15:14:19 [INFO]: Server is running at http://localhost:8000 with 2949596

yyyy-02-00 15:15:17 [INFO]: Loading App... 

yyyy-02-00 15:15:17 [INFO]: MongoDB connected 

yyyy-02-00 15:15:17 [INFO]: Loading Middlewares...
yyyy-02-00 15:15:17 [INFO]: All Middlewares Loaded...

yyyy-02-00 15:15:17 [INFO]: Mounting Routes...
yyyy-02-00 15:15:17 [INFO]: Products Router mounted at: /products
yyyy-02-00 15:15:17 [INFO]: Routes Mounted... 

yyyy-02-00 15:15:17 [INFO]: Server is running at http://localhost:8000 with 2950103

yyyy-02-00 15:16:54 [INFO]: Loading App... 

yyyy-02-00 15:16:54 [INFO]: MongoDB connected 

yyyy-02-00 15:16:54 [INFO]: Loading Middlewares...
yyyy-02-00 15:16:54 [INFO]: All Middlewares Loaded...

yyyy-02-00 15:16:54 [INFO]: Mounting Routes...
yyyy-02-00 15:16:54 [INFO]: Products Router mounted at: /products
yyyy-02-00 15:16:54 [INFO]: Routes Mounted... 

yyyy-02-00 15:16:54 [INFO]: Server is running at http://localhost:8000 with 2950848

yyyy-02-00 15:16:56 [INFO]: Loading App... 

yyyy-02-00 15:16:56 [INFO]: MongoDB connected 

yyyy-02-00 15:16:56 [INFO]: Loading Middlewares...
yyyy-02-00 15:16:56 [INFO]: All Middlewares Loaded...

yyyy-02-00 15:16:56 [INFO]: Mounting Routes...
yyyy-02-00 15:16:56 [INFO]: Products Router mounted at: /products
yyyy-02-00 15:16:56 [INFO]: Routes Mounted... 

yyyy-02-00 15:16:56 [INFO]: Server is running at http://localhost:8000 with 2950887

yyyy-02-00 15:17:01 [INFO]: Loading App... 

yyyy-02-00 15:17:01 [INFO]: MongoDB connected 

yyyy-02-00 15:17:01 [INFO]: Loading Middlewares...
yyyy-02-00 15:17:01 [INFO]: All Middlewares Loaded...

yyyy-02-00 15:17:01 [INFO]: Mounting Routes...
yyyy-02-00 15:17:01 [INFO]: Products Router mounted at: /products
yyyy-02-00 15:17:01 [INFO]: Routes Mounted... 

yyyy-02-00 15:17:01 [INFO]: Server is running at http://localhost:8000 with 2951010

yyyy-02-00 15:17:05 [INFO]: Loading App... 

yyyy-02-00 15:17:05 [INFO]: MongoDB connected 

yyyy-02-00 15:17:05 [INFO]: Loading Middlewares...
yyyy-02-00 15:17:05 [INFO]: All Middlewares Loaded...

yyyy-02-00 15:17:05 [INFO]: Mounting Routes...
yyyy-02-00 15:17:05 [INFO]: Products Router mounted at: /products
yyyy-02-00 15:17:05 [INFO]: Routes Mounted... 

yyyy-02-00 15:17:05 [INFO]: Server is running at http://localhost:8000 with 2951109

yyyy-02-00 15:17:12 [INFO]: Loading App... 

yyyy-02-00 15:17:12 [INFO]: MongoDB connected 

yyyy-02-00 15:17:12 [INFO]: Loading Middlewares...
yyyy-02-00 15:17:12 [INFO]: All Middlewares Loaded...

yyyy-02-00 15:17:12 [INFO]: Mounting Routes...
yyyy-02-00 15:17:12 [INFO]: Products Router mounted at: /products
yyyy-02-00 15:17:12 [INFO]: Routes Mounted... 

yyyy-02-00 15:17:12 [INFO]: Server is running at http://localhost:8000 with 2951265

yyyy-02-00 15:17:47 [INFO]: Loading App... 

yyyy-02-00 15:17:47 [INFO]: MongoDB connected 

yyyy-02-00 15:17:47 [INFO]: Loading Middlewares...
yyyy-02-00 15:17:47 [INFO]: All Middlewares Loaded...

yyyy-02-00 15:17:47 [INFO]: Mounting Routes...
yyyy-02-00 15:17:47 [INFO]: Products Router mounted at: /products
yyyy-02-00 15:17:47 [INFO]: Routes Mounted... 

yyyy-02-00 15:17:47 [INFO]: Server is running at http://localhost:8000 with 2951630

yyyy-02-00 15:17:49 [INFO]: Loading App... 

yyyy-02-00 15:17:49 [INFO]: MongoDB connected 

yyyy-02-00 15:17:49 [INFO]: Loading Middlewares...
yyyy-02-00 15:17:49 [INFO]: All Middlewares Loaded...

yyyy-02-00 15:17:49 [INFO]: Mounting Routes...
yyyy-02-00 15:17:49 [INFO]: Products Router mounted at: /products
yyyy-02-00 15:17:49 [INFO]: Routes Mounted... 

yyyy-02-00 15:17:49 [INFO]: Server is running at http://localhost:8000 with 2951729

yyyy-02-00 15:17:55 [INFO]: Loading App... 

yyyy-02-00 15:17:55 [INFO]: MongoDB connected 

yyyy-02-00 15:17:55 [INFO]: Loading Middlewares...
yyyy-02-00 15:17:55 [INFO]: All Middlewares Loaded...

yyyy-02-00 15:17:55 [INFO]: Mounting Routes...
yyyy-02-00 15:17:55 [INFO]: Products Router mounted at: /products
yyyy-02-00 15:17:55 [INFO]: Routes Mounted... 

yyyy-02-00 15:17:55 [INFO]: Server is running at http://localhost:8000 with 2951837

yyyy-02-00 15:17:59 [INFO]: Loading App... 

yyyy-02-00 15:17:59 [INFO]: MongoDB connected 

yyyy-02-00 15:17:59 [INFO]: Loading Middlewares...
yyyy-02-00 15:17:59 [INFO]: All Middlewares Loaded...

yyyy-02-00 15:17:59 [INFO]: Mounting Routes...
yyyy-02-00 15:17:59 [INFO]: Products Router mounted at: /products
yyyy-02-00 15:17:59 [INFO]: Routes Mounted... 

yyyy-02-00 15:17:59 [INFO]: Server is running at http://localhost:8000 with 2951913

yyyy-02-00 15:18:02 [INFO]: Loading App... 

yyyy-02-00 15:18:02 [INFO]: MongoDB connected 

yyyy-02-00 15:18:02 [INFO]: Loading Middlewares...
yyyy-02-00 15:18:02 [INFO]: All Middlewares Loaded...

yyyy-02-00 15:18:02 [INFO]: Mounting Routes...
yyyy-02-00 15:18:02 [INFO]: Products Router mounted at: /products
yyyy-02-00 15:18:02 [INFO]: Routes Mounted... 

yyyy-02-00 15:18:02 [INFO]: Server is running at http://localhost:8000 with 2951963

yyyy-02-00 15:18:28 [INFO]: Loading App... 

yyyy-02-00 15:18:28 [INFO]: MongoDB connected 

yyyy-02-00 15:18:28 [INFO]: Loading Middlewares...
yyyy-02-00 15:18:28 [INFO]: All Middlewares Loaded...

yyyy-02-00 15:18:28 [INFO]: Mounting Routes...
yyyy-02-00 15:18:28 [INFO]: Products Router mounted at: /products
yyyy-02-00 15:18:28 [INFO]: Routes Mounted... 

yyyy-02-00 15:18:28 [INFO]: Server is running at http://localhost:8000 with 2952233

yyyy-02-00 15:18:30 [INFO]: Loading App... 

yyyy-02-00 15:18:30 [INFO]: MongoDB connected 

yyyy-02-00 15:18:30 [INFO]: Loading Middlewares...
yyyy-02-00 15:18:30 [INFO]: All Middlewares Loaded...

yyyy-02-00 15:18:30 [INFO]: Mounting Routes...
yyyy-02-00 15:18:30 [INFO]: Products Router mounted at: /products
yyyy-02-00 15:18:30 [INFO]: Routes Mounted... 

yyyy-02-00 15:18:30 [INFO]: Server is running at http://localhost:8000 with 2952345

yyyy-02-00 15:18:35 [INFO]: Loading App... 

yyyy-02-00 15:18:35 [INFO]: MongoDB connected 

yyyy-02-00 15:18:35 [INFO]: Loading Middlewares...
yyyy-02-00 15:18:35 [INFO]: All Middlewares Loaded...

yyyy-02-00 15:18:35 [INFO]: Mounting Routes...
yyyy-02-00 15:18:35 [INFO]: Products Router mounted at: /products
yyyy-02-00 15:18:35 [INFO]: Routes Mounted... 

yyyy-02-00 15:18:35 [INFO]: Server is running at http://localhost:8000 with 2952439

yyyy-02-00 15:19:10 [INFO]: Loading App... 

yyyy-02-00 15:19:10 [INFO]: MongoDB connected 

yyyy-02-00 15:19:10 [INFO]: Loading Middlewares...
yyyy-02-00 15:19:10 [INFO]: All Middlewares Loaded...

yyyy-02-00 15:19:10 [INFO]: Mounting Routes...
yyyy-02-00 15:19:10 [INFO]: Products Router mounted at: /products
yyyy-02-00 15:19:10 [INFO]: Routes Mounted... 

yyyy-02-00 15:19:10 [INFO]: Server is running at http://localhost:8000 with 2952782

yyyy-02-00 15:19:11 [INFO]: Loading App... 

yyyy-02-00 15:19:11 [INFO]: MongoDB connected 

yyyy-02-00 15:19:11 [INFO]: Loading Middlewares...
yyyy-02-00 15:19:11 [INFO]: All Middlewares Loaded...

yyyy-02-00 15:19:11 [INFO]: Mounting Routes...
yyyy-02-00 15:19:11 [INFO]: Products Router mounted at: /products
yyyy-02-00 15:19:11 [INFO]: Routes Mounted... 

yyyy-02-00 15:19:11 [INFO]: Server is running at http://localhost:8000 with 2952849

yyyy-02-00 15:19:21 [INFO]: Loading App... 

yyyy-02-00 15:19:21 [INFO]: MongoDB connected 

yyyy-02-00 15:19:21 [INFO]: Loading Middlewares...
yyyy-02-00 15:19:21 [INFO]: All Middlewares Loaded...

yyyy-02-00 15:19:21 [INFO]: Mounting Routes...
yyyy-02-00 15:19:21 [INFO]: Products Router mounted at: /products
yyyy-02-00 15:19:21 [INFO]: Routes Mounted... 

yyyy-02-00 15:19:21 [INFO]: Server is running at http://localhost:8000 with 2953028

yyyy-02-00 15:19:59 [INFO]: Loading App... 

yyyy-02-00 15:19:59 [INFO]: MongoDB connected 

yyyy-02-00 15:19:59 [INFO]: Loading Middlewares...
yyyy-02-00 15:19:59 [INFO]: All Middlewares Loaded...

yyyy-02-00 15:19:59 [INFO]: Mounting Routes...
yyyy-02-00 15:19:59 [INFO]: Products Router mounted at: /products
yyyy-02-00 15:19:59 [INFO]: Routes Mounted... 

yyyy-02-00 15:19:59 [INFO]: Server is running at http://localhost:8000 with 2953411

yyyy-02-00 15:25:45 [INFO]: Loading App... 

yyyy-02-00 15:25:45 [INFO]: MongoDB connected 

yyyy-02-00 15:25:45 [INFO]: Loading Middlewares...
yyyy-02-00 15:25:45 [INFO]: All Middlewares Loaded...

yyyy-02-00 15:25:45 [INFO]: Mounting Routes...
yyyy-02-00 15:25:45 [INFO]: Products Router mounted at: /products
yyyy-02-00 15:25:45 [INFO]: Routes Mounted... 

yyyy-02-00 15:25:45 [INFO]: Server is running at http://localhost:8000 with 2955657

yyyy-02-00 15:25:47 [INFO]: Loading App... 

yyyy-02-00 15:25:47 [INFO]: MongoDB connected 

yyyy-02-00 15:25:47 [INFO]: Loading Middlewares...
yyyy-02-00 15:25:47 [INFO]: All Middlewares Loaded...

yyyy-02-00 15:25:47 [INFO]: Mounting Routes...
yyyy-02-00 15:25:47 [INFO]: Products Router mounted at: /products
yyyy-02-00 15:25:47 [INFO]: Routes Mounted... 

yyyy-02-00 15:25:47 [INFO]: Server is running at http://localhost:8000 with 2955760

yyyy-02-00 16:06:17 [INFO]: Loading App... 

yyyy-02-00 16:06:17 [INFO]: MongoDB connected 

yyyy-02-00 16:06:17 [INFO]: Loading Middlewares...
yyyy-02-00 16:06:17 [INFO]: All Middlewares Loaded...

yyyy-02-00 16:06:17 [INFO]: Mounting Routes...
yyyy-02-00 16:06:17 [INFO]: Products Router mounted at: /products
yyyy-02-00 16:06:17 [INFO]: Routes Mounted... 

yyyy-02-00 16:06:17 [INFO]: Server is running at http://localhost:8000 with 2972026

yyyy-02-00 16:06:20 [INFO]: Loading App... 

yyyy-02-00 16:06:20 [INFO]: MongoDB connected 

yyyy-02-00 16:06:20 [INFO]: Loading Middlewares...
yyyy-02-00 16:06:20 [INFO]: All Middlewares Loaded...

yyyy-02-00 16:06:20 [INFO]: Mounting Routes...
yyyy-02-00 16:06:20 [INFO]: Products Router mounted at: /products
yyyy-02-00 16:06:20 [INFO]: Routes Mounted... 

yyyy-02-00 16:06:20 [INFO]: Server is running at http://localhost:8000 with 2972127

yyyy-02-00 16:35:08 [INFO]: Loading App... 

yyyy-02-00 16:35:08 [INFO]: MongoDB connected 

yyyy-02-00 16:35:08 [INFO]: Loading Middlewares...
yyyy-02-00 16:35:08 [INFO]: All Middlewares Loaded...

yyyy-02-00 16:35:08 [INFO]: Mounting Routes...
yyyy-02-00 16:35:08 [INFO]: Products Router mounted at: /products
yyyy-02-00 16:35:08 [INFO]: Routes Mounted... 

yyyy-02-00 16:35:08 [INFO]: Server is running at http://localhost:8000 with 2983658

yyyy-02-00 16:35:11 [INFO]: Loading App... 

yyyy-02-00 16:35:11 [INFO]: MongoDB connected 

yyyy-02-00 16:35:11 [INFO]: Loading Middlewares...
yyyy-02-00 16:35:11 [INFO]: All Middlewares Loaded...

yyyy-02-00 16:35:11 [INFO]: Mounting Routes...
yyyy-02-00 16:35:11 [INFO]: Products Router mounted at: /products
yyyy-02-00 16:35:11 [INFO]: Routes Mounted... 

yyyy-02-00 16:35:11 [INFO]: Server is running at http://localhost:8000 with 2983768

yyyy-02-00 16:35:12 [INFO]: Loading App... 

yyyy-02-00 16:35:12 [INFO]: MongoDB connected 

yyyy-02-00 16:35:12 [INFO]: Loading Middlewares...
yyyy-02-00 16:35:12 [INFO]: All Middlewares Loaded...

yyyy-02-00 16:35:12 [INFO]: Mounting Routes...
yyyy-02-00 16:35:12 [INFO]: Products Router mounted at: /products
yyyy-02-00 16:35:12 [INFO]: Routes Mounted... 

yyyy-02-00 16:35:12 [INFO]: Server is running at http://localhost:8000 with 2983794

yyyy-02-00 16:35:15 [INFO]: Loading App... 

yyyy-02-00 16:35:15 [INFO]: MongoDB connected 

yyyy-02-00 16:35:15 [INFO]: Loading Middlewares...
yyyy-02-00 16:35:15 [INFO]: All Middlewares Loaded...

yyyy-02-00 16:35:15 [INFO]: Mounting Routes...
yyyy-02-00 16:35:15 [INFO]: Products Router mounted at: /products
yyyy-02-00 16:35:15 [INFO]: Routes Mounted... 

yyyy-02-00 16:35:15 [INFO]: Server is running at http://localhost:8000 with 2983886

yyyy-02-00 16:36:41 [INFO]: Loading App... 

yyyy-02-00 16:36:41 [INFO]: MongoDB connected 

yyyy-02-00 16:36:41 [INFO]: Loading Middlewares...
yyyy-02-00 16:36:41 [INFO]: All Middlewares Loaded...

yyyy-02-00 16:36:41 [INFO]: Mounting Routes...
yyyy-02-00 16:36:41 [INFO]: Products Router mounted at: /products
yyyy-02-00 16:36:41 [INFO]: Routes Mounted... 

yyyy-02-00 16:36:41 [INFO]: Server is running at http://localhost:8000 with 2984516

yyyy-02-00 16:36:43 [INFO]: Loading App... 

yyyy-02-00 16:36:43 [INFO]: MongoDB connected 

yyyy-02-00 16:36:43 [INFO]: Loading Middlewares...
yyyy-02-00 16:36:43 [INFO]: All Middlewares Loaded...

yyyy-02-00 16:36:43 [INFO]: Mounting Routes...
yyyy-02-00 16:36:43 [INFO]: Products Router mounted at: /products
yyyy-02-00 16:36:43 [INFO]: Routes Mounted... 

yyyy-02-00 16:36:43 [INFO]: Server is running at http://localhost:8000 with 2984626

yyyy-02-00 16:36:44 [INFO]: Loading App... 

yyyy-02-00 16:36:45 [INFO]: MongoDB connected 

yyyy-02-00 16:36:45 [INFO]: Loading Middlewares...
yyyy-02-00 16:36:45 [INFO]: All Middlewares Loaded...

yyyy-02-00 16:36:45 [INFO]: Mounting Routes...
yyyy-02-00 16:36:45 [INFO]: Products Router mounted at: /products
yyyy-02-00 16:36:45 [INFO]: Routes Mounted... 

yyyy-02-00 16:36:45 [INFO]: Server is running at http://localhost:8000 with 2984643

yyyy-02-00 16:36:46 [INFO]: Loading App... 

yyyy-02-00 16:36:46 [INFO]: MongoDB connected 

yyyy-02-00 16:36:46 [INFO]: Loading Middlewares...
yyyy-02-00 16:36:46 [INFO]: All Middlewares Loaded...

yyyy-02-00 16:36:46 [INFO]: Mounting Routes...
yyyy-02-00 16:36:46 [INFO]: Products Router mounted at: /products
yyyy-02-00 16:36:46 [INFO]: Routes Mounted... 

yyyy-02-00 16:36:46 [INFO]: Server is running at http://localhost:8000 with 2984672

yyyy-02-00 16:36:50 [INFO]: Loading App... 

yyyy-02-00 16:36:50 [INFO]: MongoDB connected 

yyyy-02-00 16:36:50 [INFO]: Loading Middlewares...
yyyy-02-00 16:36:50 [INFO]: All Middlewares Loaded...

yyyy-02-00 16:36:50 [INFO]: Mounting Routes...
yyyy-02-00 16:36:50 [INFO]: Products Router mounted at: /products
yyyy-02-00 16:36:50 [INFO]: Routes Mounted... 

yyyy-02-00 16:36:50 [INFO]: Server is running at http://localhost:8000 with 2984765

yyyy-02-00 16:37:02 [INFO]: Loading App... 

yyyy-02-00 16:37:02 [INFO]: MongoDB connected 

yyyy-02-00 16:37:02 [INFO]: Loading Middlewares...
yyyy-02-00 16:37:02 [INFO]: All Middlewares Loaded...

yyyy-02-00 16:37:02 [INFO]: Mounting Routes...
yyyy-02-00 16:37:02 [INFO]: Products Router mounted at: /products
yyyy-02-00 16:37:02 [INFO]: Routes Mounted... 

yyyy-02-00 16:37:02 [INFO]: Server is running at http://localhost:8000 with 2984973

yyyy-02-00 16:37:10 [INFO]: Loading App... 

yyyy-02-00 16:37:10 [INFO]: MongoDB connected 

yyyy-02-00 16:37:10 [INFO]: Loading Middlewares...
yyyy-02-00 16:37:10 [INFO]: All Middlewares Loaded...

yyyy-02-00 16:37:10 [INFO]: Mounting Routes...
yyyy-02-00 16:37:10 [INFO]: Products Router mounted at: /products
yyyy-02-00 16:37:10 [INFO]: Routes Mounted... 

yyyy-02-00 16:37:10 [INFO]: Server is running at http://localhost:8000 with 2985153

yyyy-02-00 16:37:20 [INFO]: Loading App... 

yyyy-02-00 16:37:20 [INFO]: MongoDB connected 

yyyy-02-00 16:37:20 [INFO]: Loading Middlewares...
yyyy-02-00 16:37:20 [INFO]: All Middlewares Loaded...

yyyy-02-00 16:37:20 [INFO]: Mounting Routes...
yyyy-02-00 16:37:20 [INFO]: Products Router mounted at: /products
yyyy-02-00 16:37:20 [INFO]: Routes Mounted... 

yyyy-02-00 16:37:20 [INFO]: Server is running at http://localhost:8000 with 2985309

yyyy-02-00 16:37:30 [INFO]: Loading App... 

yyyy-02-00 16:37:30 [INFO]: MongoDB connected 

yyyy-02-00 16:37:30 [INFO]: Loading Middlewares...
yyyy-02-00 16:37:30 [INFO]: All Middlewares Loaded...

yyyy-02-00 16:37:30 [INFO]: Mounting Routes...
yyyy-02-00 16:37:30 [INFO]: Products Router mounted at: /products
yyyy-02-00 16:37:30 [INFO]: Routes Mounted... 

yyyy-02-00 16:37:30 [INFO]: Server is running at http://localhost:8000 with 2985465

yyyy-02-00 16:37:31 [INFO]: Loading App... 

yyyy-02-00 16:37:31 [INFO]: MongoDB connected 

yyyy-02-00 16:37:31 [INFO]: Loading Middlewares...
yyyy-02-00 16:37:31 [INFO]: All Middlewares Loaded...

yyyy-02-00 16:37:31 [INFO]: Mounting Routes...
yyyy-02-00 16:37:31 [INFO]: Products Router mounted at: /products
yyyy-02-00 16:37:31 [INFO]: Routes Mounted... 

yyyy-02-00 16:37:31 [INFO]: Server is running at http://localhost:8000 with 2985495

yyyy-02-00 16:37:34 [INFO]: Loading App... 

yyyy-02-00 16:37:34 [INFO]: MongoDB connected 

yyyy-02-00 16:37:34 [INFO]: Loading Middlewares...
yyyy-02-00 16:37:34 [INFO]: All Middlewares Loaded...

yyyy-02-00 16:37:34 [INFO]: Mounting Routes...
yyyy-02-00 16:37:34 [INFO]: Products Router mounted at: /products
yyyy-02-00 16:37:34 [INFO]: Routes Mounted... 

yyyy-02-00 16:37:34 [INFO]: Server is running at http://localhost:8000 with 2985583

yyyy-02-00 16:37:39 [INFO]: Loading App... 

yyyy-02-00 16:37:39 [INFO]: MongoDB connected 

yyyy-02-00 16:37:39 [INFO]: Loading Middlewares...
yyyy-02-00 16:37:39 [INFO]: All Middlewares Loaded...

yyyy-02-00 16:37:39 [INFO]: Mounting Routes...
yyyy-02-00 16:37:39 [INFO]: Products Router mounted at: /products
yyyy-02-00 16:37:39 [INFO]: Routes Mounted... 

yyyy-02-00 16:37:39 [INFO]: Server is running at http://localhost:8000 with 2985709

yyyy-02-00 16:37:41 [INFO]: Loading App... 

yyyy-02-00 16:37:41 [INFO]: MongoDB connected 

yyyy-02-00 16:37:41 [INFO]: Loading Middlewares...
yyyy-02-00 16:37:41 [INFO]: All Middlewares Loaded...

yyyy-02-00 16:37:41 [INFO]: Mounting Routes...
yyyy-02-00 16:37:41 [INFO]: Products Router mounted at: /products
yyyy-02-00 16:37:41 [INFO]: Routes Mounted... 

yyyy-02-00 16:37:41 [INFO]: Server is running at http://localhost:8000 with 2985773

yyyy-02-00 16:44:45 [INFO]: Loading App... 

yyyy-02-00 16:44:45 [INFO]: MongoDB connected 

yyyy-02-00 16:44:45 [INFO]: Loading Middlewares...
yyyy-02-00 16:44:45 [INFO]: All Middlewares Loaded...

yyyy-02-00 16:44:45 [INFO]: Mounting Routes...
yyyy-02-00 16:44:45 [INFO]: Products Router mounted at: /products
yyyy-02-00 16:44:45 [INFO]: Routes Mounted... 

yyyy-02-00 16:44:45 [INFO]: Server is running at http://localhost:8000 with 2988958

yyyy-02-00 16:45:19 [INFO]: Loading App... 

yyyy-02-00 16:45:19 [INFO]: MongoDB connected 

yyyy-02-00 16:45:19 [INFO]: Loading Middlewares...
yyyy-02-00 16:45:19 [INFO]: All Middlewares Loaded...

yyyy-02-00 16:45:19 [INFO]: Mounting Routes...
yyyy-02-00 16:45:19 [INFO]: Products Router mounted at: /products
yyyy-02-00 16:45:19 [INFO]: Routes Mounted... 

yyyy-02-00 16:45:19 [INFO]: Server is running at http://localhost:8000 with 2989252

yyyy-02-00 16:47:16 [INFO]: Loading App... 

yyyy-02-00 16:47:16 [INFO]: MongoDB connected 

yyyy-02-00 16:47:16 [INFO]: Loading Middlewares...
yyyy-02-00 16:47:16 [INFO]: All Middlewares Loaded...

yyyy-02-00 16:47:16 [INFO]: Mounting Routes...
yyyy-02-00 16:47:16 [INFO]: Products Router mounted at: /products
yyyy-02-00 16:47:16 [INFO]: Routes Mounted... 

yyyy-02-00 16:47:16 [INFO]: Server is running at http://localhost:8000 with 2990066

yyyy-02-00 17:04:46 [INFO]: Loading App... 

yyyy-02-00 17:04:46 [INFO]: MongoDB connected 

yyyy-02-00 17:04:46 [INFO]: Loading Middlewares...
yyyy-02-00 17:04:46 [INFO]: All Middlewares Loaded...

yyyy-02-00 17:04:46 [INFO]: Mounting Routes...
yyyy-02-00 17:04:46 [INFO]: Products Router mounted at: /products
yyyy-02-00 17:04:46 [INFO]: Routes Mounted... 

yyyy-02-00 17:04:46 [INFO]: Server is running at http://localhost:8000 with 2999217

yyyy-02-00 18:44:26 [INFO]: Loading App... 

yyyy-02-00 18:44:26 [INFO]: MongoDB connected 

yyyy-02-00 18:44:26 [INFO]: Loading Middlewares...
yyyy-02-00 18:44:26 [INFO]: All Middlewares Loaded...

yyyy-02-00 18:44:26 [INFO]: Mounting Routes...
yyyy-02-00 18:44:26 [INFO]: Products Router mounted at: /products
yyyy-02-00 18:44:26 [INFO]: Routes Mounted... 

yyyy-02-00 18:44:26 [INFO]: Server is running at http://localhost:8000 with 3038041

yyyy-02-00 18:50:31 [INFO]: Loading App... 

yyyy-02-00 18:50:31 [INFO]: MongoDB connected 

yyyy-02-00 18:50:31 [INFO]: Loading Middlewares...
yyyy-02-00 18:50:31 [INFO]: All Middlewares Loaded...

yyyy-02-00 18:50:31 [INFO]: Mounting Routes...
yyyy-02-00 18:50:31 [INFO]: Products Router mounted at: /products
yyyy-02-00 18:50:31 [INFO]: Routes Mounted... 

yyyy-02-00 18:50:31 [INFO]: Server is running at http://localhost:8000 with 3040786

yyyy-02-00 18:51:51 [INFO]: Loading App... 

yyyy-02-00 18:51:51 [INFO]: MongoDB connected 

yyyy-02-00 18:51:51 [INFO]: Loading Middlewares...
yyyy-02-00 18:51:51 [INFO]: All Middlewares Loaded...

yyyy-02-00 18:51:51 [INFO]: Mounting Routes...
yyyy-02-00 18:51:51 [INFO]: Products Router mounted at: /products
yyyy-02-00 18:51:51 [INFO]: Routes Mounted... 

yyyy-02-00 18:51:51 [INFO]: Server is running at http://localhost:8000 with 3041363

yyyy-02-00 18:51:53 [INFO]: Loading App... 

yyyy-02-00 18:51:53 [INFO]: MongoDB connected 

yyyy-02-00 18:51:53 [INFO]: Loading Middlewares...
yyyy-02-00 18:51:53 [INFO]: All Middlewares Loaded...

yyyy-02-00 18:51:53 [INFO]: Mounting Routes...
yyyy-02-00 18:51:53 [INFO]: Products Router mounted at: /products
yyyy-02-00 18:51:53 [INFO]: Routes Mounted... 

yyyy-02-00 18:51:53 [INFO]: Server is running at http://localhost:8000 with 3041440

yyyy-02-00 18:53:59 [INFO]: Loading App... 

yyyy-02-00 18:53:59 [INFO]: MongoDB connected 

yyyy-02-00 18:53:59 [INFO]: Loading Middlewares...
yyyy-02-00 18:53:59 [INFO]: All Middlewares Loaded...

yyyy-02-00 18:53:59 [INFO]: Mounting Routes...
yyyy-02-00 18:53:59 [INFO]: Products Router mounted at: /products
yyyy-02-00 18:53:59 [INFO]: Routes Mounted... 

yyyy-02-00 18:53:59 [INFO]: Server is running at http://localhost:8000 with 3042261

yyyy-02-00 18:54:01 [INFO]: Loading App... 

yyyy-02-00 18:54:01 [INFO]: MongoDB connected 

yyyy-02-00 18:54:01 [INFO]: Loading Middlewares...
yyyy-02-00 18:54:01 [INFO]: All Middlewares Loaded...

yyyy-02-00 18:54:01 [INFO]: Mounting Routes...
yyyy-02-00 18:54:01 [INFO]: Products Router mounted at: /products
yyyy-02-00 18:54:01 [INFO]: Routes Mounted... 

yyyy-02-00 18:54:01 [INFO]: Server is running at http://localhost:8000 with 3042348

yyyy-02-00 18:54:14 [INFO]: Loading App... 

yyyy-02-00 18:54:14 [INFO]: MongoDB connected 

yyyy-02-00 18:54:14 [INFO]: Loading Middlewares...
yyyy-02-00 18:54:14 [INFO]: All Middlewares Loaded...

yyyy-02-00 18:54:14 [INFO]: Mounting Routes...
yyyy-02-00 18:54:14 [INFO]: Products Router mounted at: /products
yyyy-02-00 18:54:14 [INFO]: Routes Mounted... 

yyyy-02-00 18:54:14 [INFO]: Server is running at http://localhost:8000 with 3042489

yyyy-02-00 18:56:12 [INFO]: Loading App... 

yyyy-02-00 18:56:12 [INFO]: MongoDB connected 

yyyy-02-00 18:56:12 [INFO]: Loading Middlewares...
yyyy-02-00 18:56:12 [INFO]: All Middlewares Loaded...

yyyy-02-00 18:56:12 [INFO]: Mounting Routes...
yyyy-02-00 18:56:12 [INFO]: Products Router mounted at: /products
yyyy-02-00 18:56:12 [INFO]: Routes Mounted... 

yyyy-02-00 18:56:12 [INFO]: Server is running at http://localhost:8000 with 3043406

yyyy-02-00 18:56:14 [INFO]: Loading App... 

yyyy-02-00 18:56:14 [INFO]: MongoDB connected 

yyyy-02-00 18:56:14 [INFO]: Loading Middlewares...
yyyy-02-00 18:56:14 [INFO]: All Middlewares Loaded...

yyyy-02-00 18:56:14 [INFO]: Mounting Routes...
yyyy-02-00 18:56:14 [INFO]: Products Router mounted at: /products
yyyy-02-00 18:56:14 [INFO]: Routes Mounted... 

yyyy-02-00 18:56:14 [INFO]: Server is running at http://localhost:8000 with 3043475

yyyy-02-00 18:56:16 [INFO]: Loading App... 

yyyy-02-00 18:56:16 [INFO]: MongoDB connected 

yyyy-02-00 18:56:16 [INFO]: Loading Middlewares...
yyyy-02-00 18:56:16 [INFO]: All Middlewares Loaded...

yyyy-02-00 18:56:16 [INFO]: Mounting Routes...
yyyy-02-00 18:56:16 [INFO]: Products Router mounted at: /products
yyyy-02-00 18:56:16 [INFO]: Routes Mounted... 

yyyy-02-00 18:56:16 [INFO]: Server is running at http://localhost:8000 with 3043516

yyyy-02-00 18:57:34 [INFO]: Loading App... 

yyyy-02-00 18:57:34 [INFO]: MongoDB connected 

yyyy-02-00 18:57:34 [INFO]: Loading Middlewares...
yyyy-02-00 18:57:34 [INFO]: All Middlewares Loaded...

yyyy-02-00 18:57:34 [INFO]: Mounting Routes...
yyyy-02-00 18:57:34 [INFO]: Products Router mounted at: /products
yyyy-02-00 18:57:34 [INFO]: Routes Mounted... 

yyyy-02-00 18:57:34 [INFO]: Server is running at http://localhost:8000 with 3044018

yyyy-02-00 18:57:35 [INFO]: Loading App... 

yyyy-02-00 18:57:35 [INFO]: MongoDB connected 

yyyy-02-00 18:57:35 [INFO]: Loading Middlewares...
yyyy-02-00 18:57:35 [INFO]: All Middlewares Loaded...

yyyy-02-00 18:57:35 [INFO]: Mounting Routes...
yyyy-02-00 18:57:35 [INFO]: Products Router mounted at: /products
yyyy-02-00 18:57:35 [INFO]: Routes Mounted... 

yyyy-02-00 18:57:35 [INFO]: Server is running at http://localhost:8000 with 3044051

yyyy-02-00 18:57:37 [INFO]: Loading App... 

yyyy-02-00 18:57:37 [INFO]: MongoDB connected 

yyyy-02-00 18:57:37 [INFO]: Loading Middlewares...
yyyy-02-00 18:57:37 [INFO]: All Middlewares Loaded...

yyyy-02-00 18:57:37 [INFO]: Mounting Routes...
yyyy-02-00 18:57:37 [INFO]: Products Router mounted at: /products
yyyy-02-00 18:57:37 [INFO]: Routes Mounted... 

yyyy-02-00 18:57:37 [INFO]: Server is running at http://localhost:8000 with 3044112

yyyy-02-00 18:57:40 [INFO]: Loading App... 

yyyy-02-00 18:57:40 [INFO]: MongoDB connected 

yyyy-02-00 18:57:40 [INFO]: Loading Middlewares...
yyyy-02-00 18:57:40 [INFO]: All Middlewares Loaded...

yyyy-02-00 18:57:40 [INFO]: Mounting Routes...
yyyy-02-00 18:57:40 [INFO]: Products Router mounted at: /products
yyyy-02-00 18:57:40 [INFO]: Routes Mounted... 

yyyy-02-00 18:57:40 [INFO]: Server is running at http://localhost:8000 with 3044167

yyyy-02-00 18:57:44 [INFO]: Loading App... 

yyyy-02-00 18:57:44 [INFO]: MongoDB connected 

yyyy-02-00 18:57:44 [INFO]: Loading Middlewares...
yyyy-02-00 18:57:44 [INFO]: All Middlewares Loaded...

yyyy-02-00 18:57:44 [INFO]: Mounting Routes...
yyyy-02-00 18:57:44 [INFO]: Products Router mounted at: /products
yyyy-02-00 18:57:44 [INFO]: Routes Mounted... 

yyyy-02-00 18:57:44 [INFO]: Server is running at http://localhost:8000 with 3044244

yyyy-02-00 18:57:55 [INFO]: Loading App... 

yyyy-02-00 18:57:55 [INFO]: MongoDB connected 

yyyy-02-00 18:57:55 [INFO]: Loading Middlewares...
yyyy-02-00 18:57:55 [INFO]: All Middlewares Loaded...

yyyy-02-00 18:57:55 [INFO]: Mounting Routes...
yyyy-02-00 18:57:55 [INFO]: Products Router mounted at: /products
yyyy-02-00 18:57:55 [INFO]: Routes Mounted... 

yyyy-02-00 18:57:55 [INFO]: Server is running at http://localhost:8000 with 3044439

yyyy-02-00 18:58:03 [INFO]: Loading App... 

yyyy-02-00 18:58:03 [INFO]: MongoDB connected 

yyyy-02-00 18:58:03 [INFO]: Loading Middlewares...
yyyy-02-00 18:58:03 [INFO]: All Middlewares Loaded...

yyyy-02-00 18:58:03 [INFO]: Mounting Routes...
yyyy-02-00 18:58:03 [INFO]: Products Router mounted at: /products
yyyy-02-00 18:58:03 [INFO]: Routes Mounted... 

yyyy-02-00 18:58:03 [INFO]: Server is running at http://localhost:8000 with 3044574

yyyy-02-00 18:58:05 [INFO]: Loading App... 

yyyy-02-00 18:58:05 [INFO]: MongoDB connected 

yyyy-02-00 18:58:05 [INFO]: Loading Middlewares...
yyyy-02-00 18:58:05 [INFO]: All Middlewares Loaded...

yyyy-02-00 18:58:05 [INFO]: Mounting Routes...
yyyy-02-00 18:58:05 [INFO]: Products Router mounted at: /products
yyyy-02-00 18:58:05 [INFO]: Routes Mounted... 

yyyy-02-00 18:58:05 [INFO]: Server is running at http://localhost:8000 with 3044627

yyyy-02-00 18:58:58 [INFO]: Loading App... 

yyyy-02-00 18:58:58 [INFO]: MongoDB connected 

yyyy-02-00 18:58:58 [INFO]: Loading Middlewares...
yyyy-02-00 18:58:58 [INFO]: All Middlewares Loaded...

yyyy-02-00 18:58:58 [INFO]: Mounting Routes...
yyyy-02-00 18:58:58 [INFO]: Products Router mounted at: /products
yyyy-02-00 18:58:58 [INFO]: Routes Mounted... 

yyyy-02-00 18:58:58 [INFO]: Server is running at http://localhost:8000 with 3044992

yyyy-02-00 18:59:05 [INFO]: Loading App... 

yyyy-02-00 18:59:05 [INFO]: MongoDB connected 

yyyy-02-00 18:59:05 [INFO]: Loading Middlewares...
yyyy-02-00 18:59:05 [INFO]: All Middlewares Loaded...

yyyy-02-00 18:59:05 [INFO]: Mounting Routes...
yyyy-02-00 18:59:05 [INFO]: Products Router mounted at: /products
yyyy-02-00 18:59:05 [INFO]: Routes Mounted... 

yyyy-02-00 18:59:05 [INFO]: Server is running at http://localhost:8000 with 3045125

yyyy-02-00 18:59:08 [INFO]: Loading App... 

yyyy-02-00 18:59:08 [INFO]: MongoDB connected 

yyyy-02-00 18:59:08 [INFO]: Loading Middlewares...
yyyy-02-00 18:59:08 [INFO]: All Middlewares Loaded...

yyyy-02-00 18:59:08 [INFO]: Mounting Routes...
yyyy-02-00 18:59:08 [INFO]: Products Router mounted at: /products
yyyy-02-00 18:59:08 [INFO]: Routes Mounted... 

yyyy-02-00 18:59:08 [INFO]: Server is running at http://localhost:8000 with 3045178

yyyy-02-00 18:59:11 [INFO]: Loading App... 

yyyy-02-00 18:59:11 [INFO]: MongoDB connected 

yyyy-02-00 18:59:11 [INFO]: Loading Middlewares...
yyyy-02-00 18:59:11 [INFO]: All Middlewares Loaded...

yyyy-02-00 18:59:11 [INFO]: Mounting Routes...
yyyy-02-00 18:59:11 [INFO]: Products Router mounted at: /products
yyyy-02-00 18:59:11 [INFO]: Routes Mounted... 

yyyy-02-00 18:59:11 [INFO]: Server is running at http://localhost:8000 with 3045243

yyyy-02-00 18:59:13 [INFO]: Loading App... 

yyyy-02-00 18:59:13 [INFO]: MongoDB connected 

yyyy-02-00 18:59:13 [INFO]: Loading Middlewares...
yyyy-02-00 18:59:13 [INFO]: All Middlewares Loaded...

yyyy-02-00 18:59:13 [INFO]: Mounting Routes...
yyyy-02-00 18:59:13 [INFO]: Products Router mounted at: /products
yyyy-02-00 18:59:13 [INFO]: Routes Mounted... 

yyyy-02-00 18:59:13 [INFO]: Server is running at http://localhost:8000 with 3045297

yyyy-02-00 18:59:14 [INFO]: Loading App... 

yyyy-02-00 18:59:14 [INFO]: MongoDB connected 

yyyy-02-00 18:59:14 [INFO]: Loading Middlewares...
yyyy-02-00 18:59:14 [INFO]: All Middlewares Loaded...

yyyy-02-00 18:59:14 [INFO]: Mounting Routes...
yyyy-02-00 18:59:14 [INFO]: Products Router mounted at: /products
yyyy-02-00 18:59:14 [INFO]: Routes Mounted... 

yyyy-02-00 18:59:14 [INFO]: Server is running at http://localhost:8000 with 3045328

yyyy-02-00 18:59:17 [INFO]: Loading App... 

yyyy-02-00 18:59:17 [INFO]: MongoDB connected 

yyyy-02-00 18:59:17 [INFO]: Loading Middlewares...
yyyy-02-00 18:59:17 [INFO]: All Middlewares Loaded...

yyyy-02-00 18:59:17 [INFO]: Mounting Routes...
yyyy-02-00 18:59:17 [INFO]: Products Router mounted at: /products
yyyy-02-00 18:59:17 [INFO]: Routes Mounted... 

yyyy-02-00 18:59:17 [INFO]: Server is running at http://localhost:8000 with 3045398

yyyy-02-00 18:59:27 [INFO]: Loading App... 

yyyy-02-00 18:59:27 [INFO]: MongoDB connected 

yyyy-02-00 18:59:27 [INFO]: Loading Middlewares...
yyyy-02-00 18:59:27 [INFO]: All Middlewares Loaded...

yyyy-02-00 18:59:27 [INFO]: Mounting Routes...
yyyy-02-00 18:59:27 [INFO]: Products Router mounted at: /products
yyyy-02-00 18:59:27 [INFO]: Routes Mounted... 

yyyy-02-00 18:59:27 [INFO]: Server is running at http://localhost:8000 with 3045512

yyyy-02-00 18:59:32 [INFO]: Loading App... 

yyyy-02-00 18:59:32 [INFO]: MongoDB connected 

yyyy-02-00 18:59:32 [INFO]: Loading Middlewares...
yyyy-02-00 18:59:32 [INFO]: All Middlewares Loaded...

yyyy-02-00 18:59:32 [INFO]: Mounting Routes...
yyyy-02-00 18:59:32 [INFO]: Products Router mounted at: /products
yyyy-02-00 18:59:32 [INFO]: Routes Mounted... 

yyyy-02-00 18:59:32 [INFO]: Server is running at http://localhost:8000 with 3045611

yyyy-02-00 18:59:36 [INFO]: Loading App... 

yyyy-02-00 18:59:36 [INFO]: MongoDB connected 

yyyy-02-00 18:59:36 [INFO]: Loading Middlewares...
yyyy-02-00 18:59:36 [INFO]: All Middlewares Loaded...

yyyy-02-00 18:59:36 [INFO]: Mounting Routes...
yyyy-02-00 18:59:36 [INFO]: Products Router mounted at: /products
yyyy-02-00 18:59:36 [INFO]: Routes Mounted... 

yyyy-02-00 18:59:36 [INFO]: Server is running at http://localhost:8000 with 3045699

yyyy-02-00 18:59:57 [INFO]: Loading App... 

yyyy-02-00 18:59:57 [INFO]: MongoDB connected 

yyyy-02-00 18:59:57 [INFO]: Loading Middlewares...
yyyy-02-00 18:59:57 [INFO]: All Middlewares Loaded...

yyyy-02-00 18:59:57 [INFO]: Mounting Routes...
yyyy-02-00 18:59:57 [INFO]: Products Router mounted at: /products
yyyy-02-00 18:59:57 [INFO]: Routes Mounted... 

yyyy-02-00 18:59:57 [INFO]: Server is running at http://localhost:8000 with 3045903

yyyy-02-00 19:00:05 [INFO]: Loading App... 

yyyy-02-00 19:00:05 [INFO]: MongoDB connected 

yyyy-02-00 19:00:05 [INFO]: Loading Middlewares...
yyyy-02-00 19:00:05 [INFO]: All Middlewares Loaded...

yyyy-02-00 19:00:05 [INFO]: Mounting Routes...
yyyy-02-00 19:00:05 [INFO]: Products Router mounted at: /products
yyyy-02-00 19:00:05 [INFO]: Routes Mounted... 

yyyy-02-00 19:00:05 [INFO]: Server is running at http://localhost:8000 with 3046038

yyyy-02-00 19:00:06 [INFO]: Loading App... 

yyyy-02-00 19:00:06 [INFO]: MongoDB connected 

yyyy-02-00 19:00:06 [INFO]: Loading Middlewares...
yyyy-02-00 19:00:06 [INFO]: All Middlewares Loaded...

yyyy-02-00 19:00:06 [INFO]: Mounting Routes...
yyyy-02-00 19:00:06 [INFO]: Products Router mounted at: /products
yyyy-02-00 19:00:06 [INFO]: Routes Mounted... 

yyyy-02-00 19:00:06 [INFO]: Server is running at http://localhost:8000 with 3046090

yyyy-02-00 19:00:11 [INFO]: Loading App... 

yyyy-02-00 19:00:11 [INFO]: MongoDB connected 

yyyy-02-00 19:00:11 [INFO]: Loading Middlewares...
yyyy-02-00 19:00:11 [INFO]: All Middlewares Loaded...

yyyy-02-00 19:00:11 [INFO]: Mounting Routes...
yyyy-02-00 19:00:11 [INFO]: Products Router mounted at: /products
yyyy-02-00 19:00:11 [INFO]: Routes Mounted... 

yyyy-02-00 19:00:11 [INFO]: Server is running at http://localhost:8000 with 3046156

yyyy-02-00 19:00:20 [INFO]: Loading App... 

yyyy-02-00 19:00:20 [INFO]: MongoDB connected 

yyyy-02-00 19:00:20 [INFO]: Loading Middlewares...
yyyy-02-00 19:00:20 [INFO]: All Middlewares Loaded...

yyyy-02-00 19:00:20 [INFO]: Mounting Routes...
yyyy-02-00 19:00:20 [INFO]: Products Router mounted at: /products
yyyy-02-00 19:00:20 [INFO]: Routes Mounted... 

yyyy-02-00 19:00:20 [INFO]: Server is running at http://localhost:8000 with 3046306

yyyy-02-00 19:02:11 [INFO]: Loading App... 

yyyy-02-00 19:02:11 [INFO]: MongoDB connected 

yyyy-02-00 19:02:11 [INFO]: Loading Middlewares...
yyyy-02-00 19:02:11 [INFO]: All Middlewares Loaded...

yyyy-02-00 19:02:11 [INFO]: Mounting Routes...
yyyy-02-00 19:02:11 [INFO]: Products Router mounted at: /products
yyyy-02-00 19:02:11 [INFO]: Routes Mounted... 

yyyy-02-00 19:02:11 [INFO]: Server is running at http://localhost:8000 with 3047105

yyyy-02-00 19:02:14 [INFO]: Loading App... 

yyyy-02-00 19:02:14 [INFO]: MongoDB connected 

yyyy-02-00 19:02:14 [INFO]: Loading Middlewares...
yyyy-02-00 19:02:14 [INFO]: All Middlewares Loaded...

yyyy-02-00 19:02:15 [INFO]: Mounting Routes...
yyyy-02-00 19:02:15 [INFO]: Products Router mounted at: /products
yyyy-02-00 19:02:15 [INFO]: Routes Mounted... 

yyyy-02-00 19:02:15 [INFO]: Server is running at http://localhost:8000 with 3047193

yyyy-02-00 19:02:25 [INFO]: Loading App... 

yyyy-02-00 19:02:25 [INFO]: MongoDB connected 

yyyy-02-00 19:02:25 [INFO]: Loading Middlewares...
yyyy-02-00 19:02:25 [INFO]: All Middlewares Loaded...

yyyy-02-00 19:02:25 [INFO]: Mounting Routes...
yyyy-02-00 19:02:25 [INFO]: Products Router mounted at: /products
yyyy-02-00 19:02:25 [INFO]: Routes Mounted... 

yyyy-02-00 19:02:25 [INFO]: Server is running at http://localhost:8000 with 3047316

yyyy-02-00 19:02:27 [INFO]: Loading App... 

yyyy-02-00 19:02:27 [INFO]: MongoDB connected 

yyyy-02-00 19:02:27 [INFO]: Loading Middlewares...
yyyy-02-00 19:02:27 [INFO]: All Middlewares Loaded...

yyyy-02-00 19:02:27 [INFO]: Mounting Routes...
yyyy-02-00 19:02:27 [INFO]: Products Router mounted at: /products
yyyy-02-00 19:02:27 [INFO]: Routes Mounted... 

yyyy-02-00 19:02:27 [INFO]: Server is running at http://localhost:8000 with 3047394

yyyy-02-00 19:02:31 [INFO]: Loading App... 

yyyy-02-00 19:02:31 [INFO]: MongoDB connected 

yyyy-02-00 19:02:31 [INFO]: Loading Middlewares...
yyyy-02-00 19:02:31 [INFO]: All Middlewares Loaded...

yyyy-02-00 19:02:31 [INFO]: Mounting Routes...
yyyy-02-00 19:02:31 [INFO]: Products Router mounted at: /products
yyyy-02-00 19:02:31 [INFO]: Routes Mounted... 

yyyy-02-00 19:02:31 [INFO]: Server is running at http://localhost:8000 with 3047471

yyyy-02-00 19:02:43 [INFO]: Loading App... 

yyyy-02-00 19:02:43 [INFO]: MongoDB connected 

yyyy-02-00 19:02:43 [INFO]: Loading Middlewares...
yyyy-02-00 19:02:43 [INFO]: All Middlewares Loaded...

yyyy-02-00 19:02:43 [INFO]: Mounting Routes...
yyyy-02-00 19:02:43 [INFO]: Products Router mounted at: /products
yyyy-02-00 19:02:43 [INFO]: Routes Mounted... 

yyyy-02-00 19:02:43 [INFO]: Server is running at http://localhost:8000 with 3047611

yyyy-02-00 19:02:45 [INFO]: Loading App... 

yyyy-02-00 19:02:45 [INFO]: MongoDB connected 

yyyy-02-00 19:02:45 [INFO]: Loading Middlewares...
yyyy-02-00 19:02:45 [INFO]: All Middlewares Loaded...

yyyy-02-00 19:02:45 [INFO]: Mounting Routes...
yyyy-02-00 19:02:45 [INFO]: Products Router mounted at: /products
yyyy-02-00 19:02:45 [INFO]: Routes Mounted... 

yyyy-02-00 19:02:45 [INFO]: Server is running at http://localhost:8000 with 3047678

yyyy-02-00 19:02:48 [INFO]: Loading App... 

yyyy-02-00 19:02:48 [INFO]: MongoDB connected 

yyyy-02-00 19:02:48 [INFO]: Loading Middlewares...
yyyy-02-00 19:02:48 [INFO]: All Middlewares Loaded...

yyyy-02-00 19:02:48 [INFO]: Mounting Routes...
yyyy-02-00 19:02:48 [INFO]: Products Router mounted at: /products
yyyy-02-00 19:02:48 [INFO]: Routes Mounted... 

yyyy-02-00 19:02:48 [INFO]: Server is running at http://localhost:8000 with 3047717

yyyy-02-00 19:02:49 [INFO]: Loading App... 

yyyy-02-00 19:02:49 [INFO]: MongoDB connected 

yyyy-02-00 19:02:49 [INFO]: Loading Middlewares...
yyyy-02-00 19:02:49 [INFO]: All Middlewares Loaded...

yyyy-02-00 19:02:49 [INFO]: Mounting Routes...
yyyy-02-00 19:02:49 [INFO]: Products Router mounted at: /products
yyyy-02-00 19:02:49 [INFO]: Routes Mounted... 

yyyy-02-00 19:02:49 [INFO]: Server is running at http://localhost:8000 with 3047747

yyyy-02-00 19:03:10 [INFO]: Loading App... 

yyyy-02-00 19:03:10 [INFO]: MongoDB connected 

yyyy-02-00 19:03:10 [INFO]: Loading Middlewares...
yyyy-02-00 19:03:10 [INFO]: All Middlewares Loaded...

yyyy-02-00 19:03:10 [INFO]: Mounting Routes...
yyyy-02-00 19:03:10 [INFO]: Products Router mounted at: /products
yyyy-02-00 19:03:10 [INFO]: Routes Mounted... 

yyyy-02-00 19:03:10 [INFO]: Server is running at http://localhost:8000 with 3047983

yyyy-02-00 19:03:13 [INFO]: Loading App... 

yyyy-02-00 19:03:13 [INFO]: MongoDB connected 

yyyy-02-00 19:03:13 [INFO]: Loading Middlewares...
yyyy-02-00 19:03:13 [INFO]: All Middlewares Loaded...

yyyy-02-00 19:03:13 [INFO]: Mounting Routes...
yyyy-02-00 19:03:13 [INFO]: Products Router mounted at: /products
yyyy-02-00 19:03:13 [INFO]: Routes Mounted... 

yyyy-02-00 19:03:13 [INFO]: Server is running at http://localhost:8000 with 3048059

yyyy-02-00 19:03:18 [INFO]: Loading App... 

yyyy-02-00 19:03:19 [INFO]: MongoDB connected 

yyyy-02-00 19:03:19 [INFO]: Loading Middlewares...
yyyy-02-00 19:03:19 [INFO]: All Middlewares Loaded...

yyyy-02-00 19:03:19 [INFO]: Mounting Routes...
yyyy-02-00 19:03:19 [INFO]: Products Router mounted at: /products
yyyy-02-00 19:03:19 [INFO]: Routes Mounted... 

yyyy-02-00 19:03:19 [INFO]: Server is running at http://localhost:8000 with 3048159

yyyy-02-00 19:03:24 [INFO]: Loading App... 

yyyy-02-00 19:03:24 [INFO]: MongoDB connected 

yyyy-02-00 19:03:24 [INFO]: Loading Middlewares...
yyyy-02-00 19:03:24 [INFO]: All Middlewares Loaded...

yyyy-02-00 19:03:24 [INFO]: Mounting Routes...
yyyy-02-00 19:03:24 [INFO]: Products Router mounted at: /products
yyyy-02-00 19:03:24 [INFO]: Routes Mounted... 

yyyy-02-00 19:03:24 [INFO]: Server is running at http://localhost:8000 with 3048246

yyyy-02-00 19:03:27 [INFO]: Loading App... 

yyyy-02-00 19:03:27 [INFO]: MongoDB connected 

yyyy-02-00 19:03:27 [INFO]: Loading Middlewares...
yyyy-02-00 19:03:27 [INFO]: All Middlewares Loaded...

yyyy-02-00 19:03:27 [INFO]: Mounting Routes...
yyyy-02-00 19:03:27 [INFO]: Products Router mounted at: /products
yyyy-02-00 19:03:27 [INFO]: Routes Mounted... 

yyyy-02-00 19:03:27 [INFO]: Server is running at http://localhost:8000 with 3048301

yyyy-02-00 19:03:29 [INFO]: Loading App... 

yyyy-02-00 19:03:29 [INFO]: MongoDB connected 

yyyy-02-00 19:03:29 [INFO]: Loading Middlewares...
yyyy-02-00 19:03:29 [INFO]: All Middlewares Loaded...

yyyy-02-00 19:03:29 [INFO]: Mounting Routes...
yyyy-02-00 19:03:29 [INFO]: Products Router mounted at: /products
yyyy-02-00 19:03:29 [INFO]: Routes Mounted... 

yyyy-02-00 19:03:30 [INFO]: Server is running at http://localhost:8000 with 3048361

yyyy-02-00 19:03:31 [INFO]: Loading App... 

yyyy-02-00 19:03:31 [INFO]: MongoDB connected 

yyyy-02-00 19:03:31 [INFO]: Loading Middlewares...
yyyy-02-00 19:03:31 [INFO]: All Middlewares Loaded...

yyyy-02-00 19:03:31 [INFO]: Mounting Routes...
yyyy-02-00 19:03:31 [INFO]: Products Router mounted at: /products
yyyy-02-00 19:03:31 [INFO]: Routes Mounted... 

yyyy-02-00 19:03:31 [INFO]: Server is running at http://localhost:8000 with 3048391

yyyy-02-00 19:03:34 [INFO]: Loading App... 

yyyy-02-00 19:03:34 [INFO]: MongoDB connected 

yyyy-02-00 19:03:34 [INFO]: Loading Middlewares...
yyyy-02-00 19:03:34 [INFO]: All Middlewares Loaded...

yyyy-02-00 19:03:34 [INFO]: Mounting Routes...
yyyy-02-00 19:03:34 [INFO]: Products Router mounted at: /products
yyyy-02-00 19:03:34 [INFO]: Routes Mounted... 

yyyy-02-00 19:03:34 [INFO]: Server is running at http://localhost:8000 with 3048466

yyyy-02-00 19:03:36 [INFO]: Loading App... 

yyyy-02-00 19:03:36 [INFO]: MongoDB connected 

yyyy-02-00 19:03:36 [INFO]: Loading Middlewares...
yyyy-02-00 19:03:36 [INFO]: All Middlewares Loaded...

yyyy-02-00 19:03:36 [INFO]: Mounting Routes...
yyyy-02-00 19:03:36 [INFO]: Products Router mounted at: /products
yyyy-02-00 19:03:36 [INFO]: Routes Mounted... 

yyyy-02-00 19:03:36 [INFO]: Server is running at http://localhost:8000 with 3048495

yyyy-02-00 19:03:40 [INFO]: Loading App... 

yyyy-02-00 19:03:40 [INFO]: MongoDB connected 

yyyy-02-00 19:03:40 [INFO]: Loading Middlewares...
yyyy-02-00 19:03:40 [INFO]: All Middlewares Loaded...

yyyy-02-00 19:03:40 [INFO]: Mounting Routes...
yyyy-02-00 19:03:40 [INFO]: Products Router mounted at: /products
yyyy-02-00 19:03:40 [INFO]: Routes Mounted... 

yyyy-02-00 19:03:40 [INFO]: Server is running at http://localhost:8000 with 3048582

yyyy-02-00 19:05:09 [INFO]: Loading App... 

yyyy-02-00 19:05:09 [INFO]: MongoDB connected 

yyyy-02-00 19:05:09 [INFO]: Loading Middlewares...
yyyy-02-00 19:05:09 [INFO]: All Middlewares Loaded...

yyyy-02-00 19:05:09 [INFO]: Mounting Routes...
yyyy-02-00 19:05:09 [INFO]: Products Router mounted at: /products
yyyy-02-00 19:05:09 [INFO]: Routes Mounted... 

yyyy-02-00 19:05:09 [INFO]: Server is running at http://localhost:8000 with 3049360

yyyy-02-00 19:05:12 [INFO]: Loading App... 

yyyy-02-00 19:05:12 [INFO]: MongoDB connected 

yyyy-02-00 19:05:12 [INFO]: Loading Middlewares...
yyyy-02-00 19:05:12 [INFO]: All Middlewares Loaded...

yyyy-02-00 19:05:12 [INFO]: Mounting Routes...
yyyy-02-00 19:05:12 [INFO]: Products Router mounted at: /products
yyyy-02-00 19:05:12 [INFO]: Routes Mounted... 

yyyy-02-00 19:05:12 [INFO]: Server is running at http://localhost:8000 with 3049438

yyyy-02-00 19:05:14 [INFO]: Loading App... 

yyyy-02-00 19:05:14 [INFO]: MongoDB connected 

yyyy-02-00 19:05:14 [INFO]: Loading Middlewares...
yyyy-02-00 19:05:14 [INFO]: All Middlewares Loaded...

yyyy-02-00 19:05:14 [INFO]: Mounting Routes...
yyyy-02-00 19:05:14 [INFO]: Products Router mounted at: /products
yyyy-02-00 19:05:14 [INFO]: Routes Mounted... 

yyyy-02-00 19:05:14 [INFO]: Server is running at http://localhost:8000 with 3049479

yyyy-02-00 19:05:17 [INFO]: Loading App... 

yyyy-02-00 19:05:17 [INFO]: MongoDB connected 

yyyy-02-00 19:05:17 [INFO]: Loading Middlewares...
yyyy-02-00 19:05:17 [INFO]: All Middlewares Loaded...

yyyy-02-00 19:05:17 [INFO]: Mounting Routes...
yyyy-02-00 19:05:17 [INFO]: Products Router mounted at: /products
yyyy-02-00 19:05:17 [INFO]: Routes Mounted... 

yyyy-02-00 19:05:17 [INFO]: Server is running at http://localhost:8000 with 3049557

yyyy-02-00 19:05:20 [INFO]: Loading App... 

yyyy-02-00 19:05:20 [INFO]: MongoDB connected 

yyyy-02-00 19:05:20 [INFO]: Loading Middlewares...
yyyy-02-00 19:05:20 [INFO]: All Middlewares Loaded...

yyyy-02-00 19:05:20 [INFO]: Mounting Routes...
yyyy-02-00 19:05:20 [INFO]: Products Router mounted at: /products
yyyy-02-00 19:05:20 [INFO]: Routes Mounted... 

yyyy-02-00 19:05:20 [INFO]: Server is running at http://localhost:8000 with 3049588

yyyy-02-00 19:05:23 [INFO]: Loading App... 

yyyy-02-00 19:05:23 [INFO]: MongoDB connected 

yyyy-02-00 19:05:23 [INFO]: Loading Middlewares...
yyyy-02-00 19:05:23 [INFO]: All Middlewares Loaded...

yyyy-02-00 19:05:23 [INFO]: Mounting Routes...
yyyy-02-00 19:05:23 [INFO]: Products Router mounted at: /products
yyyy-02-00 19:05:23 [INFO]: Routes Mounted... 

yyyy-02-00 19:05:23 [INFO]: Server is running at http://localhost:8000 with 3049673

yyyy-02-00 19:05:26 [INFO]: Loading App... 

yyyy-02-00 19:05:26 [INFO]: MongoDB connected 

yyyy-02-00 19:05:26 [INFO]: Loading Middlewares...
yyyy-02-00 19:05:26 [INFO]: All Middlewares Loaded...

yyyy-02-00 19:05:26 [INFO]: Mounting Routes...
yyyy-02-00 19:05:26 [INFO]: Products Router mounted at: /products
yyyy-02-00 19:05:26 [INFO]: Routes Mounted... 

yyyy-02-00 19:05:26 [INFO]: Server is running at http://localhost:8000 with 3049716

yyyy-02-00 19:05:27 [INFO]: Loading App... 

yyyy-02-00 19:05:27 [INFO]: MongoDB connected 

yyyy-02-00 19:05:27 [INFO]: Loading Middlewares...
yyyy-02-00 19:05:27 [INFO]: All Middlewares Loaded...

yyyy-02-00 19:05:27 [INFO]: Mounting Routes...
yyyy-02-00 19:05:27 [INFO]: Products Router mounted at: /products
yyyy-02-00 19:05:27 [INFO]: Routes Mounted... 

yyyy-02-00 19:05:27 [INFO]: Server is running at http://localhost:8000 with 3049780

yyyy-02-00 19:05:29 [INFO]: Loading App... 

yyyy-02-00 19:05:29 [INFO]: MongoDB connected 

yyyy-02-00 19:05:29 [INFO]: Loading Middlewares...
yyyy-02-00 19:05:29 [INFO]: All Middlewares Loaded...

yyyy-02-00 19:05:29 [INFO]: Mounting Routes...
yyyy-02-00 19:05:29 [INFO]: Products Router mounted at: /products
yyyy-02-00 19:05:29 [INFO]: Routes Mounted... 

yyyy-02-00 19:05:29 [INFO]: Server is running at http://localhost:8000 with 3049810

yyyy-02-00 19:05:32 [INFO]: Loading App... 

yyyy-02-00 19:05:32 [INFO]: MongoDB connected 

yyyy-02-00 19:05:32 [INFO]: Loading Middlewares...
yyyy-02-00 19:05:32 [INFO]: All Middlewares Loaded...

yyyy-02-00 19:05:32 [INFO]: Mounting Routes...
yyyy-02-00 19:05:32 [INFO]: Products Router mounted at: /products
yyyy-02-00 19:05:32 [INFO]: Routes Mounted... 

yyyy-02-00 19:05:32 [INFO]: Server is running at http://localhost:8000 with 3049888

yyyy-02-00 19:05:34 [INFO]: Loading App... 

yyyy-02-00 19:05:34 [INFO]: MongoDB connected 

yyyy-02-00 19:05:34 [INFO]: Loading Middlewares...
yyyy-02-00 19:05:34 [INFO]: All Middlewares Loaded...

yyyy-02-00 19:05:34 [INFO]: Mounting Routes...
yyyy-02-00 19:05:34 [INFO]: Products Router mounted at: /products
yyyy-02-00 19:05:34 [INFO]: Routes Mounted... 

yyyy-02-00 19:05:34 [INFO]: Server is running at http://localhost:8000 with 3049918

yyyy-02-00 19:05:38 [INFO]: Loading App... 

yyyy-02-00 19:05:38 [INFO]: MongoDB connected 

yyyy-02-00 19:05:38 [INFO]: Loading Middlewares...
yyyy-02-00 19:05:38 [INFO]: All Middlewares Loaded...

yyyy-02-00 19:05:38 [INFO]: Mounting Routes...
yyyy-02-00 19:05:38 [INFO]: Products Router mounted at: /products
yyyy-02-00 19:05:38 [INFO]: Routes Mounted... 

yyyy-02-00 19:05:38 [INFO]: Server is running at http://localhost:8000 with 3050003

yyyy-02-00 19:05:40 [INFO]: Loading App... 

yyyy-02-00 19:05:40 [INFO]: MongoDB connected 

yyyy-02-00 19:05:40 [INFO]: Loading Middlewares...
yyyy-02-00 19:05:40 [INFO]: All Middlewares Loaded...

yyyy-02-00 19:05:40 [INFO]: Mounting Routes...
yyyy-02-00 19:05:40 [INFO]: Products Router mounted at: /products
yyyy-02-00 19:05:40 [INFO]: Routes Mounted... 

yyyy-02-00 19:05:40 [INFO]: Server is running at http://localhost:8000 with 3050032

yyyy-02-00 19:05:44 [INFO]: Loading App... 

yyyy-02-00 19:05:45 [INFO]: MongoDB connected 

yyyy-02-00 19:05:45 [INFO]: Loading Middlewares...
yyyy-02-00 19:05:45 [INFO]: All Middlewares Loaded...

yyyy-02-00 19:05:45 [INFO]: Mounting Routes...
yyyy-02-00 19:05:45 [INFO]: Products Router mounted at: /products
yyyy-02-00 19:05:45 [INFO]: Routes Mounted... 

yyyy-02-00 19:05:45 [INFO]: Server is running at http://localhost:8000 with 3050115

yyyy-02-00 19:05:47 [INFO]: Loading App... 

yyyy-02-00 19:05:47 [INFO]: MongoDB connected 

yyyy-02-00 19:05:47 [INFO]: Loading Middlewares...
yyyy-02-00 19:05:47 [INFO]: All Middlewares Loaded...

yyyy-02-00 19:05:47 [INFO]: Mounting Routes...
yyyy-02-00 19:05:47 [INFO]: Products Router mounted at: /products
yyyy-02-00 19:05:47 [INFO]: Routes Mounted... 

yyyy-02-00 19:05:47 [INFO]: Server is running at http://localhost:8000 with 3050204

yyyy-02-00 19:07:10 [INFO]: Loading App... 

yyyy-02-00 19:07:10 [INFO]: MongoDB connected 

yyyy-02-00 19:07:10 [INFO]: Loading Middlewares...
yyyy-02-00 19:07:10 [INFO]: All Middlewares Loaded...

yyyy-02-00 19:07:10 [INFO]: Mounting Routes...
yyyy-02-00 19:07:10 [INFO]: Products Router mounted at: /products
yyyy-02-00 19:07:10 [INFO]: Routes Mounted... 

yyyy-02-00 19:07:10 [INFO]: Server is running at http://localhost:8000 with 3050792

yyyy-02-00 19:07:19 [INFO]: Loading App... 

yyyy-02-00 19:07:19 [INFO]: MongoDB connected 

yyyy-02-00 19:07:19 [INFO]: Loading Middlewares...
yyyy-02-00 19:07:19 [INFO]: All Middlewares Loaded...

yyyy-02-00 19:07:19 [INFO]: Mounting Routes...
yyyy-02-00 19:07:19 [INFO]: Products Router mounted at: /products
yyyy-02-00 19:07:19 [INFO]: Routes Mounted... 

yyyy-02-00 19:07:19 [INFO]: Server is running at http://localhost:8000 with 3050929

yyyy-02-00 19:07:32 [INFO]: Loading App... 

yyyy-02-00 19:07:32 [INFO]: MongoDB connected 

yyyy-02-00 19:07:32 [INFO]: Loading Middlewares...
yyyy-02-00 19:07:32 [INFO]: All Middlewares Loaded...

yyyy-02-00 19:07:32 [INFO]: Mounting Routes...
yyyy-02-00 19:07:32 [INFO]: Products Router mounted at: /products
yyyy-02-00 19:07:32 [INFO]: Routes Mounted... 

yyyy-02-00 19:07:32 [INFO]: Server is running at http://localhost:8000 with 3051080

yyyy-02-00 19:07:43 [INFO]: Loading App... 

yyyy-02-00 19:07:43 [INFO]: MongoDB connected 

yyyy-02-00 19:07:43 [INFO]: Loading Middlewares...
yyyy-02-00 19:07:43 [INFO]: All Middlewares Loaded...

yyyy-02-00 19:07:43 [INFO]: Mounting Routes...
yyyy-02-00 19:07:43 [INFO]: Products Router mounted at: /products
yyyy-02-00 19:07:43 [INFO]: Routes Mounted... 

yyyy-02-00 19:07:43 [INFO]: Server is running at http://localhost:8000 with 3051241

yyyy-02-00 19:08:00 [INFO]: Loading App... 

yyyy-02-00 19:08:00 [INFO]: MongoDB connected 

yyyy-02-00 19:08:00 [INFO]: Loading Middlewares...
yyyy-02-00 19:08:00 [INFO]: All Middlewares Loaded...

yyyy-02-00 19:08:00 [INFO]: Mounting Routes...
yyyy-02-00 19:08:00 [INFO]: Products Router mounted at: /products
yyyy-02-00 19:08:00 [INFO]: Routes Mounted... 

yyyy-02-00 19:08:00 [INFO]: Server is running at http://localhost:8000 with 3051444

yyyy-02-00 19:08:05 [INFO]: Loading App... 

yyyy-02-00 19:08:05 [INFO]: MongoDB connected 

yyyy-02-00 19:08:05 [INFO]: Loading Middlewares...
yyyy-02-00 19:08:05 [INFO]: All Middlewares Loaded...

yyyy-02-00 19:08:05 [INFO]: Mounting Routes...
yyyy-02-00 19:08:05 [INFO]: Products Router mounted at: /products
yyyy-02-00 19:08:05 [INFO]: Routes Mounted... 

yyyy-02-00 19:08:05 [INFO]: Server is running at http://localhost:8000 with 3051545

yyyy-02-00 19:08:07 [INFO]: Loading App... 

yyyy-02-00 19:08:07 [INFO]: MongoDB connected 

yyyy-02-00 19:08:07 [INFO]: Loading Middlewares...
yyyy-02-00 19:08:07 [INFO]: All Middlewares Loaded...

yyyy-02-00 19:08:07 [INFO]: Mounting Routes...
yyyy-02-00 19:08:07 [INFO]: Products Router mounted at: /products
yyyy-02-00 19:08:07 [INFO]: Routes Mounted... 

yyyy-02-00 19:08:07 [INFO]: Server is running at http://localhost:8000 with 3051623

yyyy-02-00 19:08:12 [INFO]: Loading App... 

yyyy-02-00 19:08:12 [INFO]: MongoDB connected 

yyyy-02-00 19:08:12 [INFO]: Loading Middlewares...
yyyy-02-00 19:08:12 [INFO]: All Middlewares Loaded...

yyyy-02-00 19:08:12 [INFO]: Mounting Routes...
yyyy-02-00 19:08:12 [INFO]: Products Router mounted at: /products
yyyy-02-00 19:08:12 [INFO]: Routes Mounted... 

yyyy-02-00 19:08:12 [INFO]: Server is running at http://localhost:8000 with 3051698

yyyy-02-00 19:08:14 [INFO]: Loading App... 

yyyy-02-00 19:08:14 [INFO]: MongoDB connected 

yyyy-02-00 19:08:14 [INFO]: Loading Middlewares...
yyyy-02-00 19:08:14 [INFO]: All Middlewares Loaded...

yyyy-02-00 19:08:14 [INFO]: Mounting Routes...
yyyy-02-00 19:08:14 [INFO]: Products Router mounted at: /products
yyyy-02-00 19:08:14 [INFO]: Routes Mounted... 

yyyy-02-00 19:08:14 [INFO]: Server is running at http://localhost:8000 with 3051737

yyyy-02-00 19:08:26 [INFO]: Loading App... 

yyyy-02-00 19:08:26 [INFO]: MongoDB connected 

yyyy-02-00 19:08:26 [INFO]: Loading Middlewares...
yyyy-02-00 19:08:26 [INFO]: All Middlewares Loaded...

yyyy-02-00 19:08:26 [INFO]: Mounting Routes...
yyyy-02-00 19:08:26 [INFO]: Products Router mounted at: /products
yyyy-02-00 19:08:26 [INFO]: Routes Mounted... 

yyyy-02-00 19:08:26 [INFO]: Server is running at http://localhost:8000 with 3051866

yyyy-02-00 19:08:29 [INFO]: Loading App... 

yyyy-02-00 19:08:29 [INFO]: MongoDB connected 

yyyy-02-00 19:08:29 [INFO]: Loading Middlewares...
yyyy-02-00 19:08:29 [INFO]: All Middlewares Loaded...

yyyy-02-00 19:08:29 [INFO]: Mounting Routes...
yyyy-02-00 19:08:29 [INFO]: Products Router mounted at: /products
yyyy-02-00 19:08:29 [INFO]: Routes Mounted... 

yyyy-02-00 19:08:29 [INFO]: Server is running at http://localhost:8000 with 3051953

yyyy-02-00 19:08:31 [INFO]: Loading App... 

yyyy-02-00 19:08:31 [INFO]: MongoDB connected 

yyyy-02-00 19:08:31 [INFO]: Loading Middlewares...
yyyy-02-00 19:08:31 [INFO]: All Middlewares Loaded...

yyyy-02-00 19:08:31 [INFO]: Mounting Routes...
yyyy-02-00 19:08:31 [INFO]: Products Router mounted at: /products
yyyy-02-00 19:08:31 [INFO]: Routes Mounted... 

yyyy-02-00 19:08:31 [INFO]: Server is running at http://localhost:8000 with 3051972

yyyy-02-00 19:08:59 [INFO]: Loading App... 

yyyy-02-00 19:08:59 [INFO]: MongoDB connected 

yyyy-02-00 19:08:59 [INFO]: Loading Middlewares...
yyyy-02-00 19:08:59 [INFO]: All Middlewares Loaded...

yyyy-02-00 19:08:59 [INFO]: Mounting Routes...
yyyy-02-00 19:08:59 [INFO]: Products Router mounted at: /products
yyyy-02-00 19:08:59 [INFO]: Routes Mounted... 

yyyy-02-00 19:08:59 [INFO]: Server is running at http://localhost:8000 with 3052285

yyyy-02-00 19:09:02 [INFO]: Loading App... 

yyyy-02-00 19:09:02 [INFO]: MongoDB connected 

yyyy-02-00 19:09:02 [INFO]: Loading Middlewares...
yyyy-02-00 19:09:02 [INFO]: All Middlewares Loaded...

yyyy-02-00 19:09:02 [INFO]: Mounting Routes...
yyyy-02-00 19:09:02 [INFO]: Products Router mounted at: /products
yyyy-02-00 19:09:02 [INFO]: Routes Mounted... 

yyyy-02-00 19:09:02 [INFO]: Server is running at http://localhost:8000 with 3052413

yyyy-02-00 19:10:47 [INFO]: Loading App... 

yyyy-02-00 19:10:47 [INFO]: MongoDB connected 

yyyy-02-00 19:10:47 [INFO]: Loading Middlewares...
yyyy-02-00 19:10:47 [INFO]: All Middlewares Loaded...

yyyy-02-00 19:10:47 [INFO]: Mounting Routes...
yyyy-02-00 19:10:47 [INFO]: Products Router mounted at: /products
yyyy-02-00 19:10:47 [INFO]: Routes Mounted... 

yyyy-02-00 19:10:47 [INFO]: Server is running at http://localhost:8000 with 3053153

yyyy-02-00 19:10:59 [INFO]: Loading App... 

yyyy-02-00 19:10:59 [INFO]: MongoDB connected 

yyyy-02-00 19:10:59 [INFO]: Loading Middlewares...
yyyy-02-00 19:10:59 [INFO]: All Middlewares Loaded...

yyyy-02-00 19:10:59 [INFO]: Mounting Routes...
yyyy-02-00 19:10:59 [INFO]: Products Router mounted at: /products
yyyy-02-00 19:10:59 [INFO]: Routes Mounted... 

yyyy-02-00 19:10:59 [INFO]: Server is running at http://localhost:8000 with 3053359

yyyy-02-00 19:11:01 [INFO]: Loading App... 

yyyy-02-00 19:11:01 [INFO]: MongoDB connected 

yyyy-02-00 19:11:01 [INFO]: Loading Middlewares...
yyyy-02-00 19:11:01 [INFO]: All Middlewares Loaded...

yyyy-02-00 19:11:01 [INFO]: Mounting Routes...
yyyy-02-00 19:11:01 [INFO]: Products Router mounted at: /products
yyyy-02-00 19:11:01 [INFO]: Routes Mounted... 

yyyy-02-00 19:11:01 [INFO]: Server is running at http://localhost:8000 with 3053433

yyyy-02-00 19:11:06 [INFO]: Loading App... 

yyyy-02-00 19:11:06 [INFO]: MongoDB connected 

yyyy-02-00 19:11:06 [INFO]: Loading Middlewares...
yyyy-02-00 19:11:06 [INFO]: All Middlewares Loaded...

yyyy-02-00 19:11:06 [INFO]: Mounting Routes...
yyyy-02-00 19:11:06 [INFO]: Products Router mounted at: /products
yyyy-02-00 19:11:06 [INFO]: Routes Mounted... 

yyyy-02-00 19:11:06 [INFO]: Server is running at http://localhost:8000 with 3053516

yyyy-02-00 19:12:23 [INFO]: Loading App... 

yyyy-02-00 19:12:23 [INFO]: MongoDB connected 

yyyy-02-00 19:12:23 [INFO]: Loading Middlewares...
yyyy-02-00 19:12:23 [INFO]: All Middlewares Loaded...

yyyy-02-00 19:12:23 [INFO]: Mounting Routes...
yyyy-02-00 19:12:23 [INFO]: Products Router mounted at: /products
yyyy-02-00 19:12:23 [INFO]: Routes Mounted... 

yyyy-02-00 19:12:23 [INFO]: Server is running at http://localhost:8000 with 3054052

yyyy-02-00 19:12:24 [INFO]: Loading App... 

yyyy-02-00 19:12:24 [INFO]: MongoDB connected 

yyyy-02-00 19:12:24 [INFO]: Loading Middlewares...
yyyy-02-00 19:12:24 [INFO]: All Middlewares Loaded...

yyyy-02-00 19:12:24 [INFO]: Mounting Routes...
yyyy-02-00 19:12:24 [INFO]: Products Router mounted at: /products
yyyy-02-00 19:12:24 [INFO]: Routes Mounted... 

yyyy-02-00 19:12:24 [INFO]: Server is running at http://localhost:8000 with 3054107

yyyy-02-00 19:12:31 [INFO]: Loading App... 

yyyy-02-00 19:12:31 [INFO]: MongoDB connected 

yyyy-02-00 19:12:31 [INFO]: Loading Middlewares...
yyyy-02-00 19:12:31 [INFO]: All Middlewares Loaded...

yyyy-02-00 19:12:31 [INFO]: Mounting Routes...
yyyy-02-00 19:12:31 [INFO]: Products Router mounted at: /products
yyyy-02-00 19:12:31 [INFO]: Routes Mounted... 

yyyy-02-00 19:12:31 [INFO]: Server is running at http://localhost:8000 with 3054227

yyyy-02-00 19:12:34 [INFO]: Loading App... 

yyyy-02-00 19:12:34 [INFO]: MongoDB connected 

yyyy-02-00 19:12:34 [INFO]: Loading Middlewares...
yyyy-02-00 19:12:34 [INFO]: All Middlewares Loaded...

yyyy-02-00 19:12:34 [INFO]: Mounting Routes...
yyyy-02-00 19:12:34 [INFO]: Products Router mounted at: /products
yyyy-02-00 19:12:34 [INFO]: Routes Mounted... 

yyyy-02-00 19:12:34 [INFO]: Server is running at http://localhost:8000 with 3054266

yyyy-02-00 19:12:46 [INFO]: Loading App... 

yyyy-02-00 19:12:46 [INFO]: MongoDB connected 

yyyy-02-00 19:12:46 [INFO]: Loading Middlewares...
yyyy-02-00 19:12:46 [INFO]: All Middlewares Loaded...

yyyy-02-00 19:12:46 [INFO]: Mounting Routes...
yyyy-02-00 19:12:46 [INFO]: Products Router mounted at: /products
yyyy-02-00 19:12:46 [INFO]: Routes Mounted... 

yyyy-02-00 19:12:46 [INFO]: Server is running at http://localhost:8000 with 3054432

yyyy-02-00 19:12:47 [INFO]: Loading App... 

yyyy-02-00 19:12:47 [INFO]: MongoDB connected 

yyyy-02-00 19:12:47 [INFO]: Loading Middlewares...
yyyy-02-00 19:12:47 [INFO]: All Middlewares Loaded...

yyyy-02-00 19:12:47 [INFO]: Mounting Routes...
yyyy-02-00 19:12:47 [INFO]: Products Router mounted at: /products
yyyy-02-00 19:12:47 [INFO]: Routes Mounted... 

yyyy-02-00 19:12:47 [INFO]: Server is running at http://localhost:8000 with 3054472

yyyy-02-00 19:12:52 [INFO]: Loading App... 

yyyy-02-00 19:12:52 [INFO]: MongoDB connected 

yyyy-02-00 19:12:52 [INFO]: Loading Middlewares...
yyyy-02-00 19:12:52 [INFO]: All Middlewares Loaded...

yyyy-02-00 19:12:52 [INFO]: Mounting Routes...
yyyy-02-00 19:12:52 [INFO]: Products Router mounted at: /products
yyyy-02-00 19:12:52 [INFO]: Routes Mounted... 

yyyy-02-00 19:12:52 [INFO]: Server is running at http://localhost:8000 with 3054561

yyyy-02-00 19:12:54 [INFO]: Loading App... 

yyyy-02-00 19:12:54 [INFO]: MongoDB connected 

yyyy-02-00 19:12:54 [INFO]: Loading Middlewares...
yyyy-02-00 19:12:54 [INFO]: All Middlewares Loaded...

yyyy-02-00 19:12:54 [INFO]: Mounting Routes...
yyyy-02-00 19:12:54 [INFO]: Products Router mounted at: /products
yyyy-02-00 19:12:54 [INFO]: Routes Mounted... 

yyyy-02-00 19:12:54 [INFO]: Server is running at http://localhost:8000 with 3054626

yyyy-02-00 19:13:02 [INFO]: Loading App... 

yyyy-02-00 19:13:02 [INFO]: MongoDB connected 

yyyy-02-00 19:13:02 [INFO]: Loading Middlewares...
yyyy-02-00 19:13:02 [INFO]: All Middlewares Loaded...

yyyy-02-00 19:13:02 [INFO]: Mounting Routes...
yyyy-02-00 19:13:02 [INFO]: Products Router mounted at: /products
yyyy-02-00 19:13:02 [INFO]: Routes Mounted... 

yyyy-02-00 19:13:02 [INFO]: Server is running at http://localhost:8000 with 3054740

yyyy-02-00 19:13:11 [INFO]: Loading App... 

yyyy-02-00 19:13:11 [INFO]: MongoDB connected 

yyyy-02-00 19:13:11 [INFO]: Loading Middlewares...
yyyy-02-00 19:13:11 [INFO]: All Middlewares Loaded...

yyyy-02-00 19:13:11 [INFO]: Mounting Routes...
yyyy-02-00 19:13:11 [INFO]: Products Router mounted at: /products
yyyy-02-00 19:13:11 [INFO]: Routes Mounted... 

yyyy-02-00 19:13:11 [INFO]: Server is running at http://localhost:8000 with 3054873

yyyy-02-00 19:13:27 [INFO]: Loading App... 

yyyy-02-00 19:13:27 [INFO]: MongoDB connected 

yyyy-02-00 19:13:27 [INFO]: Loading Middlewares...
yyyy-02-00 19:13:27 [INFO]: All Middlewares Loaded...

yyyy-02-00 19:13:27 [INFO]: Mounting Routes...
yyyy-02-00 19:13:27 [INFO]: Products Router mounted at: /products
yyyy-02-00 19:13:27 [INFO]: Routes Mounted... 

yyyy-02-00 19:13:27 [INFO]: Server is running at http://localhost:8000 with 3055064

yyyy-02-00 19:13:47 [INFO]: Loading App... 

yyyy-02-00 19:13:47 [INFO]: MongoDB connected 

yyyy-02-00 19:13:47 [INFO]: Loading Middlewares...
yyyy-02-00 19:13:47 [INFO]: All Middlewares Loaded...

yyyy-02-00 19:13:47 [INFO]: Mounting Routes...
yyyy-02-00 19:13:47 [INFO]: Products Router mounted at: /products
yyyy-02-00 19:13:47 [INFO]: Routes Mounted... 

yyyy-02-00 19:13:47 [INFO]: Server is running at http://localhost:8000 with 3055270

yyyy-02-00 19:13:51 [INFO]: Loading App... 

yyyy-02-00 19:13:51 [INFO]: MongoDB connected 

yyyy-02-00 19:13:51 [INFO]: Loading Middlewares...
yyyy-02-00 19:13:51 [INFO]: All Middlewares Loaded...

yyyy-02-00 19:13:51 [INFO]: Mounting Routes...
yyyy-02-00 19:13:51 [INFO]: Products Router mounted at: /products
yyyy-02-00 19:13:51 [INFO]: Routes Mounted... 

yyyy-02-00 19:13:51 [INFO]: Server is running at http://localhost:8000 with 3055378

yyyy-02-00 19:14:10 [INFO]: Loading App... 

yyyy-02-00 19:14:10 [INFO]: MongoDB connected 

yyyy-02-00 19:14:10 [INFO]: Loading Middlewares...
yyyy-02-00 19:14:10 [INFO]: All Middlewares Loaded...

yyyy-02-00 19:14:10 [INFO]: Mounting Routes...
yyyy-02-00 19:14:10 [INFO]: Products Router mounted at: /products
yyyy-02-00 19:14:10 [INFO]: Routes Mounted... 

yyyy-02-00 19:14:10 [INFO]: Server is running at http://localhost:8000 with 3055600

yyyy-02-00 19:14:19 [INFO]: Loading App... 

yyyy-02-00 19:14:19 [INFO]: MongoDB connected 

yyyy-02-00 19:14:19 [INFO]: Loading Middlewares...
yyyy-02-00 19:14:19 [INFO]: All Middlewares Loaded...

yyyy-02-00 19:14:19 [INFO]: Mounting Routes...
yyyy-02-00 19:14:19 [INFO]: Products Router mounted at: /products
yyyy-02-00 19:14:19 [INFO]: Routes Mounted... 

yyyy-02-00 19:14:19 [INFO]: Server is running at http://localhost:8000 with 3055750

yyyy-02-00 19:14:36 [INFO]: Loading App... 

yyyy-02-00 19:14:36 [INFO]: MongoDB connected 

yyyy-02-00 19:14:36 [INFO]: Loading Middlewares...
yyyy-02-00 19:14:36 [INFO]: All Middlewares Loaded...

yyyy-02-00 19:14:36 [INFO]: Mounting Routes...
yyyy-02-00 19:14:36 [INFO]: Products Router mounted at: /products
yyyy-02-00 19:14:36 [INFO]: Routes Mounted... 

yyyy-02-00 19:14:36 [INFO]: Server is running at http://localhost:8000 with 3055962

yyyy-02-00 19:14:40 [INFO]: Loading App... 

yyyy-02-00 19:14:40 [INFO]: MongoDB connected 

yyyy-02-00 19:14:40 [INFO]: Loading Middlewares...
yyyy-02-00 19:14:40 [INFO]: All Middlewares Loaded...

yyyy-02-00 19:14:40 [INFO]: Mounting Routes...
yyyy-02-00 19:14:40 [INFO]: Products Router mounted at: /products
yyyy-02-00 19:14:40 [INFO]: Routes Mounted... 

yyyy-02-00 19:14:40 [INFO]: Server is running at http://localhost:8000 with 3056051

yyyy-02-00 19:14:41 [INFO]: Loading App... 

yyyy-02-00 19:14:41 [INFO]: MongoDB connected 

yyyy-02-00 19:14:41 [INFO]: Loading Middlewares...
yyyy-02-00 19:14:41 [INFO]: All Middlewares Loaded...

yyyy-02-00 19:14:41 [INFO]: Mounting Routes...
yyyy-02-00 19:14:41 [INFO]: Products Router mounted at: /products
yyyy-02-00 19:14:41 [INFO]: Routes Mounted... 

yyyy-02-00 19:14:41 [INFO]: Server is running at http://localhost:8000 with 3056080

yyyy-02-00 19:14:49 [INFO]: Loading App... 

yyyy-02-00 19:14:49 [INFO]: MongoDB connected 

yyyy-02-00 19:14:49 [INFO]: Loading Middlewares...
yyyy-02-00 19:14:49 [INFO]: All Middlewares Loaded...

yyyy-02-00 19:14:49 [INFO]: Mounting Routes...
yyyy-02-00 19:14:49 [INFO]: Products Router mounted at: /products
yyyy-02-00 19:14:49 [INFO]: Routes Mounted... 

yyyy-02-00 19:14:49 [INFO]: Server is running at http://localhost:8000 with 3056218

yyyy-02-00 19:14:52 [INFO]: Loading App... 

yyyy-02-00 19:14:52 [INFO]: MongoDB connected 

yyyy-02-00 19:14:52 [INFO]: Loading Middlewares...
yyyy-02-00 19:14:52 [INFO]: All Middlewares Loaded...

yyyy-02-00 19:14:52 [INFO]: Mounting Routes...
yyyy-02-00 19:14:52 [INFO]: Products Router mounted at: /products
yyyy-02-00 19:14:52 [INFO]: Routes Mounted... 

yyyy-02-00 19:14:52 [INFO]: Server is running at http://localhost:8000 with 3056286

yyyy-02-00 19:15:03 [INFO]: Loading App... 

yyyy-02-00 19:15:03 [INFO]: MongoDB connected 

yyyy-02-00 19:15:03 [INFO]: Loading Middlewares...
yyyy-02-00 19:15:03 [INFO]: All Middlewares Loaded...

yyyy-02-00 19:15:03 [INFO]: Mounting Routes...
yyyy-02-00 19:15:03 [INFO]: Products Router mounted at: /products
yyyy-02-00 19:15:03 [INFO]: Routes Mounted... 

yyyy-02-00 19:15:03 [INFO]: Server is running at http://localhost:8000 with 3056475

yyyy-02-00 19:15:07 [INFO]: Loading App... 

yyyy-02-00 19:15:07 [INFO]: MongoDB connected 

yyyy-02-00 19:15:07 [INFO]: Loading Middlewares...
yyyy-02-00 19:15:07 [INFO]: All Middlewares Loaded...

yyyy-02-00 19:15:07 [INFO]: Mounting Routes...
yyyy-02-00 19:15:07 [INFO]: Products Router mounted at: /products
yyyy-02-00 19:15:07 [INFO]: Routes Mounted... 

yyyy-02-00 19:15:07 [INFO]: Server is running at http://localhost:8000 with 3056548

yyyy-02-00 19:15:11 [INFO]: Loading App... 

yyyy-02-00 19:15:11 [INFO]: MongoDB connected 

yyyy-02-00 19:15:11 [INFO]: Loading Middlewares...
yyyy-02-00 19:15:11 [INFO]: All Middlewares Loaded...

yyyy-02-00 19:15:11 [INFO]: Mounting Routes...
yyyy-02-00 19:15:11 [INFO]: Products Router mounted at: /products
yyyy-02-00 19:15:11 [INFO]: Routes Mounted... 

yyyy-02-00 19:15:11 [INFO]: Server is running at http://localhost:8000 with 3056616

yyyy-02-00 19:15:16 [INFO]: Loading App... 

yyyy-02-00 19:15:16 [INFO]: MongoDB connected 

yyyy-02-00 19:15:16 [INFO]: Loading Middlewares...
yyyy-02-00 19:15:16 [INFO]: All Middlewares Loaded...

yyyy-02-00 19:15:16 [INFO]: Mounting Routes...
yyyy-02-00 19:15:16 [INFO]: Products Router mounted at: /products
yyyy-02-00 19:15:16 [INFO]: Routes Mounted... 

yyyy-02-00 19:15:16 [INFO]: Server is running at http://localhost:8000 with 3056705

yyyy-02-00 19:15:18 [INFO]: Loading App... 

yyyy-02-00 19:15:18 [INFO]: MongoDB connected 

yyyy-02-00 19:15:18 [INFO]: Loading Middlewares...
yyyy-02-00 19:15:18 [INFO]: All Middlewares Loaded...

yyyy-02-00 19:15:18 [INFO]: Mounting Routes...
yyyy-02-00 19:15:18 [INFO]: Products Router mounted at: /products
yyyy-02-00 19:15:18 [INFO]: Routes Mounted... 

yyyy-02-00 19:15:18 [INFO]: Server is running at http://localhost:8000 with 3056780

yyyy-02-00 19:15:32 [INFO]: Loading App... 

yyyy-02-00 19:15:32 [INFO]: MongoDB connected 

yyyy-02-00 19:15:32 [INFO]: Loading Middlewares...
yyyy-02-00 19:15:32 [INFO]: All Middlewares Loaded...

yyyy-02-00 19:15:32 [INFO]: Mounting Routes...
yyyy-02-00 19:15:32 [INFO]: Products Router mounted at: /products
yyyy-02-00 19:15:32 [INFO]: Routes Mounted... 

yyyy-02-00 19:15:32 [INFO]: Server is running at http://localhost:8000 with 3056927

yyyy-02-00 19:15:45 [INFO]: Loading App... 

yyyy-02-00 19:15:45 [INFO]: MongoDB connected 

yyyy-02-00 19:15:45 [INFO]: Loading Middlewares...
yyyy-02-00 19:15:45 [INFO]: All Middlewares Loaded...

yyyy-02-00 19:15:45 [INFO]: Mounting Routes...
yyyy-02-00 19:15:45 [INFO]: Products Router mounted at: /products
yyyy-02-00 19:15:45 [INFO]: Routes Mounted... 

yyyy-02-00 19:15:45 [INFO]: Server is running at http://localhost:8000 with 3057084

yyyy-02-00 19:15:47 [INFO]: Loading App... 

yyyy-02-00 19:15:47 [INFO]: MongoDB connected 

yyyy-02-00 19:15:47 [INFO]: Loading Middlewares...
yyyy-02-00 19:15:47 [INFO]: All Middlewares Loaded...

yyyy-02-00 19:15:47 [INFO]: Mounting Routes...
yyyy-02-00 19:15:47 [INFO]: Products Router mounted at: /products
yyyy-02-00 19:15:47 [INFO]: Routes Mounted... 

yyyy-02-00 19:15:47 [INFO]: Server is running at http://localhost:8000 with 3057152

yyyy-02-00 19:15:51 [INFO]: Loading App... 

yyyy-02-00 19:15:51 [INFO]: MongoDB connected 

yyyy-02-00 19:15:51 [INFO]: Loading Middlewares...
yyyy-02-00 19:15:51 [INFO]: All Middlewares Loaded...

yyyy-02-00 19:15:51 [INFO]: Mounting Routes...
yyyy-02-00 19:15:51 [INFO]: Products Router mounted at: /products
yyyy-02-00 19:15:51 [INFO]: Routes Mounted... 

yyyy-02-00 19:15:51 [INFO]: Server is running at http://localhost:8000 with 3057232

yyyy-02-00 19:15:56 [INFO]: Loading App... 

yyyy-02-00 19:15:56 [INFO]: MongoDB connected 

yyyy-02-00 19:15:56 [INFO]: Loading Middlewares...
yyyy-02-00 19:15:56 [INFO]: All Middlewares Loaded...

yyyy-02-00 19:15:56 [INFO]: Mounting Routes...
yyyy-02-00 19:15:56 [INFO]: Products Router mounted at: /products
yyyy-02-00 19:15:56 [INFO]: Routes Mounted... 

yyyy-02-00 19:15:56 [INFO]: Server is running at http://localhost:8000 with 3057326

yyyy-02-00 19:16:46 [INFO]: Loading App... 

yyyy-02-00 19:16:46 [INFO]: MongoDB connected 

yyyy-02-00 19:16:46 [INFO]: Loading Middlewares...
yyyy-02-00 19:16:46 [INFO]: All Middlewares Loaded...

yyyy-02-00 19:16:46 [INFO]: Mounting Routes...
yyyy-02-00 19:16:46 [INFO]: Products Router mounted at: /products
yyyy-02-00 19:16:46 [INFO]: Routes Mounted... 

yyyy-02-00 19:16:46 [INFO]: Server is running at http://localhost:8000 with 3057766

yyyy-02-00 19:16:48 [INFO]: Loading App... 

yyyy-02-00 19:16:48 [INFO]: MongoDB connected 

yyyy-02-00 19:16:48 [INFO]: Loading Middlewares...
yyyy-02-00 19:16:48 [INFO]: All Middlewares Loaded...

yyyy-02-00 19:16:48 [INFO]: Mounting Routes...
yyyy-02-00 19:16:48 [INFO]: Products Router mounted at: /products
yyyy-02-00 19:16:48 [INFO]: Routes Mounted... 

yyyy-02-00 19:16:48 [INFO]: Server is running at http://localhost:8000 with 3057808

yyyy-02-00 19:16:49 [INFO]: Loading App... 

yyyy-02-00 19:16:49 [INFO]: MongoDB connected 

yyyy-02-00 19:16:49 [INFO]: Loading Middlewares...
yyyy-02-00 19:16:49 [INFO]: All Middlewares Loaded...

yyyy-02-00 19:16:49 [INFO]: Mounting Routes...
yyyy-02-00 19:16:49 [INFO]: Products Router mounted at: /products
yyyy-02-00 19:16:49 [INFO]: Routes Mounted... 

yyyy-02-00 19:16:49 [INFO]: Server is running at http://localhost:8000 with 3057871

yyyy-02-00 19:16:55 [INFO]: Loading App... 

yyyy-02-00 19:16:55 [INFO]: MongoDB connected 

yyyy-02-00 19:16:55 [INFO]: Loading Middlewares...
yyyy-02-00 19:16:55 [INFO]: All Middlewares Loaded...

yyyy-02-00 19:16:55 [INFO]: Mounting Routes...
yyyy-02-00 19:16:55 [INFO]: Products Router mounted at: /products
yyyy-02-00 19:16:55 [INFO]: Routes Mounted... 

yyyy-02-00 19:16:55 [INFO]: Server is running at http://localhost:8000 with 3057966

yyyy-02-00 19:16:57 [INFO]: Loading App... 

yyyy-02-00 19:16:57 [INFO]: MongoDB connected 

yyyy-02-00 19:16:57 [INFO]: Loading Middlewares...
yyyy-02-00 19:16:57 [INFO]: All Middlewares Loaded...

yyyy-02-00 19:16:57 [INFO]: Mounting Routes...
yyyy-02-00 19:16:57 [INFO]: Products Router mounted at: /products
yyyy-02-00 19:16:57 [INFO]: Routes Mounted... 

yyyy-02-00 19:16:57 [INFO]: Server is running at http://localhost:8000 with 3057993

yyyy-02-00 19:17:04 [INFO]: Loading App... 

yyyy-02-00 19:17:04 [INFO]: MongoDB connected 

yyyy-02-00 19:17:04 [INFO]: Loading Middlewares...
yyyy-02-00 19:17:04 [INFO]: All Middlewares Loaded...

yyyy-02-00 19:17:04 [INFO]: Mounting Routes...
yyyy-02-00 19:17:04 [INFO]: Products Router mounted at: /products
yyyy-02-00 19:17:04 [INFO]: Routes Mounted... 

yyyy-02-00 19:17:04 [INFO]: Server is running at http://localhost:8000 with 3058141

yyyy-02-00 19:19:10 [INFO]: Loading App... 

yyyy-02-00 19:19:10 [INFO]: MongoDB connected 

yyyy-02-00 19:19:10 [INFO]: Loading Middlewares...
yyyy-02-00 19:19:10 [INFO]: All Middlewares Loaded...

yyyy-02-00 19:19:10 [INFO]: Mounting Routes...
yyyy-02-00 19:19:10 [INFO]: Products Router mounted at: /products
yyyy-02-00 19:19:10 [INFO]: Routes Mounted... 

yyyy-02-00 19:19:10 [INFO]: Server is running at http://localhost:8000 with 3059073

yyyy-02-00 19:19:12 [INFO]: Loading App... 

yyyy-02-00 19:19:12 [INFO]: MongoDB connected 

yyyy-02-00 19:19:12 [INFO]: Loading Middlewares...
yyyy-02-00 19:19:12 [INFO]: All Middlewares Loaded...

yyyy-02-00 19:19:12 [INFO]: Mounting Routes...
yyyy-02-00 19:19:12 [INFO]: Products Router mounted at: /products
yyyy-02-00 19:19:12 [INFO]: Routes Mounted... 

yyyy-02-00 19:19:12 [INFO]: Server is running at http://localhost:8000 with 3059138

yyyy-02-00 19:19:13 [INFO]: Loading App... 

yyyy-02-00 19:19:13 [INFO]: MongoDB connected 

yyyy-02-00 19:19:13 [INFO]: Loading Middlewares...
yyyy-02-00 19:19:13 [INFO]: All Middlewares Loaded...

yyyy-02-00 19:19:13 [INFO]: Mounting Routes...
yyyy-02-00 19:19:13 [INFO]: Products Router mounted at: /products
yyyy-02-00 19:19:13 [INFO]: Routes Mounted... 

yyyy-02-00 19:19:13 [INFO]: Server is running at http://localhost:8000 with 3059177

yyyy-02-00 19:19:17 [INFO]: Loading App... 

yyyy-02-00 19:19:17 [INFO]: MongoDB connected 

yyyy-02-00 19:19:17 [INFO]: Loading Middlewares...
yyyy-02-00 19:19:17 [INFO]: All Middlewares Loaded...

yyyy-02-00 19:19:17 [INFO]: Mounting Routes...
yyyy-02-00 19:19:17 [INFO]: Products Router mounted at: /products
yyyy-02-00 19:19:17 [INFO]: Routes Mounted... 

yyyy-02-00 19:19:17 [INFO]: Server is running at http://localhost:8000 with 3059258

yyyy-02-00 19:19:48 [INFO]: Loading App... 

yyyy-02-00 19:19:48 [INFO]: MongoDB connected 

yyyy-02-00 19:19:48 [INFO]: Loading Middlewares...
yyyy-02-00 19:19:48 [INFO]: All Middlewares Loaded...

yyyy-02-00 19:19:48 [INFO]: Mounting Routes...
yyyy-02-00 19:19:48 [INFO]: Products Router mounted at: /products
yyyy-02-00 19:19:48 [INFO]: Routes Mounted... 

yyyy-02-00 19:19:48 [INFO]: Server is running at http://localhost:8000 with 3059510

yyyy-02-00 19:37:48 [INFO]: Loading App... 

yyyy-02-00 19:37:48 [INFO]: MongoDB connected 

yyyy-02-00 19:37:48 [INFO]: Loading Middlewares...
yyyy-02-00 19:37:48 [INFO]: All Middlewares Loaded...

yyyy-02-00 19:37:48 [INFO]: Mounting Routes...
yyyy-02-00 19:37:48 [INFO]: Products Router mounted at: /products
yyyy-02-00 19:37:48 [INFO]: Routes Mounted... 

yyyy-02-00 19:37:48 [INFO]: Server is running at http://localhost:8000 with 3066008

yyyy-02-00 19:37:54 [INFO]: Loading App... 

yyyy-02-00 19:37:54 [INFO]: MongoDB connected 

yyyy-02-00 19:37:54 [INFO]: Loading Middlewares...
yyyy-02-00 19:37:54 [INFO]: All Middlewares Loaded...

yyyy-02-00 19:37:54 [INFO]: Mounting Routes...
yyyy-02-00 19:37:54 [INFO]: Products Router mounted at: /products
yyyy-02-00 19:37:54 [INFO]: Routes Mounted... 

yyyy-02-00 19:37:54 [INFO]: Server is running at http://localhost:8000 with 3066127

yyyy-02-00 19:38:00 [INFO]: Loading App... 

yyyy-02-00 19:38:00 [INFO]: MongoDB connected 

yyyy-02-00 19:38:00 [INFO]: Loading Middlewares...
yyyy-02-00 19:38:00 [INFO]: All Middlewares Loaded...

yyyy-02-00 19:38:00 [INFO]: Mounting Routes...
yyyy-02-00 19:38:00 [INFO]: Products Router mounted at: /products
yyyy-02-00 19:38:00 [INFO]: Routes Mounted... 

yyyy-02-00 19:38:00 [INFO]: Server is running at http://localhost:8000 with 3066236

yyyy-02-00 19:38:39 [INFO]: Loading App... 

yyyy-02-00 19:38:39 [INFO]: MongoDB connected 

yyyy-02-00 19:38:39 [INFO]: Loading Middlewares...
yyyy-02-00 19:38:39 [INFO]: All Middlewares Loaded...

yyyy-02-00 19:38:39 [INFO]: Mounting Routes...
yyyy-02-00 19:38:39 [INFO]: Products Router mounted at: /products
yyyy-02-00 19:38:39 [INFO]: Routes Mounted... 

yyyy-02-00 19:38:39 [INFO]: Server is running at http://localhost:8000 with 3066534

yyyy-02-00 19:38:42 [INFO]: Loading App... 

yyyy-02-00 19:38:42 [INFO]: MongoDB connected 

yyyy-02-00 19:38:42 [INFO]: Loading Middlewares...
yyyy-02-00 19:38:42 [INFO]: All Middlewares Loaded...

yyyy-02-00 19:38:42 [INFO]: Mounting Routes...
yyyy-02-00 19:38:42 [INFO]: Products Router mounted at: /products
yyyy-02-00 19:38:42 [INFO]: Routes Mounted... 

yyyy-02-00 19:38:42 [INFO]: Server is running at http://localhost:8000 with 3066613

yyyy-02-00 19:38:46 [INFO]: Loading App... 

yyyy-02-00 19:38:46 [INFO]: MongoDB connected 

yyyy-02-00 19:38:46 [INFO]: Loading Middlewares...
yyyy-02-00 19:38:46 [INFO]: All Middlewares Loaded...

yyyy-02-00 19:38:46 [INFO]: Mounting Routes...
yyyy-02-00 19:38:46 [INFO]: Products Router mounted at: /products
yyyy-02-00 19:38:46 [INFO]: Routes Mounted... 

yyyy-02-00 19:38:46 [INFO]: Server is running at http://localhost:8000 with 3066703

yyyy-02-00 19:39:57 [INFO]: Loading App... 

yyyy-02-00 19:39:57 [INFO]: MongoDB connected 

yyyy-02-00 19:39:57 [INFO]: Loading Middlewares...
yyyy-02-00 19:39:57 [INFO]: All Middlewares Loaded...

yyyy-02-00 19:39:57 [INFO]: Mounting Routes...
yyyy-02-00 19:39:57 [INFO]: Products Router mounted at: /products
yyyy-02-00 19:39:57 [INFO]: Routes Mounted... 

yyyy-02-00 19:39:57 [INFO]: Server is running at http://localhost:8000 with 3067251

yyyy-02-00 19:40:01 [INFO]: Loading App... 

yyyy-02-00 19:40:01 [INFO]: MongoDB connected 

yyyy-02-00 19:40:01 [INFO]: Loading Middlewares...
yyyy-02-00 19:40:01 [INFO]: All Middlewares Loaded...

yyyy-02-00 19:40:01 [INFO]: Mounting Routes...
yyyy-02-00 19:40:01 [INFO]: Products Router mounted at: /products
yyyy-02-00 19:40:01 [INFO]: Routes Mounted... 

yyyy-02-00 19:40:01 [INFO]: Server is running at http://localhost:8000 with 3067344

yyyy-02-00 19:40:05 [INFO]: Loading App... 

yyyy-02-00 19:40:05 [INFO]: MongoDB connected 

yyyy-02-00 19:40:05 [INFO]: Loading Middlewares...
yyyy-02-00 19:40:05 [INFO]: All Middlewares Loaded...

yyyy-02-00 19:40:05 [INFO]: Mounting Routes...
yyyy-02-00 19:40:05 [INFO]: Products Router mounted at: /products
yyyy-02-00 19:40:05 [INFO]: Routes Mounted... 

yyyy-02-00 19:40:05 [INFO]: Server is running at http://localhost:8000 with 3067429

yyyy-02-00 19:40:07 [INFO]: Loading App... 

yyyy-02-00 19:40:07 [INFO]: MongoDB connected 

yyyy-02-00 19:40:07 [INFO]: Loading Middlewares...
yyyy-02-00 19:40:07 [INFO]: All Middlewares Loaded...

yyyy-02-00 19:40:07 [INFO]: Mounting Routes...
yyyy-02-00 19:40:07 [INFO]: Products Router mounted at: /products
yyyy-02-00 19:40:07 [INFO]: Routes Mounted... 

yyyy-02-00 19:40:07 [INFO]: Server is running at http://localhost:8000 with 3067460

yyyy-02-00 19:40:45 [INFO]: Loading App... 

yyyy-02-00 19:40:45 [INFO]: MongoDB connected 

yyyy-02-00 19:40:45 [INFO]: Loading Middlewares...
yyyy-02-00 19:40:45 [INFO]: All Middlewares Loaded...

yyyy-02-00 19:40:45 [INFO]: Mounting Routes...
yyyy-02-00 19:40:45 [INFO]: Products Router mounted at: /products
yyyy-02-00 19:40:45 [INFO]: Routes Mounted... 

yyyy-02-00 19:40:45 [INFO]: Server is running at http://localhost:8000 with 3067776

yyyy-02-00 19:40:58 [INFO]: Loading App... 

yyyy-02-00 19:40:58 [INFO]: MongoDB connected 

yyyy-02-00 19:40:58 [INFO]: Loading Middlewares...
yyyy-02-00 19:40:58 [INFO]: All Middlewares Loaded...

yyyy-02-00 19:40:58 [INFO]: Mounting Routes...
yyyy-02-00 19:40:58 [INFO]: Products Router mounted at: /products
yyyy-02-00 19:40:58 [INFO]: Routes Mounted... 

yyyy-02-00 19:40:58 [INFO]: Server is running at http://localhost:8000 with 3067934

yyyy-02-00 19:41:01 [INFO]: Loading App... 

yyyy-02-00 19:41:01 [INFO]: MongoDB connected 

yyyy-02-00 19:41:01 [INFO]: Loading Middlewares...
yyyy-02-00 19:41:01 [INFO]: All Middlewares Loaded...

yyyy-02-00 19:41:01 [INFO]: Mounting Routes...
yyyy-02-00 19:41:01 [INFO]: Products Router mounted at: /products
yyyy-02-00 19:41:01 [INFO]: Routes Mounted... 

yyyy-02-00 19:41:01 [INFO]: Server is running at http://localhost:8000 with 3068022

yyyy-02-00 19:43:08 [INFO]: Loading App... 

yyyy-02-00 19:43:08 [INFO]: MongoDB connected 

yyyy-02-00 19:43:08 [INFO]: Loading Middlewares...
yyyy-02-00 19:43:08 [INFO]: All Middlewares Loaded...

yyyy-02-00 19:43:08 [INFO]: Mounting Routes...
yyyy-02-00 19:43:08 [INFO]: Products Router mounted at: /products
yyyy-02-00 19:43:08 [INFO]: Routes Mounted... 

yyyy-02-00 19:43:08 [INFO]: Server is running at http://localhost:8000 with 3068928

yyyy-02-00 19:43:17 [INFO]: Loading App... 

yyyy-02-00 19:43:17 [INFO]: MongoDB connected 

yyyy-02-00 19:43:17 [INFO]: Loading Middlewares...
yyyy-02-00 19:43:17 [INFO]: All Middlewares Loaded...

yyyy-02-00 19:43:17 [INFO]: Mounting Routes...
yyyy-02-00 19:43:17 [INFO]: Products Router mounted at: /products
yyyy-02-00 19:43:17 [INFO]: Routes Mounted... 

yyyy-02-00 19:43:17 [INFO]: Server is running at http://localhost:8000 with 3069077

yyyy-02-00 19:43:20 [INFO]: Loading App... 

yyyy-02-00 19:43:21 [INFO]: MongoDB connected 

yyyy-02-00 19:43:21 [INFO]: Loading Middlewares...
yyyy-02-00 19:43:21 [INFO]: All Middlewares Loaded...

yyyy-02-00 19:43:21 [INFO]: Mounting Routes...
yyyy-02-00 19:43:21 [INFO]: Products Router mounted at: /products
yyyy-02-00 19:43:21 [INFO]: Routes Mounted... 

yyyy-02-00 19:43:21 [INFO]: Server is running at http://localhost:8000 with 3069164

yyyy-02-00 19:43:22 [INFO]: Loading App... 

yyyy-02-00 19:43:22 [INFO]: MongoDB connected 

yyyy-02-00 19:43:22 [INFO]: Loading Middlewares...
yyyy-02-00 19:43:22 [INFO]: All Middlewares Loaded...

yyyy-02-00 19:43:22 [INFO]: Mounting Routes...
yyyy-02-00 19:43:22 [INFO]: Products Router mounted at: /products
yyyy-02-00 19:43:22 [INFO]: Routes Mounted... 

yyyy-02-00 19:43:22 [INFO]: Server is running at http://localhost:8000 with 3069183

yyyy-02-00 19:43:23 [INFO]: Loading App... 

yyyy-02-00 19:43:23 [INFO]: MongoDB connected 

yyyy-02-00 19:43:23 [INFO]: Loading Middlewares...
yyyy-02-00 19:43:23 [INFO]: All Middlewares Loaded...

yyyy-02-00 19:43:23 [INFO]: Mounting Routes...
yyyy-02-00 19:43:23 [INFO]: Products Router mounted at: /products
yyyy-02-00 19:43:23 [INFO]: Routes Mounted... 

yyyy-02-00 19:43:23 [INFO]: Server is running at http://localhost:8000 with 3069213

yyyy-02-00 19:43:26 [INFO]: Loading App... 

yyyy-02-00 19:43:26 [INFO]: MongoDB connected 

yyyy-02-00 19:43:26 [INFO]: Loading Middlewares...
yyyy-02-00 19:43:26 [INFO]: All Middlewares Loaded...

yyyy-02-00 19:43:26 [INFO]: Mounting Routes...
yyyy-02-00 19:43:26 [INFO]: Products Router mounted at: /products
yyyy-02-00 19:43:26 [INFO]: Routes Mounted... 

yyyy-02-00 19:43:26 [INFO]: Server is running at http://localhost:8000 with 3069291

yyyy-02-00 19:43:30 [INFO]: Loading App... 

yyyy-02-00 19:43:30 [INFO]: MongoDB connected 

yyyy-02-00 19:43:30 [INFO]: Loading Middlewares...
yyyy-02-00 19:43:30 [INFO]: All Middlewares Loaded...

yyyy-02-00 19:43:30 [INFO]: Mounting Routes...
yyyy-02-00 19:43:30 [INFO]: Products Router mounted at: /products
yyyy-02-00 19:43:30 [INFO]: Routes Mounted... 

yyyy-02-00 19:43:30 [INFO]: Server is running at http://localhost:8000 with 3069377

yyyy-02-00 19:43:32 [INFO]: Loading App... 

yyyy-02-00 19:43:32 [INFO]: MongoDB connected 

yyyy-02-00 19:43:32 [INFO]: Loading Middlewares...
yyyy-02-00 19:43:32 [INFO]: All Middlewares Loaded...

yyyy-02-00 19:43:32 [INFO]: Mounting Routes...
yyyy-02-00 19:43:32 [INFO]: Products Router mounted at: /products
yyyy-02-00 19:43:32 [INFO]: Routes Mounted... 

yyyy-02-00 19:43:32 [INFO]: Server is running at http://localhost:8000 with 3069403

yyyy-02-00 19:43:37 [INFO]: Loading App... 

yyyy-02-00 19:43:37 [INFO]: MongoDB connected 

yyyy-02-00 19:43:37 [INFO]: Loading Middlewares...
yyyy-02-00 19:43:37 [INFO]: All Middlewares Loaded...

yyyy-02-00 19:43:37 [INFO]: Mounting Routes...
yyyy-02-00 19:43:37 [INFO]: Products Router mounted at: /products
yyyy-02-00 19:43:37 [INFO]: Routes Mounted... 

yyyy-02-00 19:43:37 [INFO]: Server is running at http://localhost:8000 with 3069498

yyyy-02-00 19:43:39 [INFO]: Loading App... 

yyyy-02-00 19:43:39 [INFO]: MongoDB connected 

yyyy-02-00 19:43:39 [INFO]: Loading Middlewares...
yyyy-02-00 19:43:39 [INFO]: All Middlewares Loaded...

yyyy-02-00 19:43:39 [INFO]: Mounting Routes...
yyyy-02-00 19:43:39 [INFO]: Products Router mounted at: /products
yyyy-02-00 19:43:39 [INFO]: Routes Mounted... 

yyyy-02-00 19:43:39 [INFO]: Server is running at http://localhost:8000 with 3069528

yyyy-02-00 19:43:41 [INFO]: Loading App... 

yyyy-02-00 19:43:41 [INFO]: MongoDB connected 

yyyy-02-00 19:43:41 [INFO]: Loading Middlewares...
yyyy-02-00 19:43:41 [INFO]: All Middlewares Loaded...

yyyy-02-00 19:43:41 [INFO]: Mounting Routes...
yyyy-02-00 19:43:41 [INFO]: Products Router mounted at: /products
yyyy-02-00 19:43:41 [INFO]: Routes Mounted... 

yyyy-02-00 19:43:41 [INFO]: Server is running at http://localhost:8000 with 3069603

yyyy-02-00 19:43:43 [INFO]: Loading App... 

yyyy-02-00 19:43:43 [INFO]: MongoDB connected 

yyyy-02-00 19:43:43 [INFO]: Loading Middlewares...
yyyy-02-00 19:43:43 [INFO]: All Middlewares Loaded...

yyyy-02-00 19:43:43 [INFO]: Mounting Routes...
yyyy-02-00 19:43:43 [INFO]: Products Router mounted at: /products
yyyy-02-00 19:43:43 [INFO]: Routes Mounted... 

yyyy-02-00 19:43:43 [INFO]: Server is running at http://localhost:8000 with 3069632

yyyy-02-00 19:43:48 [INFO]: Loading App... 

yyyy-02-00 19:43:48 [INFO]: MongoDB connected 

yyyy-02-00 19:43:48 [INFO]: Loading Middlewares...
yyyy-02-00 19:43:48 [INFO]: All Middlewares Loaded...

yyyy-02-00 19:43:48 [INFO]: Mounting Routes...
yyyy-02-00 19:43:48 [INFO]: Products Router mounted at: /products
yyyy-02-00 19:43:48 [INFO]: Routes Mounted... 

yyyy-02-00 19:43:48 [INFO]: Server is running at http://localhost:8000 with 3069721

yyyy-02-00 19:44:43 [INFO]: Loading App... 

yyyy-02-00 19:44:43 [INFO]: MongoDB connected 

yyyy-02-00 19:44:43 [INFO]: Loading Middlewares...
yyyy-02-00 19:44:43 [INFO]: All Middlewares Loaded...

yyyy-02-00 19:44:43 [INFO]: Mounting Routes...
yyyy-02-00 19:44:43 [INFO]: Products Router mounted at: /products
yyyy-02-00 19:44:43 [INFO]: Routes Mounted... 

yyyy-02-00 19:44:43 [INFO]: Server is running at http://localhost:8000 with 3070166

yyyy-02-00 19:44:55 [INFO]: Loading App... 

yyyy-02-00 19:44:55 [INFO]: MongoDB connected 

yyyy-02-00 19:44:55 [INFO]: Loading Middlewares...
yyyy-02-00 19:44:55 [INFO]: All Middlewares Loaded...

yyyy-02-00 19:44:55 [INFO]: Mounting Routes...
yyyy-02-00 19:44:55 [INFO]: Products Router mounted at: /products
yyyy-02-00 19:44:55 [INFO]: Routes Mounted... 

yyyy-02-00 19:44:55 [INFO]: Server is running at http://localhost:8000 with 3070326

yyyy-02-00 19:45:00 [INFO]: Loading App... 

yyyy-02-00 19:45:00 [INFO]: MongoDB connected 

yyyy-02-00 19:45:00 [INFO]: Loading Middlewares...
yyyy-02-00 19:45:00 [INFO]: All Middlewares Loaded...

yyyy-02-00 19:45:00 [INFO]: Mounting Routes...
yyyy-02-00 19:45:00 [INFO]: Products Router mounted at: /products
yyyy-02-00 19:45:00 [INFO]: Routes Mounted... 

yyyy-02-00 19:45:00 [INFO]: Server is running at http://localhost:8000 with 3070425

yyyy-02-00 19:45:03 [INFO]: Loading App... 

yyyy-02-00 19:45:03 [INFO]: MongoDB connected 

yyyy-02-00 19:45:03 [INFO]: Loading Middlewares...
yyyy-02-00 19:45:03 [INFO]: All Middlewares Loaded...

yyyy-02-00 19:45:03 [INFO]: Mounting Routes...
yyyy-02-00 19:45:03 [INFO]: Products Router mounted at: /products
yyyy-02-00 19:45:03 [INFO]: Routes Mounted... 

yyyy-02-00 19:45:03 [INFO]: Server is running at http://localhost:8000 with 3070507

yyyy-02-00 19:45:22 [INFO]: Loading App... 

yyyy-02-00 19:45:22 [INFO]: MongoDB connected 

yyyy-02-00 19:45:22 [INFO]: Loading Middlewares...
yyyy-02-00 19:45:22 [INFO]: All Middlewares Loaded...

yyyy-02-00 19:45:22 [INFO]: Mounting Routes...
yyyy-02-00 19:45:22 [INFO]: Products Router mounted at: /products
yyyy-02-00 19:45:22 [INFO]: Routes Mounted... 

yyyy-02-00 19:45:22 [INFO]: Server is running at http://localhost:8000 with 3070676

yyyy-02-00 19:45:24 [INFO]: Loading App... 

yyyy-02-00 19:45:24 [INFO]: MongoDB connected 

yyyy-02-00 19:45:24 [INFO]: Loading Middlewares...
yyyy-02-00 19:45:24 [INFO]: All Middlewares Loaded...

yyyy-02-00 19:45:24 [INFO]: Mounting Routes...
yyyy-02-00 19:45:24 [INFO]: Products Router mounted at: /products
yyyy-02-00 19:45:24 [INFO]: Routes Mounted... 

yyyy-02-00 19:45:24 [INFO]: Server is running at http://localhost:8000 with 3070754

yyyy-02-00 19:45:40 [INFO]: Loading App... 

yyyy-02-00 19:45:40 [INFO]: MongoDB connected 

yyyy-02-00 19:45:40 [INFO]: Loading Middlewares...
yyyy-02-00 19:45:40 [INFO]: All Middlewares Loaded...

yyyy-02-00 19:45:40 [INFO]: Mounting Routes...
yyyy-02-00 19:45:40 [INFO]: Products Router mounted at: /products
yyyy-02-00 19:45:40 [INFO]: Routes Mounted... 

yyyy-02-00 19:45:40 [INFO]: Server is running at http://localhost:8000 with 3070909

yyyy-02-00 19:46:45 [INFO]: Loading App... 

yyyy-02-00 19:46:45 [INFO]: MongoDB connected 

yyyy-02-00 19:46:45 [INFO]: Loading Middlewares...
yyyy-02-00 19:46:45 [INFO]: All Middlewares Loaded...

yyyy-02-00 19:46:45 [INFO]: Mounting Routes...
yyyy-02-00 19:46:45 [INFO]: Products Router mounted at: /products
yyyy-02-00 19:46:45 [INFO]: Routes Mounted... 

yyyy-02-00 19:46:45 [INFO]: Server is running at http://localhost:8000 with 3071406

yyyy-02-00 19:46:48 [INFO]: Loading App... 

yyyy-02-00 19:46:48 [INFO]: MongoDB connected 

yyyy-02-00 19:46:48 [INFO]: Loading Middlewares...
yyyy-02-00 19:46:48 [INFO]: All Middlewares Loaded...

yyyy-02-00 19:46:48 [INFO]: Mounting Routes...
yyyy-02-00 19:46:48 [INFO]: Products Router mounted at: /products
yyyy-02-00 19:46:48 [INFO]: Routes Mounted... 

yyyy-02-00 19:46:48 [INFO]: Server is running at http://localhost:8000 with 3071494

yyyy-02-00 19:46:53 [INFO]: Loading App... 

yyyy-02-00 19:46:53 [INFO]: MongoDB connected 

yyyy-02-00 19:46:53 [INFO]: Loading Middlewares...
yyyy-02-00 19:46:53 [INFO]: All Middlewares Loaded...

yyyy-02-00 19:46:53 [INFO]: Mounting Routes...
yyyy-02-00 19:46:53 [INFO]: Products Router mounted at: /products
yyyy-02-00 19:46:53 [INFO]: Routes Mounted... 

yyyy-02-00 19:46:53 [INFO]: Server is running at http://localhost:8000 with 3071581

yyyy-02-00 19:47:03 [INFO]: Loading App... 

yyyy-02-00 19:47:04 [INFO]: MongoDB connected 

yyyy-02-00 19:47:04 [INFO]: Loading Middlewares...
yyyy-02-00 19:47:04 [INFO]: All Middlewares Loaded...

yyyy-02-00 19:47:04 [INFO]: Mounting Routes...
yyyy-02-00 19:47:04 [INFO]: Products Router mounted at: /products
yyyy-02-00 19:47:04 [INFO]: Routes Mounted... 

yyyy-02-00 19:47:04 [INFO]: Server is running at http://localhost:8000 with 3071704

yyyy-02-00 19:47:06 [INFO]: Loading App... 

yyyy-02-00 19:47:06 [INFO]: MongoDB connected 

yyyy-02-00 19:47:06 [INFO]: Loading Middlewares...
yyyy-02-00 19:47:06 [INFO]: All Middlewares Loaded...

yyyy-02-00 19:47:06 [INFO]: Mounting Routes...
yyyy-02-00 19:47:06 [INFO]: Products Router mounted at: /products
yyyy-02-00 19:47:06 [INFO]: Routes Mounted... 

yyyy-02-00 19:47:06 [INFO]: Server is running at http://localhost:8000 with 3071794

yyyy-02-00 19:47:57 [INFO]: Loading App... 

yyyy-02-00 19:47:57 [INFO]: MongoDB connected 

yyyy-02-00 19:47:57 [INFO]: Loading Middlewares...
yyyy-02-00 19:47:57 [INFO]: All Middlewares Loaded...

yyyy-02-00 19:47:57 [INFO]: Mounting Routes...
yyyy-02-00 19:47:57 [INFO]: Products Router mounted at: /products
yyyy-02-00 19:47:57 [INFO]: Routes Mounted... 

yyyy-02-00 19:47:57 [INFO]: Server is running at http://localhost:8000 with 3072169

yyyy-02-00 19:48:07 [INFO]: Loading App... 

yyyy-02-00 19:48:07 [INFO]: MongoDB connected 

yyyy-02-00 19:48:07 [INFO]: Loading Middlewares...
yyyy-02-00 19:48:07 [INFO]: All Middlewares Loaded...

yyyy-02-00 19:48:07 [INFO]: Mounting Routes...
yyyy-02-00 19:48:07 [INFO]: Products Router mounted at: /products
yyyy-02-00 19:48:07 [INFO]: Routes Mounted... 

yyyy-02-00 19:48:07 [INFO]: Server is running at http://localhost:8000 with 3072318

yyyy-02-00 19:48:15 [INFO]: Loading App... 

yyyy-02-00 19:48:15 [INFO]: MongoDB connected 

yyyy-02-00 19:48:15 [INFO]: Loading Middlewares...
yyyy-02-00 19:48:15 [INFO]: All Middlewares Loaded...

yyyy-02-00 19:48:15 [INFO]: Mounting Routes...
yyyy-02-00 19:48:15 [INFO]: Products Router mounted at: /products
yyyy-02-00 19:48:15 [INFO]: Routes Mounted... 

yyyy-02-00 19:48:15 [INFO]: Server is running at http://localhost:8000 with 3072454

yyyy-02-00 19:48:19 [INFO]: Loading App... 

yyyy-02-00 19:48:19 [INFO]: MongoDB connected 

yyyy-02-00 19:48:19 [INFO]: Loading Middlewares...
yyyy-02-00 19:48:19 [INFO]: All Middlewares Loaded...

yyyy-02-00 19:48:19 [INFO]: Mounting Routes...
yyyy-02-00 19:48:19 [INFO]: Products Router mounted at: /products
yyyy-02-00 19:48:19 [INFO]: Routes Mounted... 

yyyy-02-00 19:48:19 [INFO]: Server is running at http://localhost:8000 with 3072531

yyyy-02-00 19:48:26 [INFO]: Loading App... 

yyyy-02-00 19:48:26 [INFO]: MongoDB connected 

yyyy-02-00 19:48:26 [INFO]: Loading Middlewares...
yyyy-02-00 19:48:26 [INFO]: All Middlewares Loaded...

yyyy-02-00 19:48:26 [INFO]: Mounting Routes...
yyyy-02-00 19:48:26 [INFO]: Products Router mounted at: /products
yyyy-02-00 19:48:26 [INFO]: Routes Mounted... 

yyyy-02-00 19:48:26 [INFO]: Server is running at http://localhost:8000 with 3072643

yyyy-02-00 19:48:30 [INFO]: Loading App... 

yyyy-02-00 19:48:30 [INFO]: MongoDB connected 

yyyy-02-00 19:48:30 [INFO]: Loading Middlewares...
yyyy-02-00 19:48:30 [INFO]: All Middlewares Loaded...

yyyy-02-00 19:48:30 [INFO]: Mounting Routes...
yyyy-02-00 19:48:30 [INFO]: Products Router mounted at: /products
yyyy-02-00 19:48:30 [INFO]: Routes Mounted... 

yyyy-02-00 19:48:30 [INFO]: Server is running at http://localhost:8000 with 3072732

yyyy-02-00 19:48:44 [INFO]: Loading App... 

yyyy-02-00 19:48:44 [INFO]: MongoDB connected 

yyyy-02-00 19:48:44 [INFO]: Loading Middlewares...
yyyy-02-00 19:48:44 [INFO]: All Middlewares Loaded...

yyyy-02-00 19:48:44 [INFO]: Mounting Routes...
yyyy-02-00 19:48:44 [INFO]: Products Router mounted at: /products
yyyy-02-00 19:48:44 [INFO]: Routes Mounted... 

yyyy-02-00 19:48:44 [INFO]: Server is running at http://localhost:8000 with 3072872

yyyy-02-00 19:48:50 [INFO]: Loading App... 

yyyy-02-00 19:48:50 [INFO]: MongoDB connected 

yyyy-02-00 19:48:50 [INFO]: Loading Middlewares...
yyyy-02-00 19:48:50 [INFO]: All Middlewares Loaded...

yyyy-02-00 19:48:50 [INFO]: Mounting Routes...
yyyy-02-00 19:48:50 [INFO]: Products Router mounted at: /products
yyyy-02-00 19:48:50 [INFO]: Routes Mounted... 

yyyy-02-00 19:48:50 [INFO]: Server is running at http://localhost:8000 with 3072983

yyyy-02-00 19:48:53 [INFO]: Loading App... 

yyyy-02-00 19:48:53 [INFO]: MongoDB connected 

yyyy-02-00 19:48:53 [INFO]: Loading Middlewares...
yyyy-02-00 19:48:53 [INFO]: All Middlewares Loaded...

yyyy-02-00 19:48:53 [INFO]: Mounting Routes...
yyyy-02-00 19:48:53 [INFO]: Products Router mounted at: /products
yyyy-02-00 19:48:53 [INFO]: Routes Mounted... 

yyyy-02-00 19:48:53 [INFO]: Server is running at http://localhost:8000 with 3073045

yyyy-02-00 19:48:55 [INFO]: Loading App... 

yyyy-02-00 19:48:55 [INFO]: MongoDB connected 

yyyy-02-00 19:48:55 [INFO]: Loading Middlewares...
yyyy-02-00 19:48:55 [INFO]: All Middlewares Loaded...

yyyy-02-00 19:48:55 [INFO]: Mounting Routes...
yyyy-02-00 19:48:55 [INFO]: Products Router mounted at: /products
yyyy-02-00 19:48:55 [INFO]: Routes Mounted... 

yyyy-02-00 19:48:55 [INFO]: Server is running at http://localhost:8000 with 3073089

yyyy-02-00 19:49:57 [INFO]: Loading App... 

yyyy-02-00 19:49:57 [INFO]: MongoDB connected 

yyyy-02-00 19:49:57 [INFO]: Loading Middlewares...
yyyy-02-00 19:49:57 [INFO]: All Middlewares Loaded...

yyyy-02-00 19:49:57 [INFO]: Mounting Routes...
yyyy-02-00 19:49:57 [INFO]: Products Router mounted at: /products
yyyy-02-00 19:49:57 [INFO]: Routes Mounted... 

yyyy-02-00 19:49:57 [INFO]: Server is running at http://localhost:8000 with 3073643

yyyy-02-00 19:50:00 [INFO]: Loading App... 

yyyy-02-00 19:50:00 [INFO]: MongoDB connected 

yyyy-02-00 19:50:00 [INFO]: Loading Middlewares...
yyyy-02-00 19:50:00 [INFO]: All Middlewares Loaded...

yyyy-02-00 19:50:00 [INFO]: Mounting Routes...
yyyy-02-00 19:50:00 [INFO]: Products Router mounted at: /products
yyyy-02-00 19:50:00 [INFO]: Routes Mounted... 

yyyy-02-00 19:50:00 [INFO]: Server is running at http://localhost:8000 with 3073720

yyyy-02-00 19:50:01 [INFO]: Loading App... 

yyyy-02-00 19:50:01 [INFO]: MongoDB connected 

yyyy-02-00 19:50:01 [INFO]: Loading Middlewares...
yyyy-02-00 19:50:01 [INFO]: All Middlewares Loaded...

yyyy-02-00 19:50:01 [INFO]: Mounting Routes...
yyyy-02-00 19:50:01 [INFO]: Products Router mounted at: /products
yyyy-02-00 19:50:01 [INFO]: Routes Mounted... 

yyyy-02-00 19:50:01 [INFO]: Server is running at http://localhost:8000 with 3073747

yyyy-02-00 19:50:02 [INFO]: Loading App... 

yyyy-02-00 19:50:02 [INFO]: MongoDB connected 

yyyy-02-00 19:50:02 [INFO]: Loading Middlewares...
yyyy-02-00 19:50:02 [INFO]: All Middlewares Loaded...

yyyy-02-00 19:50:02 [INFO]: Mounting Routes...
yyyy-02-00 19:50:02 [INFO]: Products Router mounted at: /products
yyyy-02-00 19:50:02 [INFO]: Routes Mounted... 

yyyy-02-00 19:50:02 [INFO]: Server is running at http://localhost:8000 with 3073765

yyyy-02-00 19:50:14 [INFO]: Loading App... 

yyyy-02-00 19:50:14 [INFO]: MongoDB connected 

yyyy-02-00 19:50:14 [INFO]: Loading Middlewares...
yyyy-02-00 19:50:14 [INFO]: All Middlewares Loaded...

yyyy-02-00 19:50:14 [INFO]: Mounting Routes...
yyyy-02-00 19:50:14 [INFO]: Products Router mounted at: /products
yyyy-02-00 19:50:14 [INFO]: Routes Mounted... 

yyyy-02-00 19:50:14 [INFO]: Server is running at http://localhost:8000 with 3073925

yyyy-02-00 19:50:17 [INFO]: Loading App... 

yyyy-02-00 19:50:17 [INFO]: MongoDB connected 

yyyy-02-00 19:50:17 [INFO]: Loading Middlewares...
yyyy-02-00 19:50:17 [INFO]: All Middlewares Loaded...

yyyy-02-00 19:50:17 [INFO]: Mounting Routes...
yyyy-02-00 19:50:17 [INFO]: Products Router mounted at: /products
yyyy-02-00 19:50:17 [INFO]: Routes Mounted... 

yyyy-02-00 19:50:17 [INFO]: Server is running at http://localhost:8000 with 3074015

yyyy-02-00 19:50:20 [INFO]: Loading App... 

yyyy-02-00 19:50:20 [INFO]: MongoDB connected 

yyyy-02-00 19:50:20 [INFO]: Loading Middlewares...
yyyy-02-00 19:50:20 [INFO]: All Middlewares Loaded...

yyyy-02-00 19:50:20 [INFO]: Mounting Routes...
yyyy-02-00 19:50:20 [INFO]: Products Router mounted at: /products
yyyy-02-00 19:50:20 [INFO]: Routes Mounted... 

yyyy-02-00 19:50:20 [INFO]: Server is running at http://localhost:8000 with 3074046

yyyy-02-00 19:50:23 [INFO]: Loading App... 

yyyy-02-00 19:50:24 [INFO]: MongoDB connected 

yyyy-02-00 19:50:24 [INFO]: Loading Middlewares...
yyyy-02-00 19:50:24 [INFO]: All Middlewares Loaded...

yyyy-02-00 19:50:24 [INFO]: Mounting Routes...
yyyy-02-00 19:50:24 [INFO]: Products Router mounted at: /products
yyyy-02-00 19:50:24 [INFO]: Routes Mounted... 

yyyy-02-00 19:50:24 [INFO]: Server is running at http://localhost:8000 with 3074136

yyyy-02-00 19:50:25 [INFO]: Loading App... 

yyyy-02-00 19:50:26 [INFO]: MongoDB connected 

yyyy-02-00 19:50:26 [INFO]: Loading Middlewares...
yyyy-02-00 19:50:26 [INFO]: All Middlewares Loaded...

yyyy-02-00 19:50:26 [INFO]: Mounting Routes...
yyyy-02-00 19:50:26 [INFO]: Products Router mounted at: /products
yyyy-02-00 19:50:26 [INFO]: Routes Mounted... 

yyyy-02-00 19:50:26 [INFO]: Server is running at http://localhost:8000 with 3074179

yyyy-02-00 19:50:38 [INFO]: Loading App... 

yyyy-02-00 19:50:38 [INFO]: MongoDB connected 

yyyy-02-00 19:50:38 [INFO]: Loading Middlewares...
yyyy-02-00 19:50:38 [INFO]: All Middlewares Loaded...

yyyy-02-00 19:50:38 [INFO]: Mounting Routes...
yyyy-02-00 19:50:38 [INFO]: Products Router mounted at: /products
yyyy-02-00 19:50:38 [INFO]: Routes Mounted... 

yyyy-02-00 19:50:38 [INFO]: Server is running at http://localhost:8000 with 3074346

yyyy-02-00 19:50:44 [INFO]: Loading App... 

yyyy-02-00 19:50:44 [INFO]: MongoDB connected 

yyyy-02-00 19:50:44 [INFO]: Loading Middlewares...
yyyy-02-00 19:50:44 [INFO]: All Middlewares Loaded...

yyyy-02-00 19:50:44 [INFO]: Mounting Routes...
yyyy-02-00 19:50:44 [INFO]: Products Router mounted at: /products
yyyy-02-00 19:50:44 [INFO]: Routes Mounted... 

yyyy-02-00 19:50:44 [INFO]: Server is running at http://localhost:8000 with 3074460

yyyy-02-00 19:51:36 [INFO]: Loading App... 

yyyy-02-00 19:51:36 [INFO]: MongoDB connected 

yyyy-02-00 19:51:36 [INFO]: Loading Middlewares...
yyyy-02-00 19:51:36 [INFO]: All Middlewares Loaded...

yyyy-02-00 19:51:36 [INFO]: Mounting Routes...
yyyy-02-00 19:51:36 [INFO]: Products Router mounted at: /products
yyyy-02-00 19:51:36 [INFO]: Routes Mounted... 

yyyy-02-00 19:51:36 [INFO]: Server is running at http://localhost:8000 with 3074828

yyyy-02-00 19:51:38 [INFO]: Loading App... 

yyyy-02-00 19:51:38 [INFO]: MongoDB connected 

yyyy-02-00 19:51:38 [INFO]: Loading Middlewares...
yyyy-02-00 19:51:41 [INFO]: Loading App... 

yyyy-02-00 19:51:41 [INFO]: MongoDB connected 

yyyy-02-00 19:51:41 [INFO]: Loading Middlewares...
yyyy-02-00 19:51:52 [INFO]: Loading App... 

yyyy-02-00 19:51:52 [INFO]: MongoDB connected 

yyyy-02-00 19:51:52 [INFO]: Loading Middlewares...
yyyy-02-00 19:51:53 [INFO]: Loading App... 

yyyy-02-00 19:51:53 [INFO]: MongoDB connected 

yyyy-02-00 19:51:53 [INFO]: Loading Middlewares...
yyyy-02-00 19:52:12 [INFO]: Loading App... 

yyyy-02-00 19:52:12 [INFO]: MongoDB connected 

yyyy-02-00 19:52:12 [INFO]: Loading Middlewares...
yyyy-02-00 20:01:58 [INFO]: Loading App... 

yyyy-02-00 20:01:58 [INFO]: MongoDB connected 

yyyy-02-00 20:01:58 [INFO]: Loading Middlewares...
yyyy-02-00 20:03:33 [INFO]: Loading App... 

yyyy-02-00 20:03:33 [INFO]: MongoDB connected 

yyyy-02-00 20:03:33 [INFO]: Loading Middlewares...
yyyy-02-00 20:04:04 [INFO]: Loading App... 

yyyy-02-00 20:04:04 [INFO]: MongoDB connected 

yyyy-02-00 20:04:04 [INFO]: Loading Middlewares...
yyyy-02-00 20:04:04 [INFO]: All Middlewares Loaded...

yyyy-02-00 20:04:04 [INFO]: Mounting Routes...
yyyy-02-00 20:04:04 [INFO]: Products Router mounted at: /products
yyyy-02-00 20:04:04 [INFO]: Routes Mounted... 

yyyy-02-00 20:04:04 [INFO]: Server is running at http://localhost:8000 with 3081082

yyyy-02-00 20:04:14 [INFO]: Loading App... 

yyyy-02-00 20:04:14 [INFO]: MongoDB connected 

yyyy-02-00 20:04:14 [INFO]: Loading Middlewares...
yyyy-02-00 20:04:15 [INFO]: Loading App... 

yyyy-02-00 20:04:15 [INFO]: MongoDB connected 

yyyy-02-00 20:04:15 [INFO]: Loading Middlewares...
yyyy-02-00 20:04:15 [INFO]: All Middlewares Loaded...

yyyy-02-00 20:04:15 [INFO]: Mounting Routes...
yyyy-02-00 20:04:15 [INFO]: Products Router mounted at: /products
yyyy-02-00 20:04:15 [INFO]: Routes Mounted... 

yyyy-02-00 20:04:15 [INFO]: Server is running at http://localhost:8000 with 3081296

yyyy-02-00 20:04:40 [INFO]: Loading App... 

yyyy-02-00 20:04:40 [INFO]: MongoDB connected 

yyyy-02-00 20:04:40 [INFO]: Loading Middlewares...
yyyy-02-00 20:04:40 [INFO]: All Middlewares Loaded...

yyyy-02-00 20:04:40 [INFO]: Mounting Routes...
yyyy-02-00 20:04:40 [INFO]: Products Router mounted at: /products
yyyy-02-00 20:04:40 [INFO]: Routes Mounted... 

yyyy-02-00 20:04:40 [INFO]: Server is running at http://localhost:8000 with 3081571

yyyy-02-00 20:06:17 [INFO]: Loading App... 

yyyy-02-00 20:06:17 [INFO]: MongoDB connected 

yyyy-02-00 20:06:17 [INFO]: Loading Middlewares...
yyyy-02-00 20:06:17 [INFO]: All Middlewares Loaded...

yyyy-02-00 20:06:17 [INFO]: Mounting Routes...
yyyy-02-00 20:06:17 [INFO]: Products Router mounted at: /products
yyyy-02-00 20:06:17 [INFO]: Routes Mounted... 

yyyy-02-00 20:06:17 [INFO]: Server is running at http://localhost:8000 with 3082318

yyyy-02-00 20:06:19 [INFO]: Loading App... 

yyyy-02-00 20:06:19 [INFO]: MongoDB connected 

yyyy-02-00 20:06:19 [INFO]: Loading Middlewares...
yyyy-02-00 20:06:19 [INFO]: All Middlewares Loaded...

yyyy-02-00 20:06:19 [INFO]: Mounting Routes...
yyyy-02-00 20:06:19 [INFO]: Products Router mounted at: /products
yyyy-02-00 20:06:19 [INFO]: Routes Mounted... 

yyyy-02-00 20:06:19 [INFO]: Server is running at http://localhost:8000 with 3082372

yyyy-02-00 20:06:26 [INFO]: Loading App... 

yyyy-02-00 20:06:26 [INFO]: MongoDB connected 

yyyy-02-00 20:06:26 [INFO]: Loading Middlewares...
yyyy-02-00 20:06:26 [INFO]: All Middlewares Loaded...

yyyy-02-00 20:06:26 [INFO]: Mounting Routes...
yyyy-02-00 20:06:26 [INFO]: Products Router mounted at: /products
yyyy-02-00 20:06:26 [INFO]: Routes Mounted... 

yyyy-02-00 20:06:26 [INFO]: Server is running at http://localhost:8000 with 3082493

yyyy-02-00 20:06:47 [INFO]: Loading App... 

yyyy-02-00 20:06:47 [INFO]: MongoDB connected 

yyyy-02-00 20:06:47 [INFO]: Loading Middlewares...
yyyy-02-00 20:06:47 [INFO]: All Middlewares Loaded...

yyyy-02-00 20:06:47 [INFO]: Mounting Routes...
yyyy-02-00 20:06:47 [INFO]: Products Router mounted at: /products
yyyy-02-00 20:06:47 [INFO]: Routes Mounted... 

yyyy-02-00 20:06:47 [INFO]: Server is running at http://localhost:8000 with 3082678

yyyy-02-00 20:08:35 [INFO]: Loading App... 

yyyy-02-00 20:08:35 [INFO]: MongoDB connected 

yyyy-02-00 20:08:35 [INFO]: Loading Middlewares...
yyyy-02-00 20:08:35 [INFO]: All Middlewares Loaded...

yyyy-02-00 20:08:35 [INFO]: Mounting Routes...
yyyy-02-00 20:08:35 [INFO]: Products Router mounted at: /products
yyyy-02-00 20:08:35 [INFO]: Routes Mounted... 

yyyy-02-00 20:08:35 [INFO]: Server is running at http://localhost:8000 with 3083630

yyyy-02-00 20:08:36 [INFO]: Loading App... 

yyyy-02-00 20:08:36 [INFO]: MongoDB connected 

yyyy-02-00 20:08:36 [INFO]: Loading Middlewares...
yyyy-02-00 20:08:36 [INFO]: All Middlewares Loaded...

yyyy-02-00 20:08:36 [INFO]: Mounting Routes...
yyyy-02-00 20:08:36 [INFO]: Products Router mounted at: /products
yyyy-02-00 20:08:36 [INFO]: Routes Mounted... 

yyyy-02-00 20:08:36 [INFO]: Server is running at http://localhost:8000 with 3083698

yyyy-02-00 20:09:56 [INFO]: Loading App... 

yyyy-02-00 20:09:56 [INFO]: MongoDB connected 

yyyy-02-00 20:09:56 [INFO]: Loading Middlewares...
yyyy-02-00 20:09:56 [INFO]: All Middlewares Loaded...

yyyy-02-00 20:09:56 [INFO]: Mounting Routes...
yyyy-02-00 20:09:56 [INFO]: Products Router mounted at: /products
yyyy-02-00 20:09:56 [INFO]: Routes Mounted... 

yyyy-02-00 20:09:56 [INFO]: Server is running at http://localhost:8000 with 3084317

yyyy-02-00 20:10:43 [INFO]: Loading App... 

yyyy-02-00 20:10:43 [INFO]: MongoDB connected 

yyyy-02-00 20:10:43 [INFO]: Loading Middlewares...
yyyy-02-00 20:10:43 [INFO]: All Middlewares Loaded...

yyyy-02-00 20:10:43 [INFO]: Mounting Routes...
yyyy-02-00 20:10:43 [INFO]: Products Router mounted at: /products
yyyy-02-00 20:10:43 [INFO]: Routes Mounted... 

yyyy-02-00 20:10:43 [INFO]: Server is running at http://localhost:8000 with 3084696

yyyy-02-00 20:10:44 [INFO]: Loading App... 

yyyy-02-00 20:10:44 [INFO]: MongoDB connected 

yyyy-02-00 20:10:44 [INFO]: Loading Middlewares...
yyyy-02-00 20:10:44 [INFO]: All Middlewares Loaded...

yyyy-02-00 20:10:44 [INFO]: Mounting Routes...
yyyy-02-00 20:10:44 [INFO]: Products Router mounted at: /products
yyyy-02-00 20:10:44 [INFO]: Routes Mounted... 

yyyy-02-00 20:10:44 [INFO]: Server is running at http://localhost:8000 with 3084739

yyyy-02-00 20:10:46 [INFO]: Loading App... 

yyyy-02-00 20:10:46 [INFO]: MongoDB connected 

yyyy-02-00 20:10:46 [INFO]: Loading Middlewares...
yyyy-02-00 20:10:46 [INFO]: All Middlewares Loaded...

yyyy-02-00 20:10:46 [INFO]: Mounting Routes...
yyyy-02-00 20:10:46 [INFO]: Products Router mounted at: /products
yyyy-02-00 20:10:46 [INFO]: Routes Mounted... 

yyyy-02-00 20:10:46 [INFO]: Server is running at http://localhost:8000 with 3084801

yyyy-02-00 20:10:48 [INFO]: Loading App... 

yyyy-02-00 20:10:48 [INFO]: MongoDB connected 

yyyy-02-00 20:10:48 [INFO]: Loading Middlewares...
yyyy-02-00 20:10:48 [INFO]: All Middlewares Loaded...

yyyy-02-00 20:10:48 [INFO]: Mounting Routes...
yyyy-02-00 20:10:48 [INFO]: Products Router mounted at: /products
yyyy-02-00 20:10:48 [INFO]: Routes Mounted... 

yyyy-02-00 20:10:48 [INFO]: Server is running at http://localhost:8000 with 3084831

yyyy-02-00 20:10:56 [INFO]: Loading App... 

yyyy-02-00 20:10:56 [INFO]: MongoDB connected 

yyyy-02-00 20:10:56 [INFO]: Loading Middlewares...
yyyy-02-00 20:10:56 [INFO]: All Middlewares Loaded...

yyyy-02-00 20:10:56 [INFO]: Mounting Routes...
yyyy-02-00 20:10:56 [INFO]: Products Router mounted at: /products
yyyy-02-00 20:10:56 [INFO]: Routes Mounted... 

yyyy-02-00 20:10:56 [INFO]: Server is running at http://localhost:8000 with 3084999

yyyy-02-00 20:14:15 [INFO]: Loading App... 

yyyy-02-00 20:14:15 [INFO]: MongoDB connected 

yyyy-02-00 20:14:15 [INFO]: Loading Middlewares...
yyyy-02-00 20:14:15 [INFO]: All Middlewares Loaded...

yyyy-02-00 20:14:15 [INFO]: Mounting Routes...
yyyy-02-00 20:14:15 [INFO]: Products Router mounted at: /products
yyyy-02-00 20:14:15 [INFO]: Routes Mounted... 

yyyy-02-00 20:14:15 [INFO]: Server is running at http://localhost:8000 with 3086426

yyyy-02-00 20:14:24 [INFO]: Loading App... 

yyyy-02-00 20:14:24 [INFO]: MongoDB connected 

yyyy-02-00 20:14:24 [INFO]: Loading Middlewares...
yyyy-02-00 20:14:25 [INFO]: Loading App... 

yyyy-02-00 20:14:25 [INFO]: MongoDB connected 

yyyy-02-00 20:14:25 [INFO]: Loading Middlewares...
yyyy-02-00 20:14:25 [INFO]: All Middlewares Loaded...

yyyy-02-00 20:14:25 [INFO]: Mounting Routes...
yyyy-02-00 20:14:25 [INFO]: Products Router mounted at: /products
yyyy-02-00 20:14:25 [INFO]: Routes Mounted... 

yyyy-02-00 20:14:25 [INFO]: Server is running at http://localhost:8000 with 3086588

yyyy-02-00 20:17:09 [INFO]: Loading App... 

yyyy-02-00 20:17:09 [INFO]: MongoDB connected 

yyyy-02-00 20:17:09 [INFO]: Loading Middlewares...
yyyy-02-00 20:17:09 [INFO]: All Middlewares Loaded...

yyyy-02-00 20:17:09 [INFO]: Mounting Routes...
yyyy-02-00 20:17:09 [INFO]: Products Router mounted at: /products
yyyy-02-00 20:17:09 [INFO]: Routes Mounted... 

yyyy-02-00 20:17:09 [INFO]: Server is running at http://localhost:8000 with 3088021

yyyy-02-00 20:17:17 [INFO]: Loading App... 

yyyy-02-00 20:17:17 [INFO]: MongoDB connected 

yyyy-02-00 20:17:17 [INFO]: Loading Middlewares...
yyyy-02-00 20:17:17 [INFO]: All Middlewares Loaded...

yyyy-02-00 20:17:17 [INFO]: Mounting Routes...
yyyy-02-00 20:17:17 [INFO]: Products Router mounted at: /products
yyyy-02-00 20:17:17 [INFO]: Routes Mounted... 

yyyy-02-00 20:17:17 [INFO]: Server is running at http://localhost:8000 with 3088158

yyyy-02-00 20:17:23 [INFO]: Loading App... 

yyyy-02-00 20:17:23 [INFO]: MongoDB connected 

yyyy-02-00 20:17:23 [INFO]: Loading Middlewares...
yyyy-02-00 20:17:23 [INFO]: All Middlewares Loaded...

yyyy-02-00 20:17:23 [INFO]: Mounting Routes...
yyyy-02-00 20:17:23 [INFO]: Products Router mounted at: /products
yyyy-02-00 20:17:23 [INFO]: Routes Mounted... 

yyyy-02-00 20:17:23 [INFO]: Server is running at http://localhost:8000 with 3088259

yyyy-02-00 20:17:25 [INFO]: Loading App... 

yyyy-02-00 20:17:25 [INFO]: MongoDB connected 

yyyy-02-00 20:17:25 [INFO]: Loading Middlewares...
yyyy-02-00 20:17:25 [INFO]: All Middlewares Loaded...

yyyy-02-00 20:17:25 [INFO]: Mounting Routes...
yyyy-02-00 20:17:25 [INFO]: Products Router mounted at: /products
yyyy-02-00 20:17:25 [INFO]: Routes Mounted... 

yyyy-02-00 20:17:25 [INFO]: Server is running at http://localhost:8000 with 3088327

yyyy-02-00 20:17:29 [INFO]: Loading App... 

yyyy-02-00 20:17:29 [INFO]: MongoDB connected 

yyyy-02-00 20:17:29 [INFO]: Loading Middlewares...
yyyy-02-00 20:17:29 [INFO]: All Middlewares Loaded...

yyyy-02-00 20:17:29 [INFO]: Mounting Routes...
yyyy-02-00 20:17:29 [INFO]: Products Router mounted at: /products
yyyy-02-00 20:17:29 [INFO]: Routes Mounted... 

yyyy-02-00 20:17:29 [INFO]: Server is running at http://localhost:8000 with 3088377

yyyy-02-00 20:17:33 [INFO]: Loading App... 

yyyy-02-00 20:17:33 [INFO]: MongoDB connected 

yyyy-02-00 20:17:33 [INFO]: Loading Middlewares...
yyyy-02-00 20:17:33 [INFO]: All Middlewares Loaded...

yyyy-02-00 20:17:33 [INFO]: Mounting Routes...
yyyy-02-00 20:17:33 [INFO]: Products Router mounted at: /products
yyyy-02-00 20:17:33 [INFO]: Routes Mounted... 

yyyy-02-00 20:17:33 [INFO]: Server is running at http://localhost:8000 with 3088466

yyyy-02-00 20:17:35 [INFO]: Loading App... 

yyyy-02-00 20:17:35 [INFO]: MongoDB connected 

yyyy-02-00 20:17:35 [INFO]: Loading Middlewares...
yyyy-02-00 20:17:35 [INFO]: All Middlewares Loaded...

yyyy-02-00 20:17:35 [INFO]: Mounting Routes...
yyyy-02-00 20:17:35 [INFO]: Products Router mounted at: /products
yyyy-02-00 20:17:35 [INFO]: Routes Mounted... 

yyyy-02-00 20:17:35 [INFO]: Server is running at http://localhost:8000 with 3088518

yyyy-02-00 20:17:37 [INFO]: Loading App... 

yyyy-02-00 20:17:37 [INFO]: MongoDB connected 

yyyy-02-00 20:17:37 [INFO]: Loading Middlewares...
yyyy-02-00 20:17:37 [INFO]: All Middlewares Loaded...

yyyy-02-00 20:17:37 [INFO]: Mounting Routes...
yyyy-02-00 20:17:37 [INFO]: Products Router mounted at: /products
yyyy-02-00 20:17:37 [INFO]: Routes Mounted... 

yyyy-02-00 20:17:37 [INFO]: Server is running at http://localhost:8000 with 3088560

yyyy-02-00 20:17:40 [INFO]: Loading App... 

yyyy-02-00 20:17:40 [INFO]: MongoDB connected 

yyyy-02-00 20:17:40 [INFO]: Loading Middlewares...
yyyy-02-00 20:17:40 [INFO]: All Middlewares Loaded...

yyyy-02-00 20:17:40 [INFO]: Mounting Routes...
yyyy-02-00 20:17:40 [INFO]: Products Router mounted at: /products
yyyy-02-00 20:17:40 [INFO]: Routes Mounted... 

yyyy-02-00 20:17:40 [INFO]: Server is running at http://localhost:8000 with 3088600

yyyy-02-00 20:17:42 [INFO]: Loading App... 

yyyy-02-00 20:17:42 [INFO]: MongoDB connected 

yyyy-02-00 20:17:42 [INFO]: Loading Middlewares...
yyyy-02-00 20:17:42 [INFO]: All Middlewares Loaded...

yyyy-02-00 20:17:42 [INFO]: Mounting Routes...
yyyy-02-00 20:17:42 [INFO]: Products Router mounted at: /products
yyyy-02-00 20:17:42 [INFO]: Routes Mounted... 

yyyy-02-00 20:17:42 [INFO]: Server is running at http://localhost:8000 with 3088679

yyyy-02-00 20:17:45 [INFO]: Loading App... 

yyyy-02-00 20:17:45 [INFO]: MongoDB connected 

yyyy-02-00 20:17:45 [INFO]: Loading Middlewares...
yyyy-02-00 20:17:45 [INFO]: All Middlewares Loaded...

yyyy-02-00 20:17:45 [INFO]: Mounting Routes...
yyyy-02-00 20:17:45 [INFO]: Products Router mounted at: /products
yyyy-02-00 20:17:45 [INFO]: Routes Mounted... 

yyyy-02-00 20:17:45 [INFO]: Server is running at http://localhost:8000 with 3088739

yyyy-02-00 20:17:48 [INFO]: Loading App... 

yyyy-02-00 20:17:48 [INFO]: MongoDB connected 

yyyy-02-00 20:17:48 [INFO]: Loading Middlewares...
yyyy-02-00 20:17:48 [INFO]: All Middlewares Loaded...

yyyy-02-00 20:17:48 [INFO]: Mounting Routes...
yyyy-02-00 20:17:48 [INFO]: Products Router mounted at: /products
yyyy-02-00 20:17:48 [INFO]: Routes Mounted... 

yyyy-02-00 20:17:48 [INFO]: Server is running at http://localhost:8000 with 3088814

yyyy-02-00 20:17:54 [INFO]: Loading App... 

yyyy-02-00 20:17:54 [INFO]: MongoDB connected 

yyyy-02-00 20:17:54 [INFO]: Loading Middlewares...
yyyy-02-00 20:17:54 [INFO]: All Middlewares Loaded...

yyyy-02-00 20:17:54 [INFO]: Mounting Routes...
yyyy-02-00 20:17:54 [INFO]: Products Router mounted at: /products
yyyy-02-00 20:17:54 [INFO]: Routes Mounted... 

yyyy-02-00 20:17:54 [INFO]: Server is running at http://localhost:8000 with 3088912

yyyy-02-00 20:17:56 [INFO]: Loading App... 

yyyy-02-00 20:17:56 [INFO]: MongoDB connected 

yyyy-02-00 20:17:56 [INFO]: Loading Middlewares...
yyyy-02-00 20:17:56 [INFO]: All Middlewares Loaded...

yyyy-02-00 20:17:56 [INFO]: Mounting Routes...
yyyy-02-00 20:17:56 [INFO]: Products Router mounted at: /products
yyyy-02-00 20:17:56 [INFO]: Routes Mounted... 

yyyy-02-00 20:17:56 [INFO]: Server is running at http://localhost:8000 with 3088978

yyyy-02-00 20:17:58 [INFO]: Loading App... 

yyyy-02-00 20:17:58 [INFO]: MongoDB connected 

yyyy-02-00 20:17:58 [INFO]: Loading Middlewares...
yyyy-02-00 20:17:58 [INFO]: All Middlewares Loaded...

yyyy-02-00 20:17:58 [INFO]: Mounting Routes...
yyyy-02-00 20:17:58 [INFO]: Products Router mounted at: /products
yyyy-02-00 20:17:58 [INFO]: Routes Mounted... 

yyyy-02-00 20:17:58 [INFO]: Server is running at http://localhost:8000 with 3089016

yyyy-02-00 20:18:00 [INFO]: Loading App... 

yyyy-02-00 20:18:00 [INFO]: MongoDB connected 

yyyy-02-00 20:18:00 [INFO]: Loading Middlewares...
yyyy-02-00 20:18:00 [INFO]: All Middlewares Loaded...

yyyy-02-00 20:18:00 [INFO]: Mounting Routes...
yyyy-02-00 20:18:00 [INFO]: Products Router mounted at: /products
yyyy-02-00 20:18:00 [INFO]: Routes Mounted... 

yyyy-02-00 20:18:00 [INFO]: Server is running at http://localhost:8000 with 3089070

yyyy-02-00 20:18:11 [INFO]: Loading App... 

yyyy-02-00 20:18:11 [INFO]: MongoDB connected 

yyyy-02-00 20:18:11 [INFO]: Loading Middlewares...
yyyy-02-00 20:18:11 [INFO]: All Middlewares Loaded...

yyyy-02-00 20:18:11 [INFO]: Mounting Routes...
yyyy-02-00 20:18:11 [INFO]: Products Router mounted at: /products
yyyy-02-00 20:18:11 [INFO]: Routes Mounted... 

yyyy-02-00 20:18:11 [INFO]: Server is running at http://localhost:8000 with 3089212

yyyy-02-00 20:18:15 [INFO]: Loading App... 

yyyy-02-00 20:18:15 [INFO]: MongoDB connected 

yyyy-02-00 20:18:15 [INFO]: Loading Middlewares...
yyyy-02-00 20:18:15 [INFO]: All Middlewares Loaded...

yyyy-02-00 20:18:15 [INFO]: Mounting Routes...
yyyy-02-00 20:18:15 [INFO]: Products Router mounted at: /products
yyyy-02-00 20:18:15 [INFO]: Routes Mounted... 

yyyy-02-00 20:18:15 [INFO]: Server is running at http://localhost:8000 with 3089298

yyyy-02-00 20:18:17 [INFO]: Loading App... 

yyyy-02-00 20:18:17 [INFO]: MongoDB connected 

yyyy-02-00 20:18:17 [INFO]: Loading Middlewares...
yyyy-02-00 20:18:17 [INFO]: All Middlewares Loaded...

yyyy-02-00 20:18:17 [INFO]: Mounting Routes...
yyyy-02-00 20:18:17 [INFO]: Products Router mounted at: /products
yyyy-02-00 20:18:17 [INFO]: Routes Mounted... 

yyyy-02-00 20:18:17 [INFO]: Server is running at http://localhost:8000 with 3089341

yyyy-02-00 20:18:26 [INFO]: Loading App... 

yyyy-02-00 20:18:26 [INFO]: MongoDB connected 

yyyy-02-00 20:18:26 [INFO]: Loading Middlewares...
yyyy-02-00 20:18:26 [INFO]: All Middlewares Loaded...

yyyy-02-00 20:18:26 [INFO]: Mounting Routes...
yyyy-02-00 20:18:26 [INFO]: Products Router mounted at: /products
yyyy-02-00 20:18:26 [INFO]: Routes Mounted... 

yyyy-02-00 20:18:26 [INFO]: Server is running at http://localhost:8000 with 3089521

yyyy-02-00 20:18:28 [INFO]: Loading App... 

yyyy-02-00 20:18:28 [INFO]: MongoDB connected 

yyyy-02-00 20:18:28 [INFO]: Loading Middlewares...
yyyy-02-00 20:18:28 [INFO]: All Middlewares Loaded...

yyyy-02-00 20:18:28 [INFO]: Mounting Routes...
yyyy-02-00 20:18:28 [INFO]: Products Router mounted at: /products
yyyy-02-00 20:18:28 [INFO]: Routes Mounted... 

yyyy-02-00 20:18:28 [INFO]: Server is running at http://localhost:8000 with 3089606

yyyy-02-00 20:18:45 [INFO]: Loading App... 

yyyy-02-00 20:18:45 [INFO]: MongoDB connected 

yyyy-02-00 20:18:45 [INFO]: Loading Middlewares...
yyyy-02-00 20:18:45 [INFO]: All Middlewares Loaded...

yyyy-02-00 20:18:45 [INFO]: Mounting Routes...
yyyy-02-00 20:18:45 [INFO]: Products Router mounted at: /products
yyyy-02-00 20:18:45 [INFO]: Routes Mounted... 

yyyy-02-00 20:18:45 [INFO]: Server is running at http://localhost:8000 with 3089789

yyyy-02-00 20:22:50 [INFO]: Loading App... 

yyyy-02-00 20:22:50 [INFO]: MongoDB connected 

yyyy-02-00 20:22:50 [INFO]: Loading Middlewares...
yyyy-02-00 20:22:50 [INFO]: All Middlewares Loaded...

yyyy-02-00 20:22:50 [INFO]: Mounting Routes...
yyyy-02-00 20:22:50 [INFO]: Products Router mounted at: /products
yyyy-02-00 20:22:50 [INFO]: Routes Mounted... 

yyyy-02-00 20:22:50 [INFO]: Server is running at http://localhost:8000 with 3091632

yyyy-02-00 20:25:41 [INFO]: Loading App... 

yyyy-02-00 20:25:41 [INFO]: MongoDB connected 

yyyy-02-00 20:25:41 [INFO]: Loading Middlewares...
yyyy-02-00 20:25:41 [INFO]: All Middlewares Loaded...

yyyy-02-00 20:25:41 [INFO]: Mounting Routes...
yyyy-02-00 20:25:41 [INFO]: Products Router mounted at: /products
yyyy-02-00 20:25:41 [INFO]: Routes Mounted... 

yyyy-02-00 20:25:41 [INFO]: Server is running at http://localhost:8000 with 3092851

yyyy-02-00 20:30:12 [INFO]: Loading App... 

yyyy-02-00 20:30:12 [INFO]: MongoDB connected 

yyyy-02-00 20:30:12 [INFO]: Loading Middlewares...
yyyy-02-00 20:30:12 [INFO]: All Middlewares Loaded...

yyyy-02-00 20:30:12 [INFO]: Mounting Routes...
yyyy-02-00 20:30:12 [INFO]: Products Router mounted at: /products
yyyy-02-00 20:30:12 [INFO]: Routes Mounted... 

yyyy-02-00 20:30:12 [INFO]: Server is running at http://localhost:8000 with 3094665

yyyy-02-00 21:17:03 [INFO]: Loading App... 

yyyy-02-00 21:17:03 [INFO]: MongoDB connected 

yyyy-02-00 21:17:03 [INFO]: Loading Middlewares...
yyyy-02-00 21:17:03 [INFO]: All Middlewares Loaded...

yyyy-02-00 21:17:03 [INFO]: Mounting Routes...
yyyy-02-00 21:17:03 [INFO]: Products Router mounted at: /products
yyyy-02-00 21:17:03 [INFO]: Routes Mounted... 

yyyy-02-00 21:17:03 [INFO]: Server is running at http://localhost:8000 with 3111988

yyyy-02-00 21:17:05 [INFO]: Loading App... 

yyyy-02-00 21:17:05 [INFO]: MongoDB connected 

yyyy-02-00 21:17:05 [INFO]: Loading Middlewares...
yyyy-02-00 21:17:05 [INFO]: All Middlewares Loaded...

yyyy-02-00 21:17:05 [INFO]: Mounting Routes...
yyyy-02-00 21:17:05 [INFO]: Products Router mounted at: /products
yyyy-02-00 21:17:05 [INFO]: Routes Mounted... 

yyyy-02-00 21:17:05 [INFO]: Server is running at http://localhost:8000 with 3112056

yyyy-02-00 21:17:06 [INFO]: Loading App... 

yyyy-02-00 21:17:06 [INFO]: MongoDB connected 

yyyy-02-00 21:17:06 [INFO]: Loading Middlewares...
yyyy-02-00 21:17:06 [INFO]: All Middlewares Loaded...

yyyy-02-00 21:17:06 [INFO]: Mounting Routes...
yyyy-02-00 21:17:06 [INFO]: Products Router mounted at: /products
yyyy-02-00 21:17:06 [INFO]: Routes Mounted... 

yyyy-02-00 21:17:06 [INFO]: Server is running at http://localhost:8000 with 3112095

yyyy-02-00 21:17:08 [INFO]: Loading App... 

yyyy-02-00 21:17:08 [INFO]: MongoDB connected 

yyyy-02-00 21:17:08 [INFO]: Loading Middlewares...
yyyy-02-00 21:17:08 [INFO]: All Middlewares Loaded...

yyyy-02-00 21:17:08 [INFO]: Mounting Routes...
yyyy-02-00 21:17:08 [INFO]: Products Router mounted at: /products
yyyy-02-00 21:17:08 [INFO]: Routes Mounted... 

yyyy-02-00 21:17:08 [INFO]: Server is running at http://localhost:8000 with 3112113

yyyy-02-00 21:17:10 [INFO]: Loading App... 

yyyy-02-00 21:17:10 [INFO]: MongoDB connected 

yyyy-02-00 21:17:10 [INFO]: Loading Middlewares...
yyyy-02-00 21:17:10 [INFO]: All Middlewares Loaded...

yyyy-02-00 21:17:10 [INFO]: Mounting Routes...
yyyy-02-00 21:17:10 [INFO]: Products Router mounted at: /products
yyyy-02-00 21:17:10 [INFO]: Routes Mounted... 

yyyy-02-00 21:17:10 [INFO]: Server is running at http://localhost:8000 with 3112200

yyyy-02-00 21:17:13 [INFO]: Loading App... 

yyyy-02-00 21:17:13 [INFO]: MongoDB connected 

yyyy-02-00 21:17:13 [INFO]: Loading Middlewares...
yyyy-02-00 21:17:13 [INFO]: All Middlewares Loaded...

yyyy-02-00 21:17:13 [INFO]: Mounting Routes...
yyyy-02-00 21:17:13 [INFO]: Products Router mounted at: /products
yyyy-02-00 21:17:13 [INFO]: Routes Mounted... 

yyyy-02-00 21:17:13 [INFO]: Server is running at http://localhost:8000 with 3112230

yyyy-02-00 21:17:14 [INFO]: Loading App... 

yyyy-02-00 21:17:14 [INFO]: MongoDB connected 

yyyy-02-00 21:17:14 [INFO]: Loading Middlewares...
yyyy-02-00 21:17:14 [INFO]: All Middlewares Loaded...

yyyy-02-00 21:17:14 [INFO]: Mounting Routes...
yyyy-02-00 21:17:14 [INFO]: Products Router mounted at: /products
yyyy-02-00 21:17:14 [INFO]: Routes Mounted... 

yyyy-02-00 21:17:14 [INFO]: Server is running at http://localhost:8000 with 3112261

yyyy-02-00 21:17:19 [INFO]: Loading App... 

yyyy-02-00 21:17:19 [INFO]: MongoDB connected 

yyyy-02-00 21:17:19 [INFO]: Loading Middlewares...
yyyy-02-00 21:17:19 [INFO]: All Middlewares Loaded...

yyyy-02-00 21:17:19 [INFO]: Mounting Routes...
yyyy-02-00 21:17:19 [INFO]: Products Router mounted at: /products
yyyy-02-00 21:17:19 [INFO]: Routes Mounted... 

yyyy-02-00 21:17:19 [INFO]: Server is running at http://localhost:8000 with 3112343

yyyy-02-00 21:17:20 [INFO]: Loading App... 

yyyy-02-00 21:17:20 [INFO]: MongoDB connected 

yyyy-02-00 21:17:20 [INFO]: Loading Middlewares...
yyyy-02-00 21:17:20 [INFO]: All Middlewares Loaded...

yyyy-02-00 21:17:20 [INFO]: Mounting Routes...
yyyy-02-00 21:17:20 [INFO]: Products Router mounted at: /products
yyyy-02-00 21:17:20 [INFO]: Routes Mounted... 

yyyy-02-00 21:17:20 [INFO]: Server is running at http://localhost:8000 with 3112398

yyyy-02-00 21:17:22 [INFO]: Loading App... 

yyyy-02-00 21:17:22 [INFO]: MongoDB connected 

yyyy-02-00 21:17:22 [INFO]: Loading Middlewares...
yyyy-02-00 21:17:22 [INFO]: All Middlewares Loaded...

yyyy-02-00 21:17:22 [INFO]: Mounting Routes...
yyyy-02-00 21:17:22 [INFO]: Products Router mounted at: /products
yyyy-02-00 21:17:22 [INFO]: Routes Mounted... 

yyyy-02-00 21:17:22 [INFO]: Server is running at http://localhost:8000 with 3112449

yyyy-02-00 21:17:28 [INFO]: Loading App... 

yyyy-02-00 21:17:28 [INFO]: MongoDB connected 

yyyy-02-00 21:17:28 [INFO]: Loading Middlewares...
yyyy-02-00 21:17:28 [INFO]: All Middlewares Loaded...

yyyy-02-00 21:17:28 [INFO]: Mounting Routes...
yyyy-02-00 21:17:28 [INFO]: Products Router mounted at: /products
yyyy-02-00 21:17:28 [INFO]: Routes Mounted... 

yyyy-02-00 21:17:28 [INFO]: Server is running at http://localhost:8000 with 3112539

yyyy-02-00 21:17:31 [INFO]: Loading App... 

yyyy-02-00 21:17:31 [INFO]: MongoDB connected 

yyyy-02-00 21:17:31 [INFO]: Loading Middlewares...
yyyy-02-00 21:17:31 [INFO]: All Middlewares Loaded...

yyyy-02-00 21:17:31 [INFO]: Mounting Routes...
yyyy-02-00 21:17:31 [INFO]: Products Router mounted at: /products
yyyy-02-00 21:17:31 [INFO]: Routes Mounted... 

yyyy-02-00 21:17:31 [INFO]: Server is running at http://localhost:8000 with 3112628

yyyy-02-00 21:17:34 [INFO]: Loading App... 

yyyy-02-00 21:17:34 [INFO]: MongoDB connected 

yyyy-02-00 21:17:34 [INFO]: Loading Middlewares...
yyyy-02-00 21:17:34 [INFO]: All Middlewares Loaded...

yyyy-02-00 21:17:34 [INFO]: Mounting Routes...
yyyy-02-00 21:17:34 [INFO]: Products Router mounted at: /products
yyyy-02-00 21:17:34 [INFO]: Routes Mounted... 

yyyy-02-00 21:17:34 [INFO]: Server is running at http://localhost:8000 with 3112671

yyyy-02-00 21:17:36 [INFO]: Loading App... 

yyyy-02-00 21:17:36 [INFO]: MongoDB connected 

yyyy-02-00 21:17:36 [INFO]: Loading Middlewares...
yyyy-02-00 21:17:36 [INFO]: All Middlewares Loaded...

yyyy-02-00 21:17:36 [INFO]: Mounting Routes...
yyyy-02-00 21:17:36 [INFO]: Products Router mounted at: /products
yyyy-02-00 21:17:36 [INFO]: Routes Mounted... 

yyyy-02-00 21:17:36 [INFO]: Server is running at http://localhost:8000 with 3112734

yyyy-02-00 21:17:39 [INFO]: Loading App... 

yyyy-02-00 21:17:39 [INFO]: MongoDB connected 

yyyy-02-00 21:17:39 [INFO]: Loading Middlewares...
yyyy-02-00 21:17:39 [INFO]: All Middlewares Loaded...

yyyy-02-00 21:17:39 [INFO]: Mounting Routes...
yyyy-02-00 21:17:39 [INFO]: Products Router mounted at: /products
yyyy-02-00 21:17:39 [INFO]: Routes Mounted... 

yyyy-02-00 21:17:39 [INFO]: Server is running at http://localhost:8000 with 3112772

yyyy-02-00 21:17:44 [INFO]: Loading App... 

yyyy-02-00 21:17:44 [INFO]: MongoDB connected 

yyyy-02-00 21:17:44 [INFO]: Loading Middlewares...
yyyy-02-00 21:17:44 [INFO]: All Middlewares Loaded...

yyyy-02-00 21:17:44 [INFO]: Mounting Routes...
yyyy-02-00 21:17:44 [INFO]: Products Router mounted at: /products
yyyy-02-00 21:17:44 [INFO]: Routes Mounted... 

yyyy-02-00 21:17:44 [INFO]: Server is running at http://localhost:8000 with 3112869

yyyy-02-00 21:17:47 [INFO]: Loading App... 

yyyy-02-00 21:17:47 [INFO]: MongoDB connected 

yyyy-02-00 21:17:47 [INFO]: Loading Middlewares...
yyyy-02-00 21:17:47 [INFO]: All Middlewares Loaded...

yyyy-02-00 21:17:47 [INFO]: Mounting Routes...
yyyy-02-00 21:17:47 [INFO]: Products Router mounted at: /products
yyyy-02-00 21:17:47 [INFO]: Routes Mounted... 

yyyy-02-00 21:17:47 [INFO]: Server is running at http://localhost:8000 with 3112939

yyyy-02-00 21:17:49 [INFO]: Loading App... 

yyyy-02-00 21:17:49 [INFO]: MongoDB connected 

yyyy-02-00 21:17:49 [INFO]: Loading Middlewares...
yyyy-02-00 21:17:49 [INFO]: All Middlewares Loaded...

yyyy-02-00 21:17:49 [INFO]: Mounting Routes...
yyyy-02-00 21:17:49 [INFO]: Products Router mounted at: /products
yyyy-02-00 21:17:49 [INFO]: Routes Mounted... 

yyyy-02-00 21:17:49 [INFO]: Server is running at http://localhost:8000 with 3112989

yyyy-02-00 21:17:50 [INFO]: Loading App... 

yyyy-02-00 21:17:50 [INFO]: MongoDB connected 

yyyy-02-00 21:17:50 [INFO]: Loading Middlewares...
yyyy-02-00 21:17:50 [INFO]: All Middlewares Loaded...

yyyy-02-00 21:17:50 [INFO]: Mounting Routes...
yyyy-02-00 21:17:50 [INFO]: Products Router mounted at: /products
yyyy-02-00 21:17:50 [INFO]: Routes Mounted... 

yyyy-02-00 21:17:50 [INFO]: Server is running at http://localhost:8000 with 3113052

yyyy-02-00 21:17:54 [INFO]: Loading App... 

yyyy-02-00 21:17:54 [INFO]: MongoDB connected 

yyyy-02-00 21:17:54 [INFO]: Loading Middlewares...
yyyy-02-00 21:17:54 [INFO]: All Middlewares Loaded...

yyyy-02-00 21:17:54 [INFO]: Mounting Routes...
yyyy-02-00 21:17:54 [INFO]: Products Router mounted at: /products
yyyy-02-00 21:17:54 [INFO]: Routes Mounted... 

yyyy-02-00 21:17:54 [INFO]: Server is running at http://localhost:8000 with 3113093

yyyy-02-00 21:17:55 [INFO]: Loading App... 

yyyy-02-00 21:17:56 [INFO]: MongoDB connected 

yyyy-02-00 21:17:56 [INFO]: Loading Middlewares...
yyyy-02-00 21:17:56 [INFO]: All Middlewares Loaded...

yyyy-02-00 21:17:56 [INFO]: Mounting Routes...
yyyy-02-00 21:17:56 [INFO]: Products Router mounted at: /products
yyyy-02-00 21:17:56 [INFO]: Routes Mounted... 

yyyy-02-00 21:17:56 [INFO]: Server is running at http://localhost:8000 with 3113167

yyyy-02-00 21:18:00 [INFO]: Loading App... 

yyyy-02-00 21:18:00 [INFO]: MongoDB connected 

yyyy-02-00 21:18:00 [INFO]: Loading Middlewares...
yyyy-02-00 21:18:00 [INFO]: All Middlewares Loaded...

yyyy-02-00 21:18:00 [INFO]: Mounting Routes...
yyyy-02-00 21:18:00 [INFO]: Products Router mounted at: /products
yyyy-02-00 21:18:00 [INFO]: Routes Mounted... 

yyyy-02-00 21:18:00 [INFO]: Server is running at http://localhost:8000 with 3113252

yyyy-02-00 21:18:02 [INFO]: Loading App... 

yyyy-02-00 21:18:02 [INFO]: MongoDB connected 

yyyy-02-00 21:18:02 [INFO]: Loading Middlewares...
yyyy-02-00 21:18:02 [INFO]: All Middlewares Loaded...

yyyy-02-00 21:18:02 [INFO]: Mounting Routes...
yyyy-02-00 21:18:02 [INFO]: Products Router mounted at: /products
yyyy-02-00 21:18:02 [INFO]: Routes Mounted... 

yyyy-02-00 21:18:02 [INFO]: Server is running at http://localhost:8000 with 3113280

yyyy-02-00 21:18:07 [INFO]: Loading App... 

yyyy-02-00 21:18:07 [INFO]: MongoDB connected 

yyyy-02-00 21:18:07 [INFO]: Loading Middlewares...
yyyy-02-00 21:18:07 [INFO]: All Middlewares Loaded...

yyyy-02-00 21:18:07 [INFO]: Mounting Routes...
yyyy-02-00 21:18:07 [INFO]: Products Router mounted at: /products
yyyy-02-00 21:18:07 [INFO]: Routes Mounted... 

yyyy-02-00 21:18:07 [INFO]: Server is running at http://localhost:8000 with 3113382

yyyy-02-00 21:18:09 [INFO]: Loading App... 

yyyy-02-00 21:18:09 [INFO]: MongoDB connected 

yyyy-02-00 21:18:09 [INFO]: Loading Middlewares...
yyyy-02-00 21:18:09 [INFO]: All Middlewares Loaded...

yyyy-02-00 21:18:09 [INFO]: Mounting Routes...
yyyy-02-00 21:18:09 [INFO]: Products Router mounted at: /products
yyyy-02-00 21:18:09 [INFO]: Routes Mounted... 

yyyy-02-00 21:18:09 [INFO]: Server is running at http://localhost:8000 with 3113421

yyyy-02-00 21:18:36 [INFO]: Loading App... 

yyyy-02-00 21:18:36 [INFO]: MongoDB connected 

yyyy-02-00 21:18:36 [INFO]: Loading Middlewares...
yyyy-02-00 21:18:36 [INFO]: All Middlewares Loaded...

yyyy-02-00 21:18:36 [INFO]: Mounting Routes...
yyyy-02-00 21:18:36 [INFO]: Products Router mounted at: /products
yyyy-02-00 21:18:36 [INFO]: Routes Mounted... 

yyyy-02-00 21:18:36 [INFO]: Server is running at http://localhost:8000 with 3113674

yyyy-02-00 21:18:41 [INFO]: Loading App... 

yyyy-02-00 21:18:41 [INFO]: MongoDB connected 

yyyy-02-00 21:18:41 [INFO]: Loading Middlewares...
yyyy-02-00 21:18:41 [INFO]: All Middlewares Loaded...

yyyy-02-00 21:18:41 [INFO]: Mounting Routes...
yyyy-02-00 21:18:41 [INFO]: Products Router mounted at: /products
yyyy-02-00 21:18:41 [INFO]: Routes Mounted... 

yyyy-02-00 21:18:41 [INFO]: Server is running at http://localhost:8000 with 3113760

yyyy-02-00 21:18:45 [INFO]: Loading App... 

yyyy-02-00 21:18:45 [INFO]: MongoDB connected 

yyyy-02-00 21:18:45 [INFO]: Loading Middlewares...
yyyy-02-00 21:18:45 [INFO]: All Middlewares Loaded...

yyyy-02-00 21:18:45 [INFO]: Mounting Routes...
yyyy-02-00 21:18:45 [INFO]: Products Router mounted at: /products
yyyy-02-00 21:18:45 [INFO]: Routes Mounted... 

yyyy-02-00 21:18:45 [INFO]: Server is running at http://localhost:8000 with 3113850

yyyy-02-00 21:18:57 [INFO]: Loading App... 

yyyy-02-00 21:18:57 [INFO]: MongoDB connected 

yyyy-02-00 21:18:57 [INFO]: Loading Middlewares...
yyyy-02-00 21:18:57 [INFO]: All Middlewares Loaded...

yyyy-02-00 21:18:57 [INFO]: Mounting Routes...
yyyy-02-00 21:18:57 [INFO]: Products Router mounted at: /products
yyyy-02-00 21:18:57 [INFO]: Routes Mounted... 

yyyy-02-00 21:18:57 [INFO]: Server is running at http://localhost:8000 with 3113984

yyyy-02-00 21:19:02 [INFO]: Loading App... 

yyyy-02-00 21:19:02 [INFO]: MongoDB connected 

yyyy-02-00 21:19:02 [INFO]: Loading Middlewares...
yyyy-02-00 21:19:02 [INFO]: All Middlewares Loaded...

yyyy-02-00 21:19:02 [INFO]: Mounting Routes...
yyyy-02-00 21:19:02 [INFO]: Products Router mounted at: /products
yyyy-02-00 21:19:02 [INFO]: Routes Mounted... 

yyyy-02-00 21:19:02 [INFO]: Server is running at http://localhost:8000 with 3114085

yyyy-02-00 21:19:07 [INFO]: Loading App... 

yyyy-02-00 21:19:07 [INFO]: MongoDB connected 

yyyy-02-00 21:19:07 [INFO]: Loading Middlewares...
yyyy-02-00 21:19:07 [INFO]: All Middlewares Loaded...

yyyy-02-00 21:19:07 [INFO]: Mounting Routes...
yyyy-02-00 21:19:07 [INFO]: Products Router mounted at: /products
yyyy-02-00 21:19:07 [INFO]: Routes Mounted... 

yyyy-02-00 21:19:07 [INFO]: Server is running at http://localhost:8000 with 3114173

yyyy-02-00 21:19:10 [INFO]: Loading App... 

yyyy-02-00 21:19:10 [INFO]: MongoDB connected 

yyyy-02-00 21:19:10 [INFO]: Loading Middlewares...
yyyy-02-00 21:19:10 [INFO]: All Middlewares Loaded...

yyyy-02-00 21:19:10 [INFO]: Mounting Routes...
yyyy-02-00 21:19:10 [INFO]: Products Router mounted at: /products
yyyy-02-00 21:19:10 [INFO]: Routes Mounted... 

yyyy-02-00 21:19:10 [INFO]: Server is running at http://localhost:8000 with 3114265

yyyy-02-00 21:19:12 [INFO]: Loading App... 

yyyy-02-00 21:19:12 [INFO]: MongoDB connected 

yyyy-02-00 21:19:12 [INFO]: Loading Middlewares...
yyyy-02-00 21:19:12 [INFO]: All Middlewares Loaded...

yyyy-02-00 21:19:12 [INFO]: Mounting Routes...
yyyy-02-00 21:19:12 [INFO]: Products Router mounted at: /products
yyyy-02-00 21:19:12 [INFO]: Routes Mounted... 

yyyy-02-00 21:19:12 [INFO]: Server is running at http://localhost:8000 with 3114293

yyyy-02-00 21:19:16 [INFO]: Loading App... 

yyyy-02-00 21:19:16 [INFO]: MongoDB connected 

yyyy-02-00 21:19:16 [INFO]: Loading Middlewares...
yyyy-02-00 21:19:16 [INFO]: All Middlewares Loaded...

yyyy-02-00 21:19:16 [INFO]: Mounting Routes...
yyyy-02-00 21:19:16 [INFO]: Products Router mounted at: /products
yyyy-02-00 21:19:16 [INFO]: Routes Mounted... 

yyyy-02-00 21:19:16 [INFO]: Server is running at http://localhost:8000 with 3114379

yyyy-02-00 21:19:20 [INFO]: Loading App... 

yyyy-02-00 21:19:20 [INFO]: MongoDB connected 

yyyy-02-00 21:19:20 [INFO]: Loading Middlewares...
yyyy-02-00 21:19:20 [INFO]: All Middlewares Loaded...

yyyy-02-00 21:19:20 [INFO]: Mounting Routes...
yyyy-02-00 21:19:20 [INFO]: Products Router mounted at: /products
yyyy-02-00 21:19:20 [INFO]: Routes Mounted... 

yyyy-02-00 21:19:20 [INFO]: Server is running at http://localhost:8000 with 3114465

yyyy-02-00 21:19:23 [INFO]: Loading App... 

yyyy-02-00 21:19:23 [INFO]: MongoDB connected 

yyyy-02-00 21:19:23 [INFO]: Loading Middlewares...
yyyy-02-00 21:19:23 [INFO]: All Middlewares Loaded...

yyyy-02-00 21:19:23 [INFO]: Mounting Routes...
yyyy-02-00 21:19:23 [INFO]: Products Router mounted at: /products
yyyy-02-00 21:19:23 [INFO]: Routes Mounted... 

yyyy-02-00 21:19:23 [INFO]: Server is running at http://localhost:8000 with 3114508

yyyy-02-00 21:19:27 [INFO]: Loading App... 

yyyy-02-00 21:19:27 [INFO]: MongoDB connected 

yyyy-02-00 21:19:27 [INFO]: Loading Middlewares...
yyyy-02-00 21:19:27 [INFO]: All Middlewares Loaded...

yyyy-02-00 21:19:27 [INFO]: Mounting Routes...
yyyy-02-00 21:19:27 [INFO]: Products Router mounted at: /products
yyyy-02-00 21:19:27 [INFO]: Routes Mounted... 

yyyy-02-00 21:19:27 [INFO]: Server is running at http://localhost:8000 with 3114585

yyyy-02-00 21:19:34 [INFO]: Loading App... 

yyyy-02-00 21:19:34 [INFO]: MongoDB connected 

yyyy-02-00 21:19:34 [INFO]: Loading Middlewares...
yyyy-02-00 21:19:34 [INFO]: All Middlewares Loaded...

yyyy-02-00 21:19:34 [INFO]: Mounting Routes...
yyyy-02-00 21:19:34 [INFO]: Products Router mounted at: /products
yyyy-02-00 21:19:34 [INFO]: Routes Mounted... 

yyyy-02-00 21:19:34 [INFO]: Server is running at http://localhost:8000 with 3114684

yyyy-02-00 22:21:21 [INFO]: Loading App... 

yyyy-02-00 22:21:21 [INFO]: MongoDB connected 

yyyy-02-00 22:21:21 [INFO]: Loading Middlewares...
yyyy-02-00 22:21:21 [INFO]: All Middlewares Loaded...

yyyy-02-00 22:21:21 [INFO]: Mounting Routes...
yyyy-02-00 22:21:21 [INFO]: Products Router mounted at: /products
yyyy-02-00 22:21:21 [INFO]: Routes Mounted... 

yyyy-02-00 22:21:21 [INFO]: Server is running at http://localhost:8000 with 3137092

yyyy-02-00 22:21:26 [INFO]: Loading App... 

yyyy-02-00 22:21:26 [INFO]: MongoDB connected 

yyyy-02-00 22:21:26 [INFO]: Loading Middlewares...
yyyy-02-00 22:21:26 [INFO]: All Middlewares Loaded...

yyyy-02-00 22:21:26 [INFO]: Mounting Routes...
yyyy-02-00 22:21:26 [INFO]: Products Router mounted at: /products
yyyy-02-00 22:21:26 [INFO]: Routes Mounted... 

yyyy-02-00 22:21:26 [INFO]: Server is running at http://localhost:8000 with 3137193

yyyy-02-00 22:21:29 [INFO]: Loading App... 

yyyy-02-00 22:21:29 [INFO]: MongoDB connected 

yyyy-02-00 22:21:29 [INFO]: Loading Middlewares...
yyyy-02-00 22:21:29 [INFO]: All Middlewares Loaded...

yyyy-02-00 22:21:29 [INFO]: Mounting Routes...
yyyy-02-00 22:21:29 [INFO]: Products Router mounted at: /products
yyyy-02-00 22:21:29 [INFO]: Routes Mounted... 

yyyy-02-00 22:21:29 [INFO]: Server is running at http://localhost:8000 with 3137269

yyyy-02-00 22:21:31 [INFO]: Loading App... 

yyyy-02-00 22:21:31 [INFO]: MongoDB connected 

yyyy-02-00 22:21:31 [INFO]: Loading Middlewares...
yyyy-02-00 22:21:31 [INFO]: All Middlewares Loaded...

yyyy-02-00 22:21:31 [INFO]: Mounting Routes...
yyyy-02-00 22:21:31 [INFO]: Products Router mounted at: /products
yyyy-02-00 22:21:31 [INFO]: Routes Mounted... 

yyyy-02-00 22:21:31 [INFO]: Server is running at http://localhost:8000 with 3137305

yyyy-02-00 22:22:11 [INFO]: Loading App... 

yyyy-02-00 22:22:11 [INFO]: MongoDB connected 

yyyy-02-00 22:22:11 [INFO]: Loading Middlewares...
yyyy-02-00 22:22:11 [INFO]: All Middlewares Loaded...

yyyy-02-00 22:22:11 [INFO]: Mounting Routes...
yyyy-02-00 22:22:11 [INFO]: Products Router mounted at: /products
yyyy-02-00 22:22:11 [INFO]: Routes Mounted... 

yyyy-02-00 22:22:11 [INFO]: Server is running at http://localhost:8000 with 3137664

yyyy-02-00 22:22:15 [INFO]: Loading App... 

yyyy-02-00 22:22:15 [INFO]: MongoDB connected 

yyyy-02-00 22:22:15 [INFO]: Loading Middlewares...
yyyy-02-00 22:22:15 [INFO]: All Middlewares Loaded...

yyyy-02-00 22:22:15 [INFO]: Mounting Routes...
yyyy-02-00 22:22:15 [INFO]: Products Router mounted at: /products
yyyy-02-00 22:22:15 [INFO]: Routes Mounted... 

yyyy-02-00 22:22:15 [INFO]: Server is running at http://localhost:8000 with 3137753

yyyy-02-00 22:22:37 [INFO]: Loading App... 

yyyy-02-00 22:22:37 [INFO]: MongoDB connected 

yyyy-02-00 22:22:37 [INFO]: Loading Middlewares...
yyyy-02-00 22:22:37 [INFO]: All Middlewares Loaded...

yyyy-02-00 22:22:37 [INFO]: Mounting Routes...
yyyy-02-00 22:22:37 [INFO]: Products Router mounted at: /products
yyyy-02-00 22:22:37 [INFO]: Routes Mounted... 

yyyy-02-00 22:22:37 [INFO]: Server is running at http://localhost:8000 with 3137948

yyyy-02-00 22:22:45 [INFO]: Loading App... 

yyyy-02-00 22:22:45 [INFO]: MongoDB connected 

yyyy-02-00 22:22:45 [INFO]: Loading Middlewares...
yyyy-02-00 22:22:45 [INFO]: All Middlewares Loaded...

yyyy-02-00 22:22:45 [INFO]: Mounting Routes...
yyyy-02-00 22:22:45 [INFO]: Products Router mounted at: /products
yyyy-02-00 22:22:45 [INFO]: Routes Mounted... 

yyyy-02-00 22:22:45 [INFO]: Server is running at http://localhost:8000 with 3138079

yyyy-02-00 22:23:12 [INFO]: Loading App... 

yyyy-02-00 22:23:12 [INFO]: MongoDB connected 

yyyy-02-00 22:23:12 [INFO]: Loading Middlewares...
yyyy-02-00 22:23:12 [INFO]: All Middlewares Loaded...

yyyy-02-00 22:23:12 [INFO]: Mounting Routes...
yyyy-02-00 22:23:12 [INFO]: Products Router mounted at: /products
yyyy-02-00 22:23:12 [INFO]: Routes Mounted... 

yyyy-02-00 22:23:12 [INFO]: Server is running at http://localhost:8000 with 3138296

yyyy-02-00 22:23:17 [INFO]: Loading App... 

yyyy-02-00 22:23:17 [INFO]: MongoDB connected 

yyyy-02-00 22:23:17 [INFO]: Loading Middlewares...
yyyy-02-00 22:23:17 [INFO]: All Middlewares Loaded...

yyyy-02-00 22:23:17 [INFO]: Mounting Routes...
yyyy-02-00 22:23:17 [INFO]: Products Router mounted at: /products
yyyy-02-00 22:23:17 [INFO]: Routes Mounted... 

yyyy-02-00 22:23:17 [INFO]: Server is running at http://localhost:8000 with 3138393

yyyy-02-00 22:23:23 [INFO]: Loading App... 

yyyy-02-00 22:23:23 [INFO]: MongoDB connected 

yyyy-02-00 22:23:23 [INFO]: Loading Middlewares...
yyyy-02-00 22:23:23 [INFO]: All Middlewares Loaded...

yyyy-02-00 22:23:23 [INFO]: Mounting Routes...
yyyy-02-00 22:23:23 [INFO]: Products Router mounted at: /products
yyyy-02-00 22:23:23 [INFO]: Routes Mounted... 

yyyy-02-00 22:23:23 [INFO]: Server is running at http://localhost:8000 with 3138489

yyyy-02-00 22:23:24 [INFO]: Loading App... 

yyyy-02-00 22:23:24 [INFO]: MongoDB connected 

yyyy-02-00 22:23:24 [INFO]: Loading Middlewares...
yyyy-02-00 22:23:24 [INFO]: All Middlewares Loaded...

yyyy-02-00 22:23:24 [INFO]: Mounting Routes...
yyyy-02-00 22:23:24 [INFO]: Products Router mounted at: /products
yyyy-02-00 22:23:24 [INFO]: Routes Mounted... 

yyyy-02-00 22:23:24 [INFO]: Server is running at http://localhost:8000 with 3138520

yyyy-02-00 22:24:13 [INFO]: Loading App... 

yyyy-02-00 22:24:13 [INFO]: MongoDB connected 

yyyy-02-00 22:24:13 [INFO]: Loading Middlewares...
yyyy-02-00 22:24:13 [INFO]: All Middlewares Loaded...

yyyy-02-00 22:24:13 [INFO]: Mounting Routes...
yyyy-02-00 22:24:13 [INFO]: Products Router mounted at: /products
yyyy-02-00 22:24:13 [INFO]: Routes Mounted... 

yyyy-02-00 22:24:13 [INFO]: Server is running at http://localhost:8000 with 3138883

yyyy-02-00 22:24:14 [INFO]: Loading App... 

yyyy-02-00 22:24:14 [INFO]: MongoDB connected 

yyyy-02-00 22:24:14 [INFO]: Loading Middlewares...
yyyy-02-00 22:24:14 [INFO]: All Middlewares Loaded...

yyyy-02-00 22:24:14 [INFO]: Mounting Routes...
yyyy-02-00 22:24:14 [INFO]: Products Router mounted at: /products
yyyy-02-00 22:24:14 [INFO]: Routes Mounted... 

yyyy-02-00 22:24:14 [INFO]: Server is running at http://localhost:8000 with 3138949

yyyy-02-00 22:24:18 [INFO]: Loading App... 

yyyy-02-00 22:24:18 [INFO]: MongoDB connected 

yyyy-02-00 22:24:18 [INFO]: Loading Middlewares...
yyyy-02-00 22:24:18 [INFO]: All Middlewares Loaded...

yyyy-02-00 22:24:18 [INFO]: Mounting Routes...
yyyy-02-00 22:24:18 [INFO]: Products Router mounted at: /products
yyyy-02-00 22:24:18 [INFO]: Routes Mounted... 

yyyy-02-00 22:24:18 [INFO]: Server is running at http://localhost:8000 with 3139001

yyyy-02-00 22:24:20 [INFO]: Loading App... 

yyyy-02-00 22:24:20 [INFO]: MongoDB connected 

yyyy-02-00 22:24:20 [INFO]: Loading Middlewares...
yyyy-02-00 22:24:20 [INFO]: All Middlewares Loaded...

yyyy-02-00 22:24:20 [INFO]: Mounting Routes...
yyyy-02-00 22:24:20 [INFO]: Products Router mounted at: /products
yyyy-02-00 22:24:20 [INFO]: Routes Mounted... 

yyyy-02-00 22:24:20 [INFO]: Server is running at http://localhost:8000 with 3139064

yyyy-02-00 22:24:23 [INFO]: Loading App... 

yyyy-02-00 22:24:23 [INFO]: MongoDB connected 

yyyy-02-00 22:24:23 [INFO]: Loading Middlewares...
yyyy-02-00 22:24:23 [INFO]: All Middlewares Loaded...

yyyy-02-00 22:24:23 [INFO]: Mounting Routes...
yyyy-02-00 22:24:23 [INFO]: Products Router mounted at: /products
yyyy-02-00 22:24:23 [INFO]: Routes Mounted... 

yyyy-02-00 22:24:23 [INFO]: Server is running at http://localhost:8000 with 3139106

yyyy-02-00 22:24:25 [INFO]: Loading App... 

yyyy-02-00 22:24:25 [INFO]: MongoDB connected 

yyyy-02-00 22:24:25 [INFO]: Loading Middlewares...
yyyy-02-00 22:24:25 [INFO]: All Middlewares Loaded...

yyyy-02-00 22:24:25 [INFO]: Mounting Routes...
yyyy-02-00 22:24:25 [INFO]: Products Router mounted at: /products
yyyy-02-00 22:24:25 [INFO]: Routes Mounted... 

yyyy-02-00 22:24:25 [INFO]: Server is running at http://localhost:8000 with 3139182

yyyy-02-00 22:24:31 [INFO]: Loading App... 

yyyy-02-00 22:24:31 [INFO]: MongoDB connected 

yyyy-02-00 22:24:31 [INFO]: Loading Middlewares...
yyyy-02-00 22:24:31 [INFO]: All Middlewares Loaded...

yyyy-02-00 22:24:31 [INFO]: Mounting Routes...
yyyy-02-00 22:24:31 [INFO]: Products Router mounted at: /products
yyyy-02-00 22:24:31 [INFO]: Routes Mounted... 

yyyy-02-00 22:24:31 [INFO]: Server is running at http://localhost:8000 with 3139282

yyyy-02-00 22:24:36 [INFO]: Loading App... 

yyyy-02-00 22:24:36 [INFO]: MongoDB connected 

yyyy-02-00 22:24:36 [INFO]: Loading Middlewares...
yyyy-02-00 22:24:36 [INFO]: All Middlewares Loaded...

yyyy-02-00 22:24:36 [INFO]: Mounting Routes...
yyyy-02-00 22:24:36 [INFO]: Products Router mounted at: /products
yyyy-02-00 22:24:36 [INFO]: Routes Mounted... 

yyyy-02-00 22:24:36 [INFO]: Server is running at http://localhost:8000 with 3139382

yyyy-02-00 22:24:39 [INFO]: Loading App... 

yyyy-02-00 22:24:39 [INFO]: MongoDB connected 

yyyy-02-00 22:24:39 [INFO]: Loading Middlewares...
yyyy-02-00 22:24:39 [INFO]: All Middlewares Loaded...

yyyy-02-00 22:24:39 [INFO]: Mounting Routes...
yyyy-02-00 22:24:39 [INFO]: Products Router mounted at: /products
yyyy-02-00 22:24:39 [INFO]: Routes Mounted... 

yyyy-02-00 22:24:39 [INFO]: Server is running at http://localhost:8000 with 3139425

yyyy-02-00 22:25:48 [INFO]: Loading App... 

yyyy-02-00 22:25:48 [INFO]: MongoDB connected 

yyyy-02-00 22:25:48 [INFO]: Loading Middlewares...
yyyy-02-00 22:25:48 [INFO]: All Middlewares Loaded...

yyyy-02-00 22:25:48 [INFO]: Mounting Routes...
yyyy-02-00 22:25:48 [INFO]: Products Router mounted at: /products
yyyy-02-00 22:25:48 [INFO]: Routes Mounted... 

yyyy-02-00 22:25:48 [INFO]: Server is running at http://localhost:8000 with 3140256

yyyy-02-00 22:25:50 [INFO]: Loading App... 

yyyy-02-00 22:25:50 [INFO]: MongoDB connected 

yyyy-02-00 22:25:50 [INFO]: Loading Middlewares...
yyyy-02-00 22:25:50 [INFO]: All Middlewares Loaded...

yyyy-02-00 22:25:50 [INFO]: Mounting Routes...
yyyy-02-00 22:25:50 [INFO]: Products Router mounted at: /products
yyyy-02-00 22:25:50 [INFO]: Routes Mounted... 

yyyy-02-00 22:25:50 [INFO]: Server is running at http://localhost:8000 with 3140282

yyyy-02-00 22:26:03 [INFO]: Loading App... 

yyyy-02-00 22:26:03 [INFO]: MongoDB connected 

yyyy-02-00 22:26:03 [INFO]: Loading Middlewares...
yyyy-02-00 22:26:03 [INFO]: All Middlewares Loaded...

yyyy-02-00 22:26:03 [INFO]: Mounting Routes...
yyyy-02-00 22:26:03 [INFO]: Products Router mounted at: /products
yyyy-02-00 22:26:03 [INFO]: Routes Mounted... 

yyyy-02-00 22:26:03 [INFO]: Server is running at http://localhost:8000 with 3140394

yyyy-02-00 22:26:17 [INFO]: Loading App... 

yyyy-02-00 22:26:17 [INFO]: MongoDB connected 

yyyy-02-00 22:26:17 [INFO]: Loading Middlewares...
yyyy-02-00 22:26:17 [INFO]: All Middlewares Loaded...

yyyy-02-00 22:26:17 [INFO]: Mounting Routes...
yyyy-02-00 22:26:17 [INFO]: Products Router mounted at: /products
yyyy-02-00 22:26:17 [INFO]: Routes Mounted... 

yyyy-02-00 22:26:17 [INFO]: Server is running at http://localhost:8000 with 3140542

yyyy-02-00 22:26:21 [INFO]: Loading App... 

yyyy-02-00 22:26:21 [INFO]: MongoDB connected 

yyyy-02-00 22:26:21 [INFO]: Loading Middlewares...
yyyy-02-00 22:26:21 [INFO]: All Middlewares Loaded...

yyyy-02-00 22:26:21 [INFO]: Mounting Routes...
yyyy-02-00 22:26:21 [INFO]: Products Router mounted at: /products
yyyy-02-00 22:26:21 [INFO]: Routes Mounted... 

yyyy-02-00 22:26:21 [INFO]: Server is running at http://localhost:8000 with 3140607

yyyy-02-00 22:26:23 [INFO]: Loading App... 

yyyy-02-00 22:26:23 [INFO]: MongoDB connected 

yyyy-02-00 22:26:23 [INFO]: Loading Middlewares...
yyyy-02-00 22:26:23 [INFO]: All Middlewares Loaded...

yyyy-02-00 22:26:23 [INFO]: Mounting Routes...
yyyy-02-00 22:26:23 [INFO]: Products Router mounted at: /products
yyyy-02-00 22:26:23 [INFO]: Routes Mounted... 

yyyy-02-00 22:26:23 [INFO]: Server is running at http://localhost:8000 with 3140636

yyyy-02-00 22:26:30 [INFO]: Loading App... 

yyyy-02-00 22:26:30 [INFO]: MongoDB connected 

yyyy-02-00 22:26:30 [INFO]: Loading Middlewares...
yyyy-02-00 22:26:30 [INFO]: All Middlewares Loaded...

yyyy-02-00 22:26:30 [INFO]: Mounting Routes...
yyyy-02-00 22:26:30 [INFO]: Products Router mounted at: /products
yyyy-02-00 22:26:30 [INFO]: Routes Mounted... 

yyyy-02-00 22:26:30 [INFO]: Server is running at http://localhost:8000 with 3140748

yyyy-02-00 22:26:38 [INFO]: Loading App... 

yyyy-02-00 22:26:38 [INFO]: MongoDB connected 

yyyy-02-00 22:26:38 [INFO]: Loading Middlewares...
yyyy-02-00 22:26:38 [INFO]: All Middlewares Loaded...

yyyy-02-00 22:26:38 [INFO]: Mounting Routes...
yyyy-02-00 22:26:38 [INFO]: Products Router mounted at: /products
yyyy-02-00 22:26:38 [INFO]: Routes Mounted... 

yyyy-02-00 22:26:38 [INFO]: Server is running at http://localhost:8000 with 3140824

yyyy-02-00 22:27:02 [INFO]: Loading App... 

yyyy-02-00 22:27:02 [INFO]: MongoDB connected 

yyyy-02-00 22:27:02 [INFO]: Loading Middlewares...
yyyy-02-00 22:27:02 [INFO]: All Middlewares Loaded...

yyyy-02-00 22:27:02 [INFO]: Mounting Routes...
yyyy-02-00 22:27:02 [INFO]: Products Router mounted at: /products
yyyy-02-00 22:27:02 [INFO]: Routes Mounted... 

yyyy-02-00 22:27:02 [INFO]: Server is running at http://localhost:8000 with 3141028

yyyy-02-00 22:28:12 [INFO]: Loading App... 

yyyy-02-00 22:28:12 [INFO]: MongoDB connected 

yyyy-02-00 22:28:12 [INFO]: Loading Middlewares...
yyyy-02-00 22:28:12 [INFO]: All Middlewares Loaded...

yyyy-02-00 22:28:12 [INFO]: Mounting Routes...
yyyy-02-00 22:28:12 [INFO]: Products Router mounted at: /products
yyyy-02-00 22:28:12 [INFO]: Routes Mounted... 

yyyy-02-00 22:28:12 [INFO]: Server is running at http://localhost:8000 with 3141608

yyyy-02-00 22:28:15 [INFO]: Loading App... 

yyyy-02-00 22:28:15 [INFO]: MongoDB connected 

yyyy-02-00 22:28:15 [INFO]: Loading Middlewares...
yyyy-02-00 22:28:15 [INFO]: All Middlewares Loaded...

yyyy-02-00 22:28:15 [INFO]: Mounting Routes...
yyyy-02-00 22:28:15 [INFO]: Products Router mounted at: /products
yyyy-02-00 22:28:15 [INFO]: Routes Mounted... 

yyyy-02-00 22:28:15 [INFO]: Server is running at http://localhost:8000 with 3141659

yyyy-02-00 22:28:35 [INFO]: Loading App... 

yyyy-02-00 22:28:35 [INFO]: MongoDB connected 

yyyy-02-00 22:28:35 [INFO]: Loading Middlewares...
yyyy-02-00 22:28:35 [INFO]: All Middlewares Loaded...

yyyy-02-00 22:28:35 [INFO]: Mounting Routes...
yyyy-02-00 22:28:35 [INFO]: Products Router mounted at: /products
yyyy-02-00 22:28:35 [INFO]: Routes Mounted... 

yyyy-02-00 22:28:35 [INFO]: Server is running at http://localhost:8000 with 3141849

yyyy-02-00 22:28:37 [INFO]: Loading App... 

yyyy-02-00 22:28:37 [INFO]: MongoDB connected 

yyyy-02-00 22:28:37 [INFO]: Loading Middlewares...
yyyy-02-00 22:28:37 [INFO]: All Middlewares Loaded...

yyyy-02-00 22:28:37 [INFO]: Mounting Routes...
yyyy-02-00 22:28:37 [INFO]: Products Router mounted at: /products
yyyy-02-00 22:28:37 [INFO]: Routes Mounted... 

yyyy-02-00 22:28:37 [INFO]: Server is running at http://localhost:8000 with 3141890

yyyy-02-00 22:29:15 [INFO]: Loading App... 

yyyy-02-00 22:29:15 [INFO]: MongoDB connected 

yyyy-02-00 22:29:15 [INFO]: Loading Middlewares...
yyyy-02-00 22:29:15 [INFO]: All Middlewares Loaded...

yyyy-02-00 22:29:15 [INFO]: Mounting Routes...
yyyy-02-00 22:29:15 [INFO]: Products Router mounted at: /products
yyyy-02-00 22:29:15 [INFO]: Routes Mounted... 

yyyy-02-00 22:29:15 [INFO]: Server is running at http://localhost:8000 with 3142164

yyyy-02-00 22:29:38 [INFO]: Loading App... 

yyyy-02-00 22:29:38 [INFO]: MongoDB connected 

yyyy-02-00 22:29:38 [INFO]: Loading Middlewares...
yyyy-02-00 22:30:00 [INFO]: Loading App... 

yyyy-02-00 22:30:00 [INFO]: MongoDB connected 

yyyy-02-00 22:30:00 [INFO]: Loading Middlewares...
yyyy-02-00 22:30:02 [INFO]: Loading App... 

yyyy-02-00 22:30:02 [INFO]: MongoDB connected 

yyyy-02-00 22:30:02 [INFO]: Loading Middlewares...
yyyy-02-00 22:30:02 [INFO]: All Middlewares Loaded...

yyyy-02-00 22:30:02 [INFO]: Mounting Routes...
yyyy-02-00 22:30:02 [INFO]: Products Router mounted at: /products
yyyy-02-00 22:30:02 [INFO]: Routes Mounted... 

yyyy-02-00 22:30:02 [INFO]: Server is running at http://localhost:8000 with 3142628

yyyy-02-00 22:30:53 [INFO]: Loading App... 

yyyy-02-00 22:30:53 [INFO]: MongoDB connected 

yyyy-02-00 22:30:53 [INFO]: Loading Middlewares...
yyyy-02-00 22:30:53 [INFO]: All Middlewares Loaded...

yyyy-02-00 22:30:53 [INFO]: Mounting Routes...
yyyy-02-00 22:30:53 [INFO]: Products Router mounted at: /products
yyyy-02-00 22:30:53 [INFO]: Routes Mounted... 

yyyy-02-00 22:30:53 [INFO]: Server is running at http://localhost:8000 with 3143026

yyyy-02-00 22:30:57 [INFO]: Loading App... 

yyyy-02-00 22:30:57 [INFO]: MongoDB connected 

yyyy-02-00 22:30:57 [INFO]: Loading Middlewares...
yyyy-02-00 22:30:57 [INFO]: All Middlewares Loaded...

yyyy-02-00 22:30:57 [INFO]: Mounting Routes...
yyyy-02-00 22:30:57 [INFO]: Products Router mounted at: /products
yyyy-02-00 22:30:57 [INFO]: Routes Mounted... 

yyyy-02-00 22:30:57 [INFO]: Server is running at http://localhost:8000 with 3143093

yyyy-02-00 22:31:00 [INFO]: Loading App... 

yyyy-02-00 22:31:00 [INFO]: MongoDB connected 

yyyy-02-00 22:31:00 [INFO]: Loading Middlewares...
yyyy-02-00 22:31:00 [INFO]: All Middlewares Loaded...

yyyy-02-00 22:31:00 [INFO]: Mounting Routes...
yyyy-02-00 22:31:00 [INFO]: Products Router mounted at: /products
yyyy-02-00 22:31:00 [INFO]: Routes Mounted... 

yyyy-02-00 22:31:00 [INFO]: Server is running at http://localhost:8000 with 3143144

yyyy-02-00 22:31:05 [INFO]: Loading App... 

yyyy-02-00 22:31:05 [INFO]: MongoDB connected 

yyyy-02-00 22:31:05 [INFO]: Loading Middlewares...
yyyy-02-00 22:31:05 [INFO]: All Middlewares Loaded...

yyyy-02-00 22:31:05 [INFO]: Mounting Routes...
yyyy-02-00 22:31:05 [INFO]: Products Router mounted at: /products
yyyy-02-00 22:31:05 [INFO]: Routes Mounted... 

yyyy-02-00 22:31:05 [INFO]: Server is running at http://localhost:8000 with 3143209

yyyy-02-00 22:31:07 [INFO]: Loading App... 

yyyy-02-00 22:31:07 [INFO]: MongoDB connected 

yyyy-02-00 22:31:07 [INFO]: Loading Middlewares...
yyyy-02-00 22:31:07 [INFO]: All Middlewares Loaded...

yyyy-02-00 22:31:07 [INFO]: Mounting Routes...
yyyy-02-00 22:31:07 [INFO]: Products Router mounted at: /products
yyyy-02-00 22:31:07 [INFO]: Routes Mounted... 

yyyy-02-00 22:31:07 [INFO]: Server is running at http://localhost:8000 with 3143246

yyyy-02-00 22:31:12 [INFO]: Loading App... 

yyyy-02-00 22:31:12 [INFO]: MongoDB connected 

yyyy-02-00 22:31:12 [INFO]: Loading Middlewares...
yyyy-02-00 22:31:12 [INFO]: All Middlewares Loaded...

yyyy-02-00 22:31:12 [INFO]: Mounting Routes...
yyyy-02-00 22:31:12 [INFO]: Products Router mounted at: /products
yyyy-02-00 22:31:12 [INFO]: Routes Mounted... 

yyyy-02-00 22:31:12 [INFO]: Server is running at http://localhost:8000 with 3143315

yyyy-02-00 22:31:21 [INFO]: Loading App... 

yyyy-02-00 22:31:22 [INFO]: MongoDB connected 

yyyy-02-00 22:31:22 [INFO]: Loading Middlewares...
yyyy-02-00 22:31:22 [INFO]: All Middlewares Loaded...

yyyy-02-00 22:31:22 [INFO]: Mounting Routes...
yyyy-02-00 22:31:22 [INFO]: Products Router mounted at: /products
yyyy-02-00 22:31:22 [INFO]: Routes Mounted... 

yyyy-02-00 22:31:22 [INFO]: Server is running at http://localhost:8000 with 3143410

yyyy-02-00 22:31:28 [INFO]: Loading App... 

yyyy-02-00 22:31:28 [INFO]: MongoDB connected 

yyyy-02-00 22:31:28 [INFO]: Loading Middlewares...
yyyy-02-00 22:31:28 [INFO]: All Middlewares Loaded...

yyyy-02-00 22:31:28 [INFO]: Mounting Routes...
yyyy-02-00 22:31:28 [INFO]: Products Router mounted at: /products
yyyy-02-00 22:31:28 [INFO]: Routes Mounted... 

yyyy-02-00 22:31:28 [INFO]: Server is running at http://localhost:8000 with 3143513

yyyy-02-00 22:31:30 [INFO]: Loading App... 

yyyy-02-00 22:31:30 [INFO]: MongoDB connected 

yyyy-02-00 22:31:30 [INFO]: Loading Middlewares...
yyyy-02-00 22:31:30 [INFO]: All Middlewares Loaded...

yyyy-02-00 22:31:30 [INFO]: Mounting Routes...
yyyy-02-00 22:31:30 [INFO]: Products Router mounted at: /products
yyyy-02-00 22:31:30 [INFO]: Routes Mounted... 

yyyy-02-00 22:31:30 [INFO]: Server is running at http://localhost:8000 with 3143551

yyyy-02-00 22:31:33 [INFO]: Loading App... 

yyyy-02-00 22:31:33 [INFO]: MongoDB connected 

yyyy-02-00 22:31:33 [INFO]: Loading Middlewares...
yyyy-02-00 22:31:33 [INFO]: All Middlewares Loaded...

yyyy-02-00 22:31:33 [INFO]: Mounting Routes...
yyyy-02-00 22:31:33 [INFO]: Products Router mounted at: /products
yyyy-02-00 22:31:33 [INFO]: Routes Mounted... 

yyyy-02-00 22:31:33 [INFO]: Server is running at http://localhost:8000 with 3143593

yyyy-02-00 22:31:42 [INFO]: Loading App... 

yyyy-02-00 22:31:42 [INFO]: MongoDB connected 

yyyy-02-00 22:31:42 [INFO]: Loading Middlewares...
yyyy-02-00 22:31:42 [INFO]: All Middlewares Loaded...

yyyy-02-00 22:31:42 [INFO]: Mounting Routes...
yyyy-02-00 22:31:42 [INFO]: Products Router mounted at: /products
yyyy-02-00 22:31:42 [INFO]: Routes Mounted... 

yyyy-02-00 22:31:42 [INFO]: Server is running at http://localhost:8000 with 3143690

yyyy-02-00 22:31:44 [INFO]: Loading App... 

yyyy-02-00 22:31:44 [INFO]: MongoDB connected 

yyyy-02-00 22:31:44 [INFO]: Loading Middlewares...
yyyy-02-00 22:31:44 [INFO]: All Middlewares Loaded...

yyyy-02-00 22:31:44 [INFO]: Mounting Routes...
yyyy-02-00 22:31:44 [INFO]: Products Router mounted at: /products
yyyy-02-00 22:31:44 [INFO]: Routes Mounted... 

yyyy-02-00 22:31:44 [INFO]: Server is running at http://localhost:8000 with 3143734

yyyy-02-00 22:31:45 [INFO]: Loading App... 

yyyy-02-00 22:31:45 [INFO]: MongoDB connected 

yyyy-02-00 22:31:45 [INFO]: Loading Middlewares...
yyyy-02-00 22:31:45 [INFO]: All Middlewares Loaded...

yyyy-02-00 22:31:45 [INFO]: Mounting Routes...
yyyy-02-00 22:31:45 [INFO]: Products Router mounted at: /products
yyyy-02-00 22:31:45 [INFO]: Routes Mounted... 

yyyy-02-00 22:31:45 [INFO]: Server is running at http://localhost:8000 with 3143772

yyyy-02-00 22:31:51 [INFO]: Loading App... 

yyyy-02-00 22:31:51 [INFO]: MongoDB connected 

yyyy-02-00 22:31:51 [INFO]: Loading Middlewares...
yyyy-02-00 22:31:51 [INFO]: All Middlewares Loaded...

yyyy-02-00 22:31:51 [INFO]: Mounting Routes...
yyyy-02-00 22:31:51 [INFO]: Products Router mounted at: /products
yyyy-02-00 22:31:51 [INFO]: Routes Mounted... 

yyyy-02-00 22:31:51 [INFO]: Server is running at http://localhost:8000 with 3143870

yyyy-02-00 22:31:54 [INFO]: Loading App... 

yyyy-02-00 22:31:54 [INFO]: MongoDB connected 

yyyy-02-00 22:31:54 [INFO]: Loading Middlewares...
yyyy-02-00 22:31:54 [INFO]: All Middlewares Loaded...

yyyy-02-00 22:31:54 [INFO]: Mounting Routes...
yyyy-02-00 22:31:54 [INFO]: Products Router mounted at: /products
yyyy-02-00 22:31:54 [INFO]: Routes Mounted... 

yyyy-02-00 22:31:54 [INFO]: Server is running at http://localhost:8000 with 3143923

yyyy-02-00 22:31:56 [INFO]: Loading App... 

yyyy-02-00 22:31:56 [INFO]: MongoDB connected 

yyyy-02-00 22:31:56 [INFO]: Loading Middlewares...
yyyy-02-00 22:31:56 [INFO]: All Middlewares Loaded...

yyyy-02-00 22:31:56 [INFO]: Mounting Routes...
yyyy-02-00 22:31:56 [INFO]: Products Router mounted at: /products
yyyy-02-00 22:31:56 [INFO]: Routes Mounted... 

yyyy-02-00 22:31:56 [INFO]: Server is running at http://localhost:8000 with 3143954

yyyy-02-00 22:32:15 [INFO]: Loading App... 

yyyy-02-00 22:32:15 [INFO]: MongoDB connected 

yyyy-02-00 22:32:15 [INFO]: Loading Middlewares...
yyyy-02-00 22:32:15 [INFO]: All Middlewares Loaded...

yyyy-02-00 22:32:15 [INFO]: Mounting Routes...
yyyy-02-00 22:32:15 [INFO]: Products Router mounted at: /products
yyyy-02-00 22:32:15 [INFO]: Routes Mounted... 

yyyy-02-00 22:32:15 [INFO]: Server is running at http://localhost:8000 with 3144144

yyyy-02-00 22:32:17 [INFO]: Loading App... 

yyyy-02-00 22:32:17 [INFO]: MongoDB connected 

yyyy-02-00 22:32:17 [INFO]: Loading Middlewares...
yyyy-02-00 22:32:17 [INFO]: All Middlewares Loaded...

yyyy-02-00 22:32:17 [INFO]: Mounting Routes...
yyyy-02-00 22:32:17 [INFO]: Products Router mounted at: /products
yyyy-02-00 22:32:17 [INFO]: Routes Mounted... 

yyyy-02-00 22:32:17 [INFO]: Server is running at http://localhost:8000 with 3144210

yyyy-02-00 22:32:33 [INFO]: Loading App... 

yyyy-02-00 22:32:33 [INFO]: MongoDB connected 

yyyy-02-00 22:32:33 [INFO]: Loading Middlewares...
yyyy-02-00 22:32:33 [INFO]: All Middlewares Loaded...

yyyy-02-00 22:32:33 [INFO]: Mounting Routes...
yyyy-02-00 22:32:33 [INFO]: Products Router mounted at: /products
yyyy-02-00 22:32:33 [INFO]: Routes Mounted... 

yyyy-02-00 22:32:33 [INFO]: Server is running at http://localhost:8000 with 3144377

yyyy-02-00 22:32:35 [INFO]: Loading App... 

yyyy-02-00 22:32:35 [INFO]: MongoDB connected 

yyyy-02-00 22:32:35 [INFO]: Loading Middlewares...
yyyy-02-00 22:32:35 [INFO]: All Middlewares Loaded...

yyyy-02-00 22:32:35 [INFO]: Mounting Routes...
yyyy-02-00 22:32:35 [INFO]: Products Router mounted at: /products
yyyy-02-00 22:32:35 [INFO]: Routes Mounted... 

yyyy-02-00 22:32:35 [INFO]: Server is running at http://localhost:8000 with 3144419

yyyy-02-00 22:32:53 [INFO]: Loading App... 

yyyy-02-00 22:32:53 [INFO]: MongoDB connected 

yyyy-02-00 22:32:53 [INFO]: Loading Middlewares...
yyyy-02-00 22:32:53 [INFO]: All Middlewares Loaded...

yyyy-02-00 22:32:53 [INFO]: Mounting Routes...
yyyy-02-00 22:32:53 [INFO]: Products Router mounted at: /products
yyyy-02-00 22:32:53 [INFO]: Routes Mounted... 

yyyy-02-00 22:32:53 [INFO]: Server is running at http://localhost:8000 with 3144621

yyyy-02-00 22:32:55 [INFO]: Loading App... 

yyyy-02-00 22:32:55 [INFO]: MongoDB connected 

yyyy-02-00 22:32:55 [INFO]: Loading Middlewares...
yyyy-02-00 22:32:55 [INFO]: All Middlewares Loaded...

yyyy-02-00 22:32:55 [INFO]: Mounting Routes...
yyyy-02-00 22:32:55 [INFO]: Products Router mounted at: /products
yyyy-02-00 22:32:55 [INFO]: Routes Mounted... 

yyyy-02-00 22:32:55 [INFO]: Server is running at http://localhost:8000 with 3144665

yyyy-02-00 22:33:01 [INFO]: Loading App... 

yyyy-02-00 22:33:01 [INFO]: MongoDB connected 

yyyy-02-00 22:33:01 [INFO]: Loading Middlewares...
yyyy-02-00 22:33:01 [INFO]: All Middlewares Loaded...

yyyy-02-00 22:33:01 [INFO]: Mounting Routes...
yyyy-02-00 22:33:01 [INFO]: Products Router mounted at: /products
yyyy-02-00 22:33:01 [INFO]: Routes Mounted... 

yyyy-02-00 22:33:01 [INFO]: Server is running at http://localhost:8000 with 3144752

yyyy-02-00 22:33:03 [INFO]: Loading App... 

yyyy-02-00 22:33:03 [INFO]: MongoDB connected 

yyyy-02-00 22:33:03 [INFO]: Loading Middlewares...
yyyy-02-00 22:33:03 [INFO]: All Middlewares Loaded...

yyyy-02-00 22:33:03 [INFO]: Mounting Routes...
yyyy-02-00 22:33:03 [INFO]: Products Router mounted at: /products
yyyy-02-00 22:33:03 [INFO]: Routes Mounted... 

yyyy-02-00 22:33:03 [INFO]: Server is running at http://localhost:8000 with 3144782

yyyy-02-00 22:33:06 [INFO]: Loading App... 

yyyy-02-00 22:33:06 [INFO]: MongoDB connected 

yyyy-02-00 22:33:06 [INFO]: Loading Middlewares...
yyyy-02-00 22:33:06 [INFO]: All Middlewares Loaded...

yyyy-02-00 22:33:06 [INFO]: Mounting Routes...
yyyy-02-00 22:33:06 [INFO]: Products Router mounted at: /products
yyyy-02-00 22:33:06 [INFO]: Routes Mounted... 

yyyy-02-00 22:33:06 [INFO]: Server is running at http://localhost:8000 with 3144845

yyyy-02-00 22:33:14 [INFO]: Loading App... 

yyyy-02-00 22:33:14 [INFO]: MongoDB connected 

yyyy-02-00 22:33:14 [INFO]: Loading Middlewares...
yyyy-02-00 22:33:14 [INFO]: All Middlewares Loaded...

yyyy-02-00 22:33:14 [INFO]: Mounting Routes...
yyyy-02-00 22:33:14 [INFO]: Products Router mounted at: /products
yyyy-02-00 22:33:14 [INFO]: Routes Mounted... 

yyyy-02-00 22:33:14 [INFO]: Server is running at http://localhost:8000 with 3144929

yyyy-02-00 22:33:19 [INFO]: Loading App... 

yyyy-02-00 22:33:19 [INFO]: MongoDB connected 

yyyy-02-00 22:33:19 [INFO]: Loading Middlewares...
yyyy-02-00 22:33:19 [INFO]: All Middlewares Loaded...

yyyy-02-00 22:33:19 [INFO]: Mounting Routes...
yyyy-02-00 22:33:19 [INFO]: Products Router mounted at: /products
yyyy-02-00 22:33:19 [INFO]: Routes Mounted... 

yyyy-02-00 22:33:19 [INFO]: Server is running at http://localhost:8000 with 3144994

yyyy-02-00 22:33:24 [INFO]: Loading App... 

yyyy-02-00 22:33:24 [INFO]: MongoDB connected 

yyyy-02-00 22:33:24 [INFO]: Loading Middlewares...
yyyy-02-00 22:33:24 [INFO]: All Middlewares Loaded...

yyyy-02-00 22:33:24 [INFO]: Mounting Routes...
yyyy-02-00 22:33:24 [INFO]: Products Router mounted at: /products
yyyy-02-00 22:33:24 [INFO]: Routes Mounted... 

yyyy-02-00 22:33:24 [INFO]: Server is running at http://localhost:8000 with 3145068

yyyy-02-00 22:33:30 [INFO]: Loading App... 

yyyy-02-00 22:33:30 [INFO]: MongoDB connected 

yyyy-02-00 22:33:30 [INFO]: Loading Middlewares...
yyyy-02-00 22:33:30 [INFO]: All Middlewares Loaded...

yyyy-02-00 22:33:30 [INFO]: Mounting Routes...
yyyy-02-00 22:33:30 [INFO]: Products Router mounted at: /products
yyyy-02-00 22:33:30 [INFO]: Routes Mounted... 

yyyy-02-00 22:33:30 [INFO]: Server is running at http://localhost:8000 with 3145158

yyyy-02-00 22:33:49 [INFO]: Loading App... 

yyyy-02-00 22:33:49 [INFO]: MongoDB connected 

yyyy-02-00 22:33:49 [INFO]: Loading Middlewares...
yyyy-02-00 22:33:49 [INFO]: All Middlewares Loaded...

yyyy-02-00 22:33:49 [INFO]: Mounting Routes...
yyyy-02-00 22:33:49 [INFO]: Products Router mounted at: /products
yyyy-02-00 22:33:49 [INFO]: Routes Mounted... 

yyyy-02-00 22:33:49 [INFO]: Server is running at http://localhost:8000 with 3145373

yyyy-02-00 22:33:51 [INFO]: Loading App... 

yyyy-02-00 22:33:51 [INFO]: MongoDB connected 

yyyy-02-00 22:33:51 [INFO]: Loading Middlewares...
yyyy-02-00 22:33:51 [INFO]: All Middlewares Loaded...

yyyy-02-00 22:33:51 [INFO]: Mounting Routes...
yyyy-02-00 22:33:51 [INFO]: Products Router mounted at: /products
yyyy-02-00 22:33:51 [INFO]: Routes Mounted... 

yyyy-02-00 22:33:51 [INFO]: Server is running at http://localhost:8000 with 3145417

yyyy-02-00 22:36:20 [INFO]: Loading App... 

yyyy-02-00 22:36:20 [INFO]: MongoDB connected 

yyyy-02-00 22:36:20 [INFO]: Loading Middlewares...
yyyy-02-00 22:36:20 [INFO]: All Middlewares Loaded...

yyyy-02-00 22:36:20 [INFO]: Mounting Routes...
yyyy-02-00 22:36:20 [INFO]: Products Router mounted at: /products
yyyy-02-00 22:36:20 [INFO]: Routes Mounted... 

yyyy-02-00 22:36:20 [INFO]: Server is running at http://localhost:8000 with 3146369

yyyy-02-00 22:36:23 [INFO]: Loading App... 

yyyy-02-00 22:36:24 [INFO]: MongoDB connected 

yyyy-02-00 22:36:24 [INFO]: Loading Middlewares...
yyyy-02-00 22:36:24 [INFO]: All Middlewares Loaded...

yyyy-02-00 22:36:24 [INFO]: Mounting Routes...
yyyy-02-00 22:36:24 [INFO]: Products Router mounted at: /products
yyyy-02-00 22:36:24 [INFO]: Routes Mounted... 

yyyy-02-00 22:36:24 [INFO]: Server is running at http://localhost:8000 with 3146456

yyyy-02-00 22:36:25 [INFO]: Loading App... 

yyyy-02-00 22:36:25 [INFO]: MongoDB connected 

yyyy-02-00 22:36:25 [INFO]: Loading Middlewares...
yyyy-02-00 22:36:25 [INFO]: All Middlewares Loaded...

yyyy-02-00 22:36:25 [INFO]: Mounting Routes...
yyyy-02-00 22:36:25 [INFO]: Products Router mounted at: /products
yyyy-02-00 22:36:25 [INFO]: Routes Mounted... 

yyyy-02-00 22:36:25 [INFO]: Server is running at http://localhost:8000 with 3146487

yyyy-02-00 22:36:29 [INFO]: Loading App... 

yyyy-02-00 22:36:29 [INFO]: MongoDB connected 

yyyy-02-00 22:36:29 [INFO]: Loading Middlewares...
yyyy-02-00 22:36:29 [INFO]: All Middlewares Loaded...

yyyy-02-00 22:36:29 [INFO]: Mounting Routes...
yyyy-02-00 22:36:29 [INFO]: Products Router mounted at: /products
yyyy-02-00 22:36:29 [INFO]: Routes Mounted... 

yyyy-02-00 22:36:29 [INFO]: Server is running at http://localhost:8000 with 3146575

yyyy-02-00 22:36:31 [INFO]: Loading App... 

yyyy-02-00 22:36:31 [INFO]: MongoDB connected 

yyyy-02-00 22:36:31 [INFO]: Loading Middlewares...
yyyy-02-00 22:36:31 [INFO]: All Middlewares Loaded...

yyyy-02-00 22:36:31 [INFO]: Mounting Routes...
yyyy-02-00 22:36:31 [INFO]: Products Router mounted at: /products
yyyy-02-00 22:36:31 [INFO]: Routes Mounted... 

yyyy-02-00 22:36:31 [INFO]: Server is running at http://localhost:8000 with 3146607

yyyy-02-00 22:36:51 [INFO]: Loading App... 

yyyy-02-00 22:36:51 [INFO]: MongoDB connected 

yyyy-02-00 22:36:51 [INFO]: Loading Middlewares...
yyyy-02-00 22:36:51 [INFO]: All Middlewares Loaded...

yyyy-02-00 22:36:51 [INFO]: Mounting Routes...
yyyy-02-00 22:36:51 [INFO]: Products Router mounted at: /products
yyyy-02-00 22:36:51 [INFO]: Routes Mounted... 

yyyy-02-00 22:36:51 [INFO]: Server is running at http://localhost:8000 with 3146827

yyyy-02-00 22:36:56 [INFO]: Loading App... 

yyyy-02-00 22:36:56 [INFO]: MongoDB connected 

yyyy-02-00 22:36:56 [INFO]: Loading Middlewares...
yyyy-02-00 22:36:56 [INFO]: All Middlewares Loaded...

yyyy-02-00 22:36:56 [INFO]: Mounting Routes...
yyyy-02-00 22:36:56 [INFO]: Products Router mounted at: /products
yyyy-02-00 22:36:56 [INFO]: Routes Mounted... 

yyyy-02-00 22:36:56 [INFO]: Server is running at http://localhost:8000 with 3146915

yyyy-02-00 22:37:04 [INFO]: Loading App... 

yyyy-02-00 22:37:04 [INFO]: MongoDB connected 

yyyy-02-00 22:37:04 [INFO]: Loading Middlewares...
yyyy-02-00 22:37:04 [INFO]: All Middlewares Loaded...

yyyy-02-00 22:37:04 [INFO]: Mounting Routes...
yyyy-02-00 22:37:04 [INFO]: Products Router mounted at: /products
yyyy-02-00 22:37:04 [INFO]: Routes Mounted... 

yyyy-02-00 22:37:04 [INFO]: Server is running at http://localhost:8000 with 3147025

yyyy-02-00 22:37:10 [INFO]: Loading App... 

yyyy-02-00 22:37:10 [INFO]: MongoDB connected 

yyyy-02-00 22:37:10 [INFO]: Loading Middlewares...
yyyy-02-00 22:37:10 [INFO]: All Middlewares Loaded...

yyyy-02-00 22:37:10 [INFO]: Mounting Routes...
yyyy-02-00 22:37:10 [INFO]: Products Router mounted at: /products
yyyy-02-00 22:37:10 [INFO]: Routes Mounted... 

yyyy-02-00 22:37:10 [INFO]: Server is running at http://localhost:8000 with 3147139

yyyy-02-00 22:37:12 [INFO]: Loading App... 

yyyy-02-00 22:37:12 [INFO]: MongoDB connected 

yyyy-02-00 22:37:12 [INFO]: Loading Middlewares...
yyyy-02-00 22:37:12 [INFO]: All Middlewares Loaded...

yyyy-02-00 22:37:12 [INFO]: Mounting Routes...
yyyy-02-00 22:37:12 [INFO]: Products Router mounted at: /products
yyyy-02-00 22:37:12 [INFO]: Routes Mounted... 

yyyy-02-00 22:37:12 [INFO]: Server is running at http://localhost:8000 with 3147203

yyyy-02-00 22:37:15 [INFO]: Loading App... 

yyyy-02-00 22:37:15 [INFO]: MongoDB connected 

yyyy-02-00 22:37:15 [INFO]: Loading Middlewares...
yyyy-02-00 22:37:15 [INFO]: All Middlewares Loaded...

yyyy-02-00 22:37:15 [INFO]: Mounting Routes...
yyyy-02-00 22:37:15 [INFO]: Products Router mounted at: /products
yyyy-02-00 22:37:15 [INFO]: Routes Mounted... 

yyyy-02-00 22:37:15 [INFO]: Server is running at http://localhost:8000 with 3147253

yyyy-02-00 22:38:12 [INFO]: Loading App... 

yyyy-02-00 22:38:12 [INFO]: MongoDB connected 

yyyy-02-00 22:38:12 [INFO]: Loading Middlewares...
yyyy-02-00 22:38:12 [INFO]: All Middlewares Loaded...

yyyy-02-00 22:38:12 [INFO]: Mounting Routes...
yyyy-02-00 22:38:12 [INFO]: Products Router mounted at: /products
yyyy-02-00 22:38:12 [INFO]: Routes Mounted... 

yyyy-02-00 22:38:12 [INFO]: Server is running at http://localhost:8000 with 3147696

yyyy-02-00 22:38:13 [INFO]: Loading App... 

yyyy-02-00 22:38:13 [INFO]: MongoDB connected 

yyyy-02-00 22:38:13 [INFO]: Loading Middlewares...
yyyy-02-00 22:38:13 [INFO]: All Middlewares Loaded...

yyyy-02-00 22:38:13 [INFO]: Mounting Routes...
yyyy-02-00 22:38:13 [INFO]: Products Router mounted at: /products
yyyy-02-00 22:38:13 [INFO]: Routes Mounted... 

yyyy-02-00 22:38:13 [INFO]: Server is running at http://localhost:8000 with 3147738

yyyy-02-00 22:39:52 [INFO]: Loading App... 

yyyy-02-00 22:39:52 [INFO]: MongoDB connected 

yyyy-02-00 22:39:52 [INFO]: Loading Middlewares...
yyyy-02-00 22:39:52 [INFO]: All Middlewares Loaded...

yyyy-02-00 22:39:52 [INFO]: Mounting Routes...
yyyy-02-00 22:39:52 [INFO]: Products Router mounted at: /products
yyyy-02-00 22:39:52 [INFO]: Routes Mounted... 

yyyy-02-00 22:39:52 [INFO]: Server is running at http://localhost:8000 with 3148456

yyyy-02-00 22:39:54 [INFO]: Loading App... 

yyyy-02-00 22:39:54 [INFO]: MongoDB connected 

yyyy-02-00 22:39:54 [INFO]: Loading Middlewares...
yyyy-02-00 22:39:54 [INFO]: All Middlewares Loaded...

yyyy-02-00 22:39:54 [INFO]: Mounting Routes...
yyyy-02-00 22:39:54 [INFO]: Products Router mounted at: /products
yyyy-02-00 22:39:54 [INFO]: Routes Mounted... 

yyyy-02-00 22:39:54 [INFO]: Server is running at http://localhost:8000 with 3148524

yyyy-02-00 22:39:55 [INFO]: Loading App... 

yyyy-02-00 22:39:55 [INFO]: MongoDB connected 

yyyy-02-00 22:39:55 [INFO]: Loading Middlewares...
yyyy-02-00 22:39:55 [INFO]: All Middlewares Loaded...

yyyy-02-00 22:39:55 [INFO]: Mounting Routes...
yyyy-02-00 22:39:55 [INFO]: Products Router mounted at: /products
yyyy-02-00 22:39:55 [INFO]: Routes Mounted... 

yyyy-02-00 22:39:55 [INFO]: Server is running at http://localhost:8000 with 3148552

yyyy-02-00 22:39:57 [INFO]: Loading App... 

yyyy-02-00 22:39:57 [INFO]: MongoDB connected 

yyyy-02-00 22:39:57 [INFO]: Loading Middlewares...
yyyy-02-00 22:39:57 [INFO]: All Middlewares Loaded...

yyyy-02-00 22:39:57 [INFO]: Mounting Routes...
yyyy-02-00 22:39:57 [INFO]: Products Router mounted at: /products
yyyy-02-00 22:39:57 [INFO]: Routes Mounted... 

yyyy-02-00 22:39:57 [INFO]: Server is running at http://localhost:8000 with 3148581

yyyy-02-00 22:39:58 [INFO]: Loading App... 

yyyy-02-00 22:39:58 [INFO]: MongoDB connected 

yyyy-02-00 22:39:58 [INFO]: Loading Middlewares...
yyyy-02-00 22:39:58 [INFO]: All Middlewares Loaded...

yyyy-02-00 22:39:58 [INFO]: Mounting Routes...
yyyy-02-00 22:39:58 [INFO]: Products Router mounted at: /products
yyyy-02-00 22:39:58 [INFO]: Routes Mounted... 

yyyy-02-00 22:39:58 [INFO]: Server is running at http://localhost:8000 with 3148610

yyyy-02-00 22:40:01 [INFO]: Loading App... 

yyyy-02-00 22:40:01 [INFO]: MongoDB connected 

yyyy-02-00 22:40:01 [INFO]: Loading Middlewares...
yyyy-02-00 22:40:01 [INFO]: All Middlewares Loaded...

yyyy-02-00 22:40:01 [INFO]: Mounting Routes...
yyyy-02-00 22:40:01 [INFO]: Products Router mounted at: /products
yyyy-02-00 22:40:01 [INFO]: Routes Mounted... 

yyyy-02-00 22:40:01 [INFO]: Server is running at http://localhost:8000 with 3148685

yyyy-02-00 22:40:11 [INFO]: Loading App... 

yyyy-02-00 22:40:11 [INFO]: MongoDB connected 

yyyy-02-00 22:40:11 [INFO]: Loading Middlewares...
yyyy-02-00 22:40:11 [INFO]: All Middlewares Loaded...

yyyy-02-00 22:40:11 [INFO]: Mounting Routes...
yyyy-02-00 22:40:11 [INFO]: Products Router mounted at: /products
yyyy-02-00 22:40:11 [INFO]: Routes Mounted... 

yyyy-02-00 22:40:11 [INFO]: Server is running at http://localhost:8000 with 3148804

yyyy-02-00 22:40:12 [INFO]: Loading App... 

yyyy-02-00 22:40:12 [INFO]: MongoDB connected 

yyyy-02-00 22:40:12 [INFO]: Loading Middlewares...
yyyy-02-00 22:40:12 [INFO]: All Middlewares Loaded...

yyyy-02-00 22:40:12 [INFO]: Mounting Routes...
yyyy-02-00 22:40:12 [INFO]: Products Router mounted at: /products
yyyy-02-00 22:40:12 [INFO]: Routes Mounted... 

yyyy-02-00 22:40:12 [INFO]: Server is running at http://localhost:8000 with 3148873

yyyy-02-00 22:40:54 [INFO]: Loading App... 

yyyy-02-00 22:40:54 [INFO]: MongoDB connected 

yyyy-02-00 22:40:54 [INFO]: Loading Middlewares...
yyyy-02-00 22:40:54 [INFO]: All Middlewares Loaded...

yyyy-02-00 22:40:54 [INFO]: Mounting Routes...
yyyy-02-00 22:40:54 [INFO]: Products Router mounted at: /products
yyyy-02-00 22:40:54 [INFO]: Routes Mounted... 

yyyy-02-00 22:40:54 [INFO]: Server is running at http://localhost:8000 with 3149188

yyyy-02-00 22:42:05 [INFO]: Loading App... 

yyyy-02-00 22:42:05 [INFO]: MongoDB connected 

yyyy-02-00 22:42:05 [INFO]: Loading Middlewares...
yyyy-02-00 22:42:05 [INFO]: All Middlewares Loaded...

yyyy-02-00 22:42:05 [INFO]: Mounting Routes...
yyyy-02-00 22:42:05 [INFO]: Products Router mounted at: /products
yyyy-02-00 22:42:05 [INFO]: Routes Mounted... 

yyyy-02-00 22:42:05 [INFO]: Server is running at http://localhost:8000 with 3149707

yyyy-02-00 22:42:11 [INFO]: Loading App... 

yyyy-02-00 22:42:11 [INFO]: MongoDB connected 

yyyy-02-00 22:42:11 [INFO]: Loading Middlewares...
yyyy-02-00 22:42:11 [INFO]: All Middlewares Loaded...

yyyy-02-00 22:42:11 [INFO]: Mounting Routes...
yyyy-02-00 22:42:11 [INFO]: Products Router mounted at: /products
yyyy-02-00 22:42:11 [INFO]: Routes Mounted... 

yyyy-02-00 22:42:11 [INFO]: Server is running at http://localhost:8000 with 3149806

yyyy-02-00 22:42:18 [INFO]: Loading App... 

yyyy-02-00 22:42:18 [INFO]: MongoDB connected 

yyyy-02-00 22:42:18 [INFO]: Loading Middlewares...
yyyy-02-00 22:42:18 [INFO]: All Middlewares Loaded...

yyyy-02-00 22:42:18 [INFO]: Mounting Routes...
yyyy-02-00 22:42:18 [INFO]: Products Router mounted at: /products
yyyy-02-00 22:42:18 [INFO]: Routes Mounted... 

yyyy-02-00 22:42:18 [INFO]: Server is running at http://localhost:8000 with 3149938

yyyy-02-00 22:42:26 [INFO]: Loading App... 

yyyy-02-00 22:42:26 [INFO]: MongoDB connected 

yyyy-02-00 22:42:26 [INFO]: Loading Middlewares...
yyyy-02-00 22:42:26 [INFO]: All Middlewares Loaded...

yyyy-02-00 22:42:26 [INFO]: Mounting Routes...
yyyy-02-00 22:42:26 [INFO]: Products Router mounted at: /products
yyyy-02-00 22:42:26 [INFO]: Routes Mounted... 

yyyy-02-00 22:42:26 [INFO]: Server is running at http://localhost:8000 with 3150050

yyyy-02-00 22:42:34 [INFO]: Loading App... 

yyyy-02-00 22:42:34 [INFO]: MongoDB connected 

yyyy-02-00 22:42:34 [INFO]: Loading Middlewares...
yyyy-02-00 22:42:34 [INFO]: All Middlewares Loaded...

yyyy-02-00 22:42:34 [INFO]: Mounting Routes...
yyyy-02-00 22:42:34 [INFO]: Products Router mounted at: /products
yyyy-02-00 22:42:34 [INFO]: Routes Mounted... 

yyyy-02-00 22:42:34 [INFO]: Server is running at http://localhost:8000 with 3150174

yyyy-02-00 22:42:35 [INFO]: Loading App... 

yyyy-02-00 22:42:35 [INFO]: MongoDB connected 

yyyy-02-00 22:42:35 [INFO]: Loading Middlewares...
yyyy-02-00 22:42:35 [INFO]: All Middlewares Loaded...

yyyy-02-00 22:42:35 [INFO]: Mounting Routes...
yyyy-02-00 22:42:35 [INFO]: Products Router mounted at: /products
yyyy-02-00 22:42:35 [INFO]: Routes Mounted... 

yyyy-02-00 22:42:35 [INFO]: Server is running at http://localhost:8000 with 3150228

yyyy-02-00 22:42:40 [INFO]: Loading App... 

yyyy-02-00 22:42:40 [INFO]: MongoDB connected 

yyyy-02-00 22:42:40 [INFO]: Loading Middlewares...
yyyy-02-00 22:42:40 [INFO]: All Middlewares Loaded...

yyyy-02-00 22:42:40 [INFO]: Mounting Routes...
yyyy-02-00 22:42:40 [INFO]: Products Router mounted at: /products
yyyy-02-00 22:42:40 [INFO]: Routes Mounted... 

yyyy-02-00 22:42:40 [INFO]: Server is running at http://localhost:8000 with 3150330

yyyy-02-00 22:42:44 [INFO]: Loading App... 

yyyy-02-00 22:42:44 [INFO]: MongoDB connected 

yyyy-02-00 22:42:44 [INFO]: Loading Middlewares...
yyyy-02-00 22:42:44 [INFO]: All Middlewares Loaded...

yyyy-02-00 22:42:44 [INFO]: Mounting Routes...
yyyy-02-00 22:42:44 [INFO]: Products Router mounted at: /products
yyyy-02-00 22:42:44 [INFO]: Routes Mounted... 

yyyy-02-00 22:42:44 [INFO]: Server is running at http://localhost:8000 with 3150395

yyyy-02-00 22:42:47 [INFO]: Loading App... 

yyyy-02-00 22:42:47 [INFO]: MongoDB connected 

yyyy-02-00 22:42:47 [INFO]: Loading Middlewares...
yyyy-02-00 22:42:47 [INFO]: All Middlewares Loaded...

yyyy-02-00 22:42:47 [INFO]: Mounting Routes...
yyyy-02-00 22:42:47 [INFO]: Products Router mounted at: /products
yyyy-02-00 22:42:47 [INFO]: Routes Mounted... 

yyyy-02-00 22:42:47 [INFO]: Server is running at http://localhost:8000 with 3150445

yyyy-02-00 22:42:49 [INFO]: Loading App... 

yyyy-02-00 22:42:49 [INFO]: MongoDB connected 

yyyy-02-00 22:42:49 [INFO]: Loading Middlewares...
yyyy-02-00 22:42:49 [INFO]: All Middlewares Loaded...

yyyy-02-00 22:42:49 [INFO]: Mounting Routes...
yyyy-02-00 22:42:49 [INFO]: Products Router mounted at: /products
yyyy-02-00 22:42:49 [INFO]: Routes Mounted... 

yyyy-02-00 22:42:49 [INFO]: Server is running at http://localhost:8000 with 3150496

yyyy-02-00 22:42:53 [INFO]: Loading App... 

yyyy-02-00 22:42:53 [INFO]: MongoDB connected 

yyyy-02-00 22:42:53 [INFO]: Loading Middlewares...
yyyy-02-00 22:42:53 [INFO]: All Middlewares Loaded...

yyyy-02-00 22:42:53 [INFO]: Mounting Routes...
yyyy-02-00 22:42:53 [INFO]: Products Router mounted at: /products
yyyy-02-00 22:42:53 [INFO]: Routes Mounted... 

yyyy-02-00 22:42:53 [INFO]: Server is running at http://localhost:8000 with 3150585

yyyy-02-00 22:42:55 [INFO]: Loading App... 

yyyy-02-00 22:42:55 [INFO]: MongoDB connected 

yyyy-02-00 22:42:55 [INFO]: Loading Middlewares...
yyyy-02-00 22:42:55 [INFO]: All Middlewares Loaded...

yyyy-02-00 22:42:55 [INFO]: Mounting Routes...
yyyy-02-00 22:42:55 [INFO]: Products Router mounted at: /products
yyyy-02-00 22:42:55 [INFO]: Routes Mounted... 

yyyy-02-00 22:42:55 [INFO]: Server is running at http://localhost:8000 with 3150615

yyyy-02-00 22:42:59 [INFO]: Loading App... 

yyyy-02-00 22:42:59 [INFO]: MongoDB connected 

yyyy-02-00 22:42:59 [INFO]: Loading Middlewares...
yyyy-02-00 22:42:59 [INFO]: All Middlewares Loaded...

yyyy-02-00 22:42:59 [INFO]: Mounting Routes...
yyyy-02-00 22:42:59 [INFO]: Products Router mounted at: /products
yyyy-02-00 22:42:59 [INFO]: Routes Mounted... 

yyyy-02-00 22:42:59 [INFO]: Server is running at http://localhost:8000 with 3150700

yyyy-02-00 22:43:01 [INFO]: Loading App... 

yyyy-02-00 22:43:01 [INFO]: MongoDB connected 

yyyy-02-00 22:43:01 [INFO]: Loading Middlewares...
yyyy-02-00 22:43:01 [INFO]: All Middlewares Loaded...

yyyy-02-00 22:43:01 [INFO]: Mounting Routes...
yyyy-02-00 22:43:01 [INFO]: Products Router mounted at: /products
yyyy-02-00 22:43:01 [INFO]: Routes Mounted... 

yyyy-02-00 22:43:01 [INFO]: Server is running at http://localhost:8000 with 3150754

yyyy-02-00 22:43:05 [INFO]: Loading App... 

yyyy-02-00 22:43:05 [INFO]: MongoDB connected 

yyyy-02-00 22:43:05 [INFO]: Loading Middlewares...
yyyy-02-00 22:43:05 [INFO]: All Middlewares Loaded...

yyyy-02-00 22:43:05 [INFO]: Mounting Routes...
yyyy-02-00 22:43:05 [INFO]: Products Router mounted at: /products
yyyy-02-00 22:43:05 [INFO]: Routes Mounted... 

yyyy-02-00 22:43:05 [INFO]: Server is running at http://localhost:8000 with 3150819

yyyy-02-00 22:43:07 [INFO]: Loading App... 

yyyy-02-00 22:43:07 [INFO]: MongoDB connected 

yyyy-02-00 22:43:07 [INFO]: Loading Middlewares...
yyyy-02-00 22:43:07 [INFO]: All Middlewares Loaded...

yyyy-02-00 22:43:07 [INFO]: Mounting Routes...
yyyy-02-00 22:43:07 [INFO]: Products Router mounted at: /products
yyyy-02-00 22:43:07 [INFO]: Routes Mounted... 

yyyy-02-00 22:43:07 [INFO]: Server is running at http://localhost:8000 with 3150884

yyyy-02-00 22:43:12 [INFO]: Loading App... 

yyyy-02-00 22:43:12 [INFO]: MongoDB connected 

yyyy-02-00 22:43:12 [INFO]: Loading Middlewares...
yyyy-02-00 22:43:12 [INFO]: All Middlewares Loaded...

yyyy-02-00 22:43:12 [INFO]: Mounting Routes...
yyyy-02-00 22:43:12 [INFO]: Products Router mounted at: /products
yyyy-02-00 22:43:12 [INFO]: Routes Mounted... 

yyyy-02-00 22:43:12 [INFO]: Server is running at http://localhost:8000 with 3150972

yyyy-02-00 22:43:17 [INFO]: Loading App... 

yyyy-02-00 22:43:17 [INFO]: MongoDB connected 

yyyy-02-00 22:43:17 [INFO]: Loading Middlewares...
yyyy-02-00 22:43:17 [INFO]: All Middlewares Loaded...

yyyy-02-00 22:43:17 [INFO]: Mounting Routes...
yyyy-02-00 22:43:17 [INFO]: Products Router mounted at: /products
yyyy-02-00 22:43:17 [INFO]: Routes Mounted... 

yyyy-02-00 22:43:17 [INFO]: Server is running at http://localhost:8000 with 3151070

yyyy-02-00 22:43:21 [INFO]: Loading App... 

yyyy-02-00 22:43:21 [INFO]: MongoDB connected 

yyyy-02-00 22:43:21 [INFO]: Loading Middlewares...
yyyy-02-00 22:43:21 [INFO]: All Middlewares Loaded...

yyyy-02-00 22:43:21 [INFO]: Mounting Routes...
yyyy-02-00 22:43:21 [INFO]: Products Router mounted at: /products
yyyy-02-00 22:43:21 [INFO]: Routes Mounted... 

yyyy-02-00 22:43:21 [INFO]: Server is running at http://localhost:8000 with 3151118

yyyy-02-00 22:43:43 [INFO]: Loading App... 

yyyy-02-00 22:43:43 [INFO]: MongoDB connected 

yyyy-02-00 22:43:43 [INFO]: Loading Middlewares...
yyyy-02-00 22:43:43 [INFO]: All Middlewares Loaded...

yyyy-02-00 22:43:43 [INFO]: Mounting Routes...
yyyy-02-00 22:43:43 [INFO]: Products Router mounted at: /products
yyyy-02-00 22:43:43 [INFO]: Routes Mounted... 

yyyy-02-00 22:43:43 [INFO]: Server is running at http://localhost:8000 with 3151344

yyyy-02-00 22:43:45 [INFO]: Loading App... 

yyyy-02-00 22:43:45 [INFO]: MongoDB connected 

yyyy-02-00 22:43:45 [INFO]: Loading Middlewares...
yyyy-02-00 22:43:45 [INFO]: All Middlewares Loaded...

yyyy-02-00 22:43:45 [INFO]: Mounting Routes...
yyyy-02-00 22:43:45 [INFO]: Products Router mounted at: /products
yyyy-02-00 22:43:45 [INFO]: Routes Mounted... 

yyyy-02-00 22:43:45 [INFO]: Server is running at http://localhost:8000 with 3151433

yyyy-02-00 22:43:53 [INFO]: Loading App... 

yyyy-02-00 22:43:53 [INFO]: MongoDB connected 

yyyy-02-00 22:43:53 [INFO]: Loading Middlewares...
yyyy-02-00 22:43:53 [INFO]: All Middlewares Loaded...

yyyy-02-00 22:43:53 [INFO]: Mounting Routes...
yyyy-02-00 22:43:53 [INFO]: Products Router mounted at: /products
yyyy-02-00 22:43:53 [INFO]: Routes Mounted... 

yyyy-02-00 22:43:53 [INFO]: Server is running at http://localhost:8000 with 3151555

yyyy-02-00 22:43:55 [INFO]: Loading App... 

yyyy-02-00 22:43:55 [INFO]: MongoDB connected 

yyyy-02-00 22:43:55 [INFO]: Loading Middlewares...
yyyy-02-00 22:43:55 [INFO]: All Middlewares Loaded...

yyyy-02-00 22:43:55 [INFO]: Mounting Routes...
yyyy-02-00 22:43:55 [INFO]: Products Router mounted at: /products
yyyy-02-00 22:43:55 [INFO]: Routes Mounted... 

yyyy-02-00 22:43:55 [INFO]: Server is running at http://localhost:8000 with 3151629

yyyy-02-00 22:43:57 [INFO]: Loading App... 

yyyy-02-00 22:43:57 [INFO]: MongoDB connected 

yyyy-02-00 22:43:57 [INFO]: Loading Middlewares...
yyyy-02-00 22:43:57 [INFO]: All Middlewares Loaded...

yyyy-02-00 22:43:57 [INFO]: Mounting Routes...
yyyy-02-00 22:43:57 [INFO]: Products Router mounted at: /products
yyyy-02-00 22:43:57 [INFO]: Routes Mounted... 

yyyy-02-00 22:43:57 [INFO]: Server is running at http://localhost:8000 with 3151668

yyyy-02-00 22:44:00 [INFO]: Loading App... 

yyyy-02-00 22:44:00 [INFO]: MongoDB connected 

yyyy-02-00 22:44:00 [INFO]: Loading Middlewares...
yyyy-02-00 22:44:00 [INFO]: All Middlewares Loaded...

yyyy-02-00 22:44:00 [INFO]: Mounting Routes...
yyyy-02-00 22:44:00 [INFO]: Products Router mounted at: /products
yyyy-02-00 22:44:00 [INFO]: Routes Mounted... 

yyyy-02-00 22:44:00 [INFO]: Server is running at http://localhost:8000 with 3151744

yyyy-02-00 22:47:19 [INFO]: Loading App... 

yyyy-02-00 22:47:19 [INFO]: MongoDB connected 

yyyy-02-00 22:47:19 [INFO]: Loading Middlewares...
yyyy-02-00 22:47:35 [INFO]: Loading App... 

yyyy-02-00 22:47:35 [INFO]: MongoDB connected 

yyyy-02-00 22:47:35 [INFO]: Loading Middlewares...
yyyy-02-00 22:47:37 [INFO]: Loading App... 

yyyy-02-00 22:47:37 [INFO]: MongoDB connected 

yyyy-02-00 22:47:37 [INFO]: Loading Middlewares...
yyyy-02-00 22:47:40 [INFO]: Loading App... 

yyyy-02-00 22:47:40 [INFO]: MongoDB connected 

yyyy-02-00 22:47:40 [INFO]: Loading Middlewares...
yyyy-02-00 22:47:42 [INFO]: Loading App... 

yyyy-02-00 22:47:42 [INFO]: MongoDB connected 

yyyy-02-00 22:47:42 [INFO]: Loading Middlewares...
yyyy-02-00 22:47:50 [INFO]: Loading App... 

yyyy-02-00 22:47:50 [INFO]: MongoDB connected 

yyyy-02-00 22:47:50 [INFO]: Loading Middlewares...
yyyy-02-00 22:47:50 [INFO]: All Middlewares Loaded...

yyyy-02-00 22:47:50 [INFO]: Mounting Routes...
yyyy-02-00 22:47:50 [INFO]: Products Router mounted at: /products
yyyy-02-00 22:47:50 [INFO]: Routes Mounted... 

yyyy-02-00 22:47:50 [INFO]: Server is running at http://localhost:8000 with 3155281

yyyy-02-00 22:48:00 [INFO]: Loading App... 

yyyy-02-00 22:48:00 [INFO]: MongoDB connected 

yyyy-02-00 22:48:00 [INFO]: Loading Middlewares...
yyyy-02-00 22:48:00 [INFO]: All Middlewares Loaded...

yyyy-02-00 22:48:00 [INFO]: Mounting Routes...
yyyy-02-00 22:48:00 [INFO]: Products Router mounted at: /products
yyyy-02-00 22:48:00 [INFO]: Routes Mounted... 

yyyy-02-00 22:48:00 [INFO]: Server is running at http://localhost:8000 with 3155426

yyyy-02-00 22:53:27 [INFO]: Loading App... 

yyyy-02-00 22:53:27 [INFO]: MongoDB connected 

yyyy-02-00 22:53:27 [INFO]: Loading Middlewares...
yyyy-02-00 22:53:27 [INFO]: All Middlewares Loaded...

yyyy-02-00 22:53:27 [INFO]: Mounting Routes...
yyyy-02-00 22:53:27 [INFO]: Products Router mounted at: /products
yyyy-02-00 22:53:27 [INFO]: Routes Mounted... 

yyyy-02-00 22:53:27 [INFO]: Server is running at http://localhost:8000 with 3157767

yyyy-02-00 22:53:31 [INFO]: Loading App... 

yyyy-02-00 22:53:31 [INFO]: MongoDB connected 

yyyy-02-00 22:53:31 [INFO]: Loading Middlewares...
yyyy-02-00 22:53:31 [INFO]: All Middlewares Loaded...

yyyy-02-00 22:53:31 [INFO]: Mounting Routes...
yyyy-02-00 22:53:31 [INFO]: Products Router mounted at: /products
yyyy-02-00 22:53:31 [INFO]: Routes Mounted... 

yyyy-02-00 22:53:31 [INFO]: Server is running at http://localhost:8000 with 3157845

yyyy-02-00 22:53:32 [INFO]: Loading App... 

yyyy-02-00 22:53:32 [INFO]: MongoDB connected 

yyyy-02-00 22:53:32 [INFO]: Loading Middlewares...
yyyy-02-00 22:53:32 [INFO]: All Middlewares Loaded...

yyyy-02-00 22:53:32 [INFO]: Mounting Routes...
yyyy-02-00 22:53:32 [INFO]: Products Router mounted at: /products
yyyy-02-00 22:53:32 [INFO]: Routes Mounted... 

yyyy-02-00 22:53:32 [INFO]: Server is running at http://localhost:8000 with 3157872

yyyy-02-00 22:53:36 [INFO]: Loading App... 

yyyy-02-00 22:53:36 [INFO]: MongoDB connected 

yyyy-02-00 22:53:36 [INFO]: Loading Middlewares...
yyyy-02-00 22:53:36 [INFO]: All Middlewares Loaded...

yyyy-02-00 22:53:36 [INFO]: Mounting Routes...
yyyy-02-00 22:53:36 [INFO]: Products Router mounted at: /products
yyyy-02-00 22:53:36 [INFO]: Routes Mounted... 

yyyy-02-00 22:53:36 [INFO]: Server is running at http://localhost:8000 with 3157959

yyyy-02-00 22:53:51 [INFO]: Loading App... 

yyyy-02-00 22:53:51 [INFO]: MongoDB connected 

yyyy-02-00 22:53:51 [INFO]: Loading Middlewares...
yyyy-02-00 22:53:51 [INFO]: All Middlewares Loaded...

yyyy-02-00 22:53:51 [INFO]: Mounting Routes...
yyyy-02-00 22:53:51 [INFO]: Products Router mounted at: /products
yyyy-02-00 22:53:51 [INFO]: Routes Mounted... 

yyyy-02-00 22:53:51 [INFO]: Server is running at http://localhost:8000 with 3158123

yyyy-02-00 22:53:59 [INFO]: Loading App... 

yyyy-02-00 22:53:59 [INFO]: MongoDB connected 

yyyy-02-00 22:53:59 [INFO]: Loading Middlewares...
yyyy-02-00 22:53:59 [INFO]: All Middlewares Loaded...

yyyy-02-00 22:53:59 [INFO]: Mounting Routes...
yyyy-02-00 22:53:59 [INFO]: Products Router mounted at: /products
yyyy-02-00 22:53:59 [INFO]: Routes Mounted... 

yyyy-02-00 22:53:59 [INFO]: Server is running at http://localhost:8000 with 3158260

yyyy-02-00 22:54:55 [INFO]: Loading App... 

yyyy-02-00 22:54:55 [INFO]: MongoDB connected 

yyyy-02-00 22:54:55 [INFO]: Loading Middlewares...
yyyy-02-00 22:54:55 [INFO]: All Middlewares Loaded...

yyyy-02-00 22:54:55 [INFO]: Mounting Routes...
yyyy-02-00 22:54:55 [INFO]: Products Router mounted at: /products
yyyy-02-00 22:54:55 [INFO]: Routes Mounted... 

yyyy-02-00 22:54:55 [INFO]: Server is running at http://localhost:8000 with 3158655

yyyy-02-00 22:54:57 [INFO]: Loading App... 

yyyy-02-00 22:54:58 [INFO]: MongoDB connected 

yyyy-02-00 22:54:58 [INFO]: Loading Middlewares...
yyyy-02-00 22:54:58 [INFO]: All Middlewares Loaded...

yyyy-02-00 22:54:58 [INFO]: Mounting Routes...
yyyy-02-00 22:54:58 [INFO]: Products Router mounted at: /products
yyyy-02-00 22:54:58 [INFO]: Routes Mounted... 

yyyy-02-00 22:54:58 [INFO]: Server is running at http://localhost:8000 with 3158734

yyyy-02-00 22:55:04 [INFO]: Loading App... 

yyyy-02-00 22:55:04 [INFO]: MongoDB connected 

yyyy-02-00 22:55:04 [INFO]: Loading Middlewares...
yyyy-02-00 22:55:04 [INFO]: All Middlewares Loaded...

yyyy-02-00 22:55:04 [INFO]: Mounting Routes...
yyyy-02-00 22:55:04 [INFO]: Products Router mounted at: /products
yyyy-02-00 22:55:04 [INFO]: Routes Mounted... 

yyyy-02-00 22:55:04 [INFO]: Server is running at http://localhost:8000 with 3158837

yyyy-02-00 22:55:07 [INFO]: Loading App... 

yyyy-02-00 22:55:07 [INFO]: MongoDB connected 

yyyy-02-00 22:55:07 [INFO]: Loading Middlewares...
yyyy-02-00 22:55:07 [INFO]: All Middlewares Loaded...

yyyy-02-00 22:55:07 [INFO]: Mounting Routes...
yyyy-02-00 22:55:07 [INFO]: Products Router mounted at: /products
yyyy-02-00 22:55:07 [INFO]: Routes Mounted... 

yyyy-02-00 22:55:07 [INFO]: Server is running at http://localhost:8000 with 3158923

yyyy-02-00 22:55:16 [INFO]: Loading App... 

yyyy-02-00 22:55:16 [INFO]: MongoDB connected 

yyyy-02-00 22:55:16 [INFO]: Loading Middlewares...
yyyy-02-00 22:55:16 [INFO]: All Middlewares Loaded...

yyyy-02-00 22:55:16 [INFO]: Mounting Routes...
yyyy-02-00 22:55:16 [INFO]: Products Router mounted at: /products
yyyy-02-00 22:55:16 [INFO]: Routes Mounted... 

yyyy-02-00 22:55:16 [INFO]: Server is running at http://localhost:8000 with 3159039

yyyy-02-00 22:55:40 [INFO]: Loading App... 

yyyy-02-00 22:55:40 [INFO]: MongoDB connected 

yyyy-02-00 22:55:40 [INFO]: Loading Middlewares...
yyyy-02-00 22:55:40 [INFO]: All Middlewares Loaded...

yyyy-02-00 22:55:40 [INFO]: Mounting Routes...
yyyy-02-00 22:55:40 [INFO]: Products Router mounted at: /products
yyyy-02-00 22:55:40 [INFO]: Routes Mounted... 

yyyy-02-00 22:55:40 [INFO]: Server is running at http://localhost:8000 with 3159266

yyyy-02-00 22:55:43 [INFO]: Loading App... 

yyyy-02-00 22:55:43 [INFO]: MongoDB connected 

yyyy-02-00 22:55:43 [INFO]: Loading Middlewares...
yyyy-02-00 22:55:43 [INFO]: All Middlewares Loaded...

yyyy-02-00 22:55:43 [INFO]: Mounting Routes...
yyyy-02-00 22:55:43 [INFO]: Products Router mounted at: /products
yyyy-02-00 22:55:43 [INFO]: Routes Mounted... 

yyyy-02-00 22:55:43 [INFO]: Server is running at http://localhost:8000 with 3159355

yyyy-02-00 22:55:45 [INFO]: Loading App... 

yyyy-02-00 22:55:45 [INFO]: MongoDB connected 

yyyy-02-00 22:55:45 [INFO]: Loading Middlewares...
yyyy-02-00 22:55:45 [INFO]: All Middlewares Loaded...

yyyy-02-00 22:55:45 [INFO]: Mounting Routes...
yyyy-02-00 22:55:45 [INFO]: Products Router mounted at: /products
yyyy-02-00 22:55:45 [INFO]: Routes Mounted... 

yyyy-02-00 22:55:45 [INFO]: Server is running at http://localhost:8000 with 3159385

yyyy-02-00 22:56:56 [INFO]: Loading App... 

yyyy-02-00 22:56:56 [INFO]: MongoDB connected 

yyyy-02-00 22:56:56 [INFO]: Loading Middlewares...
yyyy-02-00 22:56:56 [INFO]: All Middlewares Loaded...

yyyy-02-00 22:56:56 [INFO]: Mounting Routes...
yyyy-02-00 22:56:56 [INFO]: Products Router mounted at: /products
yyyy-02-00 22:56:56 [INFO]: Routes Mounted... 

yyyy-02-00 22:56:56 [INFO]: Server is running at http://localhost:8000 with 3159916

yyyy-02-00 22:57:10 [INFO]: Loading App... 

yyyy-02-00 22:57:10 [INFO]: MongoDB connected 

yyyy-02-00 22:57:10 [INFO]: Loading Middlewares...
yyyy-02-00 22:57:10 [INFO]: All Middlewares Loaded...

yyyy-02-00 22:57:10 [INFO]: Mounting Routes...
yyyy-02-00 22:57:10 [INFO]: Products Router mounted at: /products
yyyy-02-00 22:57:10 [INFO]: Routes Mounted... 

yyyy-02-00 22:57:10 [INFO]: Server is running at http://localhost:8000 with 3160089

yyyy-02-00 22:57:12 [INFO]: Loading App... 

yyyy-02-00 22:57:12 [INFO]: MongoDB connected 

yyyy-02-00 22:57:12 [INFO]: Loading Middlewares...
yyyy-02-00 22:57:12 [INFO]: All Middlewares Loaded...

yyyy-02-00 22:57:12 [INFO]: Mounting Routes...
yyyy-02-00 22:57:12 [INFO]: Products Router mounted at: /products
yyyy-02-00 22:57:12 [INFO]: Routes Mounted... 

yyyy-02-00 22:57:12 [INFO]: Server is running at http://localhost:8000 with 3160167

yyyy-02-00 22:57:20 [INFO]: Loading App... 

yyyy-02-00 22:57:20 [INFO]: MongoDB connected 

yyyy-02-00 22:57:20 [INFO]: Loading Middlewares...
yyyy-02-00 22:57:20 [INFO]: All Middlewares Loaded...

yyyy-02-00 22:57:20 [INFO]: Mounting Routes...
yyyy-02-00 22:57:20 [INFO]: Products Router mounted at: /products
yyyy-02-00 22:57:20 [INFO]: Routes Mounted... 

yyyy-02-00 22:57:20 [INFO]: Server is running at http://localhost:8000 with 3160280

yyyy-02-00 22:57:23 [INFO]: Loading App... 

yyyy-02-00 22:57:23 [INFO]: MongoDB connected 

yyyy-02-00 22:57:23 [INFO]: Loading Middlewares...
yyyy-02-00 22:57:23 [INFO]: All Middlewares Loaded...

yyyy-02-00 22:57:23 [INFO]: Mounting Routes...
yyyy-02-00 22:57:23 [INFO]: Products Router mounted at: /products
yyyy-02-00 22:57:23 [INFO]: Routes Mounted... 

yyyy-02-00 22:57:23 [INFO]: Server is running at http://localhost:8000 with 3160367

yyyy-02-00 22:57:27 [INFO]: Loading App... 

yyyy-02-00 22:57:27 [INFO]: MongoDB connected 

yyyy-02-00 22:57:27 [INFO]: Loading Middlewares...
yyyy-02-00 22:57:27 [INFO]: All Middlewares Loaded...

yyyy-02-00 22:57:27 [INFO]: Mounting Routes...
yyyy-02-00 22:57:27 [INFO]: Products Router mounted at: /products
yyyy-02-00 22:57:27 [INFO]: Routes Mounted... 

yyyy-02-00 22:57:27 [INFO]: Server is running at http://localhost:8000 with 3160410

yyyy-02-00 22:57:35 [INFO]: Loading App... 

yyyy-02-00 22:57:35 [INFO]: MongoDB connected 

yyyy-02-00 22:57:35 [INFO]: Loading Middlewares...
yyyy-02-00 22:57:35 [INFO]: All Middlewares Loaded...

yyyy-02-00 22:57:35 [INFO]: Mounting Routes...
yyyy-02-00 22:57:35 [INFO]: Products Router mounted at: /products
yyyy-02-00 22:57:35 [INFO]: Routes Mounted... 

yyyy-02-00 22:57:35 [INFO]: Server is running at http://localhost:8000 with 3160555

yyyy-02-00 22:57:36 [INFO]: Loading App... 

yyyy-02-00 22:57:36 [INFO]: MongoDB connected 

yyyy-02-00 22:57:36 [INFO]: Loading Middlewares...
yyyy-02-00 22:57:36 [INFO]: All Middlewares Loaded...

yyyy-02-00 22:57:36 [INFO]: Mounting Routes...
yyyy-02-00 22:57:36 [INFO]: Products Router mounted at: /products
yyyy-02-00 22:57:36 [INFO]: Routes Mounted... 

yyyy-02-00 22:57:36 [INFO]: Server is running at http://localhost:8000 with 3160582

yyyy-02-00 22:57:54 [INFO]: Loading App... 

yyyy-02-00 22:57:54 [INFO]: MongoDB connected 

yyyy-02-00 22:57:54 [INFO]: Loading Middlewares...
yyyy-02-00 22:57:54 [INFO]: All Middlewares Loaded...

yyyy-02-00 22:57:54 [INFO]: Mounting Routes...
yyyy-02-00 22:57:54 [INFO]: Products Router mounted at: /products
yyyy-02-00 22:57:54 [INFO]: Routes Mounted... 

yyyy-02-00 22:57:54 [INFO]: Server is running at http://localhost:8000 with 3160789

yyyy-02-00 22:57:55 [INFO]: Loading App... 

yyyy-02-00 22:57:55 [INFO]: MongoDB connected 

yyyy-02-00 22:57:55 [INFO]: Loading Middlewares...
yyyy-02-00 22:57:55 [INFO]: All Middlewares Loaded...

yyyy-02-00 22:57:55 [INFO]: Mounting Routes...
yyyy-02-00 22:57:55 [INFO]: Products Router mounted at: /products
yyyy-02-00 22:57:55 [INFO]: Routes Mounted... 

yyyy-02-00 22:57:55 [INFO]: Server is running at http://localhost:8000 with 3160831

yyyy-02-00 22:57:57 [INFO]: Loading App... 

yyyy-02-00 22:57:57 [INFO]: MongoDB connected 

yyyy-02-00 22:57:57 [INFO]: Loading Middlewares...
yyyy-02-00 22:57:57 [INFO]: All Middlewares Loaded...

yyyy-02-00 22:57:57 [INFO]: Mounting Routes...
yyyy-02-00 22:57:57 [INFO]: Products Router mounted at: /products
yyyy-02-00 22:57:57 [INFO]: Routes Mounted... 

yyyy-02-00 22:57:57 [INFO]: Server is running at http://localhost:8000 with 3160882

yyyy-02-00 22:57:58 [INFO]: Loading App... 

yyyy-02-00 22:57:58 [INFO]: MongoDB connected 

yyyy-02-00 22:57:58 [INFO]: Loading Middlewares...
yyyy-02-00 22:57:58 [INFO]: All Middlewares Loaded...

yyyy-02-00 22:57:58 [INFO]: Mounting Routes...
yyyy-02-00 22:57:58 [INFO]: Products Router mounted at: /products
yyyy-02-00 22:57:58 [INFO]: Routes Mounted... 

yyyy-02-00 22:57:58 [INFO]: Server is running at http://localhost:8000 with 3160913

yyyy-02-00 22:58:38 [INFO]: Loading App... 

yyyy-02-00 22:58:38 [INFO]: MongoDB connected 

yyyy-02-00 22:58:38 [INFO]: Loading Middlewares...
yyyy-02-00 22:58:38 [INFO]: All Middlewares Loaded...

yyyy-02-00 22:58:38 [INFO]: Mounting Routes...
yyyy-02-00 22:58:38 [INFO]: Products Router mounted at: /products
yyyy-02-00 22:58:38 [INFO]: Routes Mounted... 

yyyy-02-00 22:58:38 [INFO]: Server is running at http://localhost:8000 with 3161210

yyyy-02-00 22:58:41 [INFO]: Loading App... 

yyyy-02-00 22:58:41 [INFO]: MongoDB connected 

yyyy-02-00 22:58:41 [INFO]: Loading Middlewares...
yyyy-02-00 22:58:41 [INFO]: All Middlewares Loaded...

yyyy-02-00 22:58:41 [INFO]: Mounting Routes...
yyyy-02-00 22:58:41 [INFO]: Products Router mounted at: /products
yyyy-02-00 22:58:41 [INFO]: Routes Mounted... 

yyyy-02-00 22:58:41 [INFO]: Server is running at http://localhost:8000 with 3161285

yyyy-02-00 22:58:47 [INFO]: Loading App... 

yyyy-02-00 22:58:47 [INFO]: MongoDB connected 

yyyy-02-00 22:58:47 [INFO]: Loading Middlewares...
yyyy-02-00 22:58:47 [INFO]: All Middlewares Loaded...

yyyy-02-00 22:58:47 [INFO]: Mounting Routes...
yyyy-02-00 22:58:47 [INFO]: Products Router mounted at: /products
yyyy-02-00 22:58:47 [INFO]: Routes Mounted... 

yyyy-02-00 22:58:47 [INFO]: Server is running at http://localhost:8000 with 3161387

yyyy-02-00 22:59:05 [INFO]: Loading App... 

yyyy-02-00 22:59:05 [INFO]: MongoDB connected 

yyyy-02-00 22:59:05 [INFO]: Loading Middlewares...
yyyy-02-00 22:59:05 [INFO]: All Middlewares Loaded...

yyyy-02-00 22:59:05 [INFO]: Mounting Routes...
yyyy-02-00 22:59:05 [INFO]: Products Router mounted at: /products
yyyy-02-00 22:59:05 [INFO]: Routes Mounted... 

yyyy-02-00 22:59:05 [INFO]: Server is running at http://localhost:8000 with 3161557

yyyy-02-00 22:59:13 [INFO]: Loading App... 

yyyy-02-00 22:59:13 [INFO]: MongoDB connected 

yyyy-02-00 22:59:13 [INFO]: Loading Middlewares...
yyyy-02-00 22:59:13 [INFO]: All Middlewares Loaded...

yyyy-02-00 22:59:13 [INFO]: Mounting Routes...
yyyy-02-00 22:59:13 [INFO]: Products Router mounted at: /products
yyyy-02-00 22:59:13 [INFO]: Routes Mounted... 

yyyy-02-00 22:59:13 [INFO]: Server is running at http://localhost:8000 with 3161687

yyyy-02-00 22:59:17 [INFO]: Loading App... 

yyyy-02-00 22:59:17 [INFO]: MongoDB connected 

yyyy-02-00 22:59:17 [INFO]: Loading Middlewares...
yyyy-02-00 22:59:17 [INFO]: All Middlewares Loaded...

yyyy-02-00 22:59:17 [INFO]: Mounting Routes...
yyyy-02-00 22:59:17 [INFO]: Products Router mounted at: /products
yyyy-02-00 22:59:17 [INFO]: Routes Mounted... 

yyyy-02-00 22:59:17 [INFO]: Server is running at http://localhost:8000 with 3161777

yyyy-02-00 22:59:52 [INFO]: Loading App... 

yyyy-02-00 22:59:52 [INFO]: MongoDB connected 

yyyy-02-00 22:59:52 [INFO]: Loading Middlewares...
yyyy-02-00 22:59:52 [INFO]: All Middlewares Loaded...

yyyy-02-00 22:59:52 [INFO]: Mounting Routes...
yyyy-02-00 22:59:52 [INFO]: Products Router mounted at: /products
yyyy-02-00 22:59:52 [INFO]: Routes Mounted... 

yyyy-02-00 22:59:52 [INFO]: Server is running at http://localhost:8000 with 3162049

yyyy-02-00 23:00:02 [INFO]: Loading App... 

yyyy-02-00 23:00:02 [INFO]: MongoDB connected 

yyyy-02-00 23:00:02 [INFO]: Loading Middlewares...
yyyy-02-00 23:00:02 [INFO]: All Middlewares Loaded...

yyyy-02-00 23:00:02 [INFO]: Mounting Routes...
yyyy-02-00 23:00:03 [INFO]: Loading App... 

yyyy-02-00 23:00:03 [INFO]: MongoDB connected 

yyyy-02-00 23:00:03 [INFO]: Loading Middlewares...
yyyy-02-00 23:00:03 [INFO]: All Middlewares Loaded...

yyyy-02-00 23:00:03 [INFO]: Mounting Routes...
yyyy-02-00 23:00:03 [INFO]: Products Router mounted at: /products
yyyy-02-00 23:00:03 [INFO]: Auth Router mounted at: /auth
yyyy-02-00 23:00:03 [INFO]: Routes Mounted... 

yyyy-02-00 23:00:03 [INFO]: Server is running at http://localhost:8000 with 3162234

yyyy-02-00 23:00:13 [INFO]: Loading App... 

yyyy-02-00 23:00:13 [INFO]: MongoDB connected 

yyyy-02-00 23:00:13 [INFO]: Loading Middlewares...
yyyy-02-00 23:00:13 [INFO]: All Middlewares Loaded...

yyyy-02-00 23:00:13 [INFO]: Mounting Routes...
yyyy-02-00 23:00:13 [INFO]: Products Router mounted at: /products
yyyy-02-00 23:00:13 [INFO]: Auth Router mounted at: /auth
yyyy-02-00 23:00:13 [INFO]: Routes Mounted... 

yyyy-02-00 23:00:13 [INFO]: Server is running at http://localhost:8000 with 3162398

yyyy-02-00 23:00:20 [INFO]: Loading App... 

yyyy-02-00 23:00:20 [INFO]: MongoDB connected 

yyyy-02-00 23:00:20 [INFO]: Loading Middlewares...
yyyy-02-00 23:00:20 [INFO]: All Middlewares Loaded...

yyyy-02-00 23:00:20 [INFO]: Mounting Routes...
yyyy-02-00 23:00:20 [INFO]: Products Router mounted at: /products
yyyy-02-00 23:00:20 [INFO]: Auth Router mounted at: /auth
yyyy-02-00 23:00:20 [INFO]: Routes Mounted... 

yyyy-02-00 23:00:20 [INFO]: Server is running at http://localhost:8000 with 3162557

yyyy-02-00 23:01:43 [INFO]: Loading App... 

yyyy-02-00 23:01:43 [INFO]: MongoDB connected 

yyyy-02-00 23:01:43 [INFO]: Loading Middlewares...
yyyy-02-00 23:01:43 [INFO]: All Middlewares Loaded...

yyyy-02-00 23:01:43 [INFO]: Mounting Routes...
yyyy-02-00 23:01:43 [INFO]: Products Router mounted at: /products
yyyy-02-00 23:01:43 [INFO]: Auth Router mounted at: /auth
yyyy-02-00 23:01:43 [INFO]: Routes Mounted... 

yyyy-02-00 23:01:43 [INFO]: Server is running at http://localhost:8000 with 3163095

yyyy-02-00 23:01:47 [INFO]: Loading App... 

yyyy-02-00 23:01:47 [INFO]: MongoDB connected 

yyyy-02-00 23:01:47 [INFO]: Loading Middlewares...
yyyy-02-00 23:01:47 [INFO]: All Middlewares Loaded...

yyyy-02-00 23:01:47 [INFO]: Mounting Routes...
yyyy-02-00 23:01:47 [INFO]: Products Router mounted at: /products
yyyy-02-00 23:01:47 [INFO]: Auth Router mounted at: /auth
yyyy-02-00 23:01:47 [INFO]: Routes Mounted... 

yyyy-02-00 23:01:47 [INFO]: Server is running at http://localhost:8000 with 3163189

yyyy-02-00 23:01:52 [INFO]: Loading App... 

yyyy-02-00 23:01:52 [INFO]: MongoDB connected 

yyyy-02-00 23:01:52 [INFO]: Loading Middlewares...
yyyy-02-00 23:01:52 [INFO]: All Middlewares Loaded...

yyyy-02-00 23:01:52 [INFO]: Mounting Routes...
yyyy-02-00 23:01:52 [INFO]: Products Router mounted at: /products
yyyy-02-00 23:01:52 [INFO]: Auth Router mounted at: /auth
yyyy-02-00 23:01:52 [INFO]: Routes Mounted... 

yyyy-02-00 23:01:52 [INFO]: Server is running at http://localhost:8000 with 3163301

yyyy-02-00 23:02:52 [INFO]: Loading App... 

yyyy-02-00 23:02:52 [INFO]: MongoDB connected 

yyyy-02-00 23:02:52 [INFO]: Loading Middlewares...
yyyy-02-00 23:02:52 [INFO]: All Middlewares Loaded...

yyyy-02-00 23:02:52 [INFO]: Mounting Routes...
yyyy-02-00 23:02:52 [INFO]: Products Router mounted at: /products
yyyy-02-00 23:02:52 [INFO]: Auth Router mounted at: /auth
yyyy-02-00 23:02:52 [INFO]: Routes Mounted... 

yyyy-02-00 23:02:52 [INFO]: Server is running at http://localhost:8000 with 3163710

yyyy-02-00 23:02:55 [INFO]: Loading App... 

yyyy-02-00 23:02:55 [INFO]: MongoDB connected 

yyyy-02-00 23:02:55 [INFO]: Loading Middlewares...
yyyy-02-00 23:02:55 [INFO]: All Middlewares Loaded...

yyyy-02-00 23:02:55 [INFO]: Mounting Routes...
yyyy-02-00 23:02:55 [INFO]: Products Router mounted at: /products
yyyy-02-00 23:02:55 [INFO]: Auth Router mounted at: /auth
yyyy-02-00 23:02:55 [INFO]: Routes Mounted... 

yyyy-02-00 23:02:55 [INFO]: Server is running at http://localhost:8000 with 3163789

yyyy-02-00 23:02:57 [INFO]: Loading App... 

yyyy-02-00 23:02:57 [INFO]: MongoDB connected 

yyyy-02-00 23:02:57 [INFO]: Loading Middlewares...
yyyy-02-00 23:02:57 [INFO]: All Middlewares Loaded...

yyyy-02-00 23:02:57 [INFO]: Mounting Routes...
yyyy-02-00 23:02:57 [INFO]: Products Router mounted at: /products
yyyy-02-00 23:02:57 [INFO]: Auth Router mounted at: /auth
yyyy-02-00 23:02:57 [INFO]: Routes Mounted... 

yyyy-02-00 23:02:57 [INFO]: Server is running at http://localhost:8000 with 3163817

yyyy-02-00 23:03:14 [INFO]: Loading App... 

yyyy-02-00 23:03:14 [INFO]: MongoDB connected 

yyyy-02-00 23:03:14 [INFO]: Loading Middlewares...
yyyy-02-00 23:03:14 [INFO]: All Middlewares Loaded...

yyyy-02-00 23:03:14 [INFO]: Mounting Routes...
yyyy-02-00 23:03:14 [INFO]: Products Router mounted at: /products
yyyy-02-00 23:03:14 [INFO]: Auth Router mounted at: /auth
yyyy-02-00 23:03:14 [INFO]: Routes Mounted... 

yyyy-02-00 23:03:14 [INFO]: Server is running at http://localhost:8000 with 3164001

yyyy-02-00 23:03:16 [INFO]: Loading App... 

yyyy-02-00 23:03:16 [INFO]: MongoDB connected 

yyyy-02-00 23:03:16 [INFO]: Loading Middlewares...
yyyy-02-00 23:03:16 [INFO]: All Middlewares Loaded...

yyyy-02-00 23:03:16 [INFO]: Mounting Routes...
yyyy-02-00 23:03:16 [INFO]: Products Router mounted at: /products
yyyy-02-00 23:03:16 [INFO]: Auth Router mounted at: /auth
yyyy-02-00 23:03:16 [INFO]: Routes Mounted... 

yyyy-02-00 23:03:16 [INFO]: Server is running at http://localhost:8000 with 3164089

yyyy-02-00 23:03:20 [INFO]: Loading App... 

yyyy-02-00 23:03:20 [INFO]: MongoDB connected 

yyyy-02-00 23:03:20 [INFO]: Loading Middlewares...
yyyy-02-00 23:03:20 [INFO]: All Middlewares Loaded...

yyyy-02-00 23:03:20 [INFO]: Mounting Routes...
yyyy-02-00 23:03:20 [INFO]: Products Router mounted at: /products
yyyy-02-00 23:03:20 [INFO]: Auth Router mounted at: /auth
yyyy-02-00 23:03:20 [INFO]: Routes Mounted... 

yyyy-02-00 23:03:20 [INFO]: Server is running at http://localhost:8000 with 3164135

yyyy-02-00 23:03:34 [INFO]: Loading App... 

yyyy-02-00 23:03:34 [INFO]: MongoDB connected 

yyyy-02-00 23:03:34 [INFO]: Loading Middlewares...
yyyy-02-00 23:03:34 [INFO]: All Middlewares Loaded...

yyyy-02-00 23:03:34 [INFO]: Mounting Routes...
yyyy-02-00 23:03:34 [INFO]: Products Router mounted at: /products
yyyy-02-00 23:03:34 [INFO]: Auth Router mounted at: /auth
yyyy-02-00 23:03:34 [INFO]: Routes Mounted... 

yyyy-02-00 23:03:34 [INFO]: Server is running at http://localhost:8000 with 3164318

yyyy-02-00 23:03:36 [INFO]: Loading App... 

yyyy-02-00 23:03:36 [INFO]: MongoDB connected 

yyyy-02-00 23:03:36 [INFO]: Loading Middlewares...
yyyy-02-00 23:03:36 [INFO]: All Middlewares Loaded...

yyyy-02-00 23:03:36 [INFO]: Mounting Routes...
yyyy-02-00 23:03:36 [INFO]: Products Router mounted at: /products
yyyy-02-00 23:03:36 [INFO]: Auth Router mounted at: /auth
yyyy-02-00 23:03:36 [INFO]: Routes Mounted... 

yyyy-02-00 23:03:36 [INFO]: Server is running at http://localhost:8000 with 3164396

yyyy-02-00 23:03:48 [INFO]: Loading App... 

yyyy-02-00 23:03:48 [INFO]: MongoDB connected 

yyyy-02-00 23:03:48 [INFO]: Loading Middlewares...
yyyy-02-00 23:03:48 [INFO]: All Middlewares Loaded...

yyyy-02-00 23:03:48 [INFO]: Mounting Routes...
yyyy-02-00 23:03:48 [INFO]: Products Router mounted at: /products
yyyy-02-00 23:03:48 [INFO]: Auth Router mounted at: /auth
yyyy-02-00 23:03:48 [INFO]: Routes Mounted... 

yyyy-02-00 23:03:48 [INFO]: Server is running at http://localhost:8000 with 3164533

yyyy-02-00 23:04:02 [INFO]: Loading App... 

yyyy-02-00 23:04:02 [INFO]: MongoDB connected 

yyyy-02-00 23:04:02 [INFO]: Loading Middlewares...
yyyy-02-00 23:04:02 [INFO]: All Middlewares Loaded...

yyyy-02-00 23:04:02 [INFO]: Mounting Routes...
yyyy-02-00 23:04:02 [INFO]: Products Router mounted at: /products
yyyy-02-00 23:04:02 [INFO]: Auth Router mounted at: /auth
yyyy-02-00 23:04:02 [INFO]: Routes Mounted... 

yyyy-02-00 23:04:02 [INFO]: Server is running at http://localhost:8000 with 3164728

yyyy-02-00 23:04:23 [INFO]: Loading App... 

yyyy-02-00 23:04:23 [INFO]: MongoDB connected 

yyyy-02-00 23:04:23 [INFO]: Loading Middlewares...
yyyy-02-00 23:04:23 [INFO]: All Middlewares Loaded...

yyyy-02-00 23:04:23 [INFO]: Mounting Routes...
yyyy-02-00 23:04:23 [INFO]: Products Router mounted at: /products
yyyy-02-00 23:04:23 [INFO]: Auth Router mounted at: /auth
yyyy-02-00 23:04:23 [INFO]: Routes Mounted... 

yyyy-02-00 23:04:23 [INFO]: Server is running at http://localhost:8000 with 3164938

yyyy-02-00 23:04:27 [INFO]: Loading App... 

yyyy-02-00 23:04:27 [INFO]: MongoDB connected 

yyyy-02-00 23:04:27 [INFO]: Loading Middlewares...
yyyy-02-00 23:04:27 [INFO]: All Middlewares Loaded...

yyyy-02-00 23:04:27 [INFO]: Mounting Routes...
yyyy-02-00 23:04:27 [INFO]: Products Router mounted at: /products
yyyy-02-00 23:04:27 [INFO]: Auth Router mounted at: /auth
yyyy-02-00 23:04:27 [INFO]: Routes Mounted... 

yyyy-02-00 23:04:27 [INFO]: Server is running at http://localhost:8000 with 3165016

yyyy-02-00 23:04:29 [INFO]: Loading App... 

yyyy-02-00 23:04:29 [INFO]: MongoDB connected 

yyyy-02-00 23:04:29 [INFO]: Loading Middlewares...
yyyy-02-00 23:04:29 [INFO]: All Middlewares Loaded...

yyyy-02-00 23:04:29 [INFO]: Mounting Routes...
yyyy-02-00 23:04:29 [INFO]: Products Router mounted at: /products
yyyy-02-00 23:04:29 [INFO]: Auth Router mounted at: /auth
yyyy-02-00 23:04:29 [INFO]: Routes Mounted... 

yyyy-02-00 23:04:29 [INFO]: Server is running at http://localhost:8000 with 3165067

yyyy-02-00 23:04:33 [INFO]: Loading App... 

yyyy-02-00 23:04:33 [INFO]: MongoDB connected 

yyyy-02-00 23:04:33 [INFO]: Loading Middlewares...
yyyy-02-00 23:04:33 [INFO]: All Middlewares Loaded...

yyyy-02-00 23:04:33 [INFO]: Mounting Routes...
yyyy-02-00 23:04:33 [INFO]: Products Router mounted at: /products
yyyy-02-00 23:04:33 [INFO]: Auth Router mounted at: /auth
yyyy-02-00 23:04:33 [INFO]: Routes Mounted... 

yyyy-02-00 23:04:33 [INFO]: Server is running at http://localhost:8000 with 3165129

yyyy-02-00 23:04:37 [INFO]: Loading App... 

yyyy-02-00 23:04:37 [INFO]: MongoDB connected 

yyyy-02-00 23:04:37 [INFO]: Loading Middlewares...
yyyy-02-00 23:04:37 [INFO]: All Middlewares Loaded...

yyyy-02-00 23:04:37 [INFO]: Mounting Routes...
yyyy-02-00 23:04:37 [INFO]: Products Router mounted at: /products
yyyy-02-00 23:04:37 [INFO]: Auth Router mounted at: /auth
yyyy-02-00 23:04:37 [INFO]: Routes Mounted... 

yyyy-02-00 23:04:37 [INFO]: Server is running at http://localhost:8000 with 3165218

yyyy-02-00 23:04:41 [INFO]: Loading App... 

yyyy-02-00 23:04:41 [INFO]: MongoDB connected 

yyyy-02-00 23:04:41 [INFO]: Loading Middlewares...
yyyy-02-00 23:04:41 [INFO]: All Middlewares Loaded...

yyyy-02-00 23:04:41 [INFO]: Mounting Routes...
yyyy-02-00 23:04:41 [INFO]: Products Router mounted at: /products
yyyy-02-00 23:04:41 [INFO]: Auth Router mounted at: /auth
yyyy-02-00 23:04:41 [INFO]: Routes Mounted... 

yyyy-02-00 23:04:41 [INFO]: Server is running at http://localhost:8000 with 3165307

yyyy-02-00 23:04:44 [INFO]: Loading App... 

yyyy-02-00 23:04:44 [INFO]: MongoDB connected 

yyyy-02-00 23:04:44 [INFO]: Loading Middlewares...
yyyy-02-00 23:04:44 [INFO]: All Middlewares Loaded...

yyyy-02-00 23:04:44 [INFO]: Mounting Routes...
yyyy-02-00 23:04:44 [INFO]: Products Router mounted at: /products
yyyy-02-00 23:04:44 [INFO]: Auth Router mounted at: /auth
yyyy-02-00 23:04:44 [INFO]: Routes Mounted... 

yyyy-02-00 23:04:44 [INFO]: Server is running at http://localhost:8000 with 3165360

yyyy-02-00 23:04:47 [INFO]: Loading App... 

yyyy-02-00 23:04:47 [INFO]: MongoDB connected 

yyyy-02-00 23:04:47 [INFO]: Loading Middlewares...
yyyy-02-00 23:04:47 [INFO]: All Middlewares Loaded...

yyyy-02-00 23:04:47 [INFO]: Mounting Routes...
yyyy-02-00 23:04:47 [INFO]: Products Router mounted at: /products
yyyy-02-00 23:04:47 [INFO]: Auth Router mounted at: /auth
yyyy-02-00 23:04:47 [INFO]: Routes Mounted... 

yyyy-02-00 23:04:47 [INFO]: Server is running at http://localhost:8000 with 3165435

yyyy-02-00 23:04:50 [INFO]: Loading App... 

yyyy-02-00 23:04:50 [INFO]: MongoDB connected 

yyyy-02-00 23:04:50 [INFO]: Loading Middlewares...
yyyy-02-00 23:04:50 [INFO]: All Middlewares Loaded...

yyyy-02-00 23:04:50 [INFO]: Mounting Routes...
yyyy-02-00 23:04:50 [INFO]: Products Router mounted at: /products
yyyy-02-00 23:04:50 [INFO]: Auth Router mounted at: /auth
yyyy-02-00 23:04:50 [INFO]: Routes Mounted... 

yyyy-02-00 23:04:50 [INFO]: Server is running at http://localhost:8000 with 3165511

yyyy-02-00 23:04:54 [INFO]: Loading App... 

yyyy-02-00 23:04:54 [INFO]: MongoDB connected 

yyyy-02-00 23:04:54 [INFO]: Loading Middlewares...
yyyy-02-00 23:04:54 [INFO]: All Middlewares Loaded...

yyyy-02-00 23:04:54 [INFO]: Mounting Routes...
yyyy-02-00 23:04:54 [INFO]: Products Router mounted at: /products
yyyy-02-00 23:04:54 [INFO]: Auth Router mounted at: /auth
yyyy-02-00 23:04:54 [INFO]: Routes Mounted... 

yyyy-02-00 23:04:54 [INFO]: Server is running at http://localhost:8000 with 3165552

yyyy-02-00 23:04:56 [INFO]: Loading App... 

yyyy-02-00 23:04:56 [INFO]: MongoDB connected 

yyyy-02-00 23:04:56 [INFO]: Loading Middlewares...
yyyy-02-00 23:04:56 [INFO]: All Middlewares Loaded...

yyyy-02-00 23:04:56 [INFO]: Mounting Routes...
yyyy-02-00 23:04:56 [INFO]: Products Router mounted at: /products
yyyy-02-00 23:04:56 [INFO]: Auth Router mounted at: /auth
yyyy-02-00 23:04:56 [INFO]: Routes Mounted... 

yyyy-02-00 23:04:56 [INFO]: Server is running at http://localhost:8000 with 3165630

yyyy-02-00 23:04:59 [INFO]: Loading App... 

yyyy-02-00 23:04:59 [INFO]: MongoDB connected 

yyyy-02-00 23:04:59 [INFO]: Loading Middlewares...
yyyy-02-00 23:04:59 [INFO]: All Middlewares Loaded...

yyyy-02-00 23:04:59 [INFO]: Mounting Routes...
yyyy-02-00 23:04:59 [INFO]: Products Router mounted at: /products
yyyy-02-00 23:04:59 [INFO]: Auth Router mounted at: /auth
yyyy-02-00 23:04:59 [INFO]: Routes Mounted... 

yyyy-02-00 23:04:59 [INFO]: Server is running at http://localhost:8000 with 3165657

yyyy-02-00 23:05:00 [INFO]: Loading App... 

yyyy-02-00 23:05:00 [INFO]: MongoDB connected 

yyyy-02-00 23:05:00 [INFO]: Loading Middlewares...
yyyy-02-00 23:05:00 [INFO]: All Middlewares Loaded...

yyyy-02-00 23:05:00 [INFO]: Mounting Routes...
yyyy-02-00 23:05:00 [INFO]: Products Router mounted at: /products
yyyy-02-00 23:05:00 [INFO]: Auth Router mounted at: /auth
yyyy-02-00 23:05:00 [INFO]: Routes Mounted... 

yyyy-02-00 23:05:00 [INFO]: Server is running at http://localhost:8000 with 3165700

yyyy-02-00 23:05:03 [INFO]: Loading App... 

yyyy-02-00 23:05:03 [INFO]: MongoDB connected 

yyyy-02-00 23:05:03 [INFO]: Loading Middlewares...
yyyy-02-00 23:05:03 [INFO]: All Middlewares Loaded...

yyyy-02-00 23:05:03 [INFO]: Mounting Routes...
yyyy-02-00 23:05:03 [INFO]: Products Router mounted at: /products
yyyy-02-00 23:05:03 [INFO]: Auth Router mounted at: /auth
yyyy-02-00 23:05:03 [INFO]: Routes Mounted... 

yyyy-02-00 23:05:03 [INFO]: Server is running at http://localhost:8000 with 3165764

yyyy-02-00 23:05:05 [INFO]: Loading App... 

yyyy-02-00 23:05:05 [INFO]: MongoDB connected 

yyyy-02-00 23:05:05 [INFO]: Loading Middlewares...
yyyy-02-00 23:05:05 [INFO]: All Middlewares Loaded...

yyyy-02-00 23:05:05 [INFO]: Mounting Routes...
yyyy-02-00 23:05:05 [INFO]: Products Router mounted at: /products
yyyy-02-00 23:05:05 [INFO]: Auth Router mounted at: /auth
yyyy-02-00 23:05:05 [INFO]: Routes Mounted... 

yyyy-02-00 23:05:05 [INFO]: Server is running at http://localhost:8000 with 3165805

yyyy-02-00 23:05:07 [INFO]: Loading App... 

yyyy-02-00 23:05:07 [INFO]: MongoDB connected 

yyyy-02-00 23:05:07 [INFO]: Loading Middlewares...
yyyy-02-00 23:05:07 [INFO]: All Middlewares Loaded...

yyyy-02-00 23:05:07 [INFO]: Mounting Routes...
yyyy-02-00 23:05:07 [INFO]: Products Router mounted at: /products
yyyy-02-00 23:05:07 [INFO]: Auth Router mounted at: /auth
yyyy-02-00 23:05:07 [INFO]: Routes Mounted... 

yyyy-02-00 23:05:07 [INFO]: Server is running at http://localhost:8000 with 3165868

yyyy-02-00 23:05:09 [INFO]: Loading App... 

yyyy-02-00 23:05:09 [INFO]: MongoDB connected 

yyyy-02-00 23:05:09 [INFO]: Loading Middlewares...
yyyy-02-00 23:05:09 [INFO]: All Middlewares Loaded...

yyyy-02-00 23:05:09 [INFO]: Mounting Routes...
yyyy-02-00 23:05:09 [INFO]: Products Router mounted at: /products
yyyy-02-00 23:05:09 [INFO]: Auth Router mounted at: /auth
yyyy-02-00 23:05:09 [INFO]: Routes Mounted... 

yyyy-02-00 23:05:09 [INFO]: Server is running at http://localhost:8000 with 3165911

yyyy-02-00 23:05:12 [INFO]: Loading App... 

yyyy-02-00 23:05:12 [INFO]: MongoDB connected 

yyyy-02-00 23:05:12 [INFO]: Loading Middlewares...
yyyy-02-00 23:05:12 [INFO]: All Middlewares Loaded...

yyyy-02-00 23:05:12 [INFO]: Mounting Routes...
yyyy-02-00 23:05:12 [INFO]: Products Router mounted at: /products
yyyy-02-00 23:05:12 [INFO]: Auth Router mounted at: /auth
yyyy-02-00 23:05:12 [INFO]: Routes Mounted... 

yyyy-02-00 23:05:12 [INFO]: Server is running at http://localhost:8000 with 3165985

yyyy-02-00 23:05:14 [INFO]: Loading App... 

yyyy-02-00 23:05:14 [INFO]: MongoDB connected 

yyyy-02-00 23:05:14 [INFO]: Loading Middlewares...
yyyy-02-00 23:05:14 [INFO]: All Middlewares Loaded...

yyyy-02-00 23:05:14 [INFO]: Mounting Routes...
yyyy-02-00 23:05:14 [INFO]: Products Router mounted at: /products
yyyy-02-00 23:05:14 [INFO]: Auth Router mounted at: /auth
yyyy-02-00 23:05:14 [INFO]: Routes Mounted... 

yyyy-02-00 23:05:14 [INFO]: Server is running at http://localhost:8000 with 3166028

yyyy-02-00 23:05:41 [INFO]: Loading App... 

yyyy-02-00 23:05:41 [INFO]: MongoDB connected 

yyyy-02-00 23:05:41 [INFO]: Loading Middlewares...
yyyy-02-00 23:05:41 [INFO]: All Middlewares Loaded...

yyyy-02-00 23:05:41 [INFO]: Mounting Routes...
yyyy-02-00 23:05:41 [INFO]: Products Router mounted at: /products
yyyy-02-00 23:05:41 [INFO]: Auth Router mounted at: /auth
yyyy-02-00 23:05:41 [INFO]: Routes Mounted... 

yyyy-02-00 23:05:41 [INFO]: Server is running at http://localhost:8000 with 3166273

yyyy-02-00 23:05:48 [INFO]: Loading App... 

yyyy-02-00 23:05:48 [INFO]: MongoDB connected 

yyyy-02-00 23:05:48 [INFO]: Loading Middlewares...
yyyy-02-00 23:05:48 [INFO]: All Middlewares Loaded...

yyyy-02-00 23:05:48 [INFO]: Mounting Routes...
yyyy-02-00 23:05:48 [INFO]: Products Router mounted at: /products
yyyy-02-00 23:05:48 [INFO]: Auth Router mounted at: /auth
yyyy-02-00 23:05:48 [INFO]: Routes Mounted... 

yyyy-02-00 23:05:48 [INFO]: Server is running at http://localhost:8000 with 3166407

yyyy-02-00 23:05:50 [INFO]: Loading App... 

yyyy-02-00 23:05:50 [INFO]: MongoDB connected 

yyyy-02-00 23:05:50 [INFO]: Loading Middlewares...
yyyy-02-00 23:05:50 [INFO]: All Middlewares Loaded...

yyyy-02-00 23:05:50 [INFO]: Mounting Routes...
yyyy-02-00 23:05:50 [INFO]: Products Router mounted at: /products
yyyy-02-00 23:05:50 [INFO]: Auth Router mounted at: /auth
yyyy-02-00 23:05:50 [INFO]: Routes Mounted... 

yyyy-02-00 23:05:50 [INFO]: Server is running at http://localhost:8000 with 3166470

yyyy-02-00 23:05:56 [INFO]: Loading App... 

yyyy-02-00 23:05:56 [INFO]: MongoDB connected 

yyyy-02-00 23:05:56 [INFO]: Loading Middlewares...
yyyy-02-00 23:05:56 [INFO]: All Middlewares Loaded...

yyyy-02-00 23:05:56 [INFO]: Mounting Routes...
yyyy-02-00 23:05:56 [INFO]: Products Router mounted at: /products
yyyy-02-00 23:05:56 [INFO]: Auth Router mounted at: /auth
yyyy-02-00 23:05:56 [INFO]: Routes Mounted... 

yyyy-02-00 23:05:56 [INFO]: Server is running at http://localhost:8000 with 3166571

yyyy-02-00 23:05:59 [INFO]: Loading App... 

yyyy-02-00 23:05:59 [INFO]: MongoDB connected 

yyyy-02-00 23:05:59 [INFO]: Loading Middlewares...
yyyy-02-00 23:05:59 [INFO]: All Middlewares Loaded...

yyyy-02-00 23:05:59 [INFO]: Mounting Routes...
yyyy-02-00 23:05:59 [INFO]: Products Router mounted at: /products
yyyy-02-00 23:05:59 [INFO]: Auth Router mounted at: /auth
yyyy-02-00 23:05:59 [INFO]: Routes Mounted... 

yyyy-02-00 23:05:59 [INFO]: Server is running at http://localhost:8000 with 3166637

yyyy-02-00 23:06:09 [INFO]: Loading App... 

yyyy-02-00 23:06:09 [INFO]: MongoDB connected 

yyyy-02-00 23:06:09 [INFO]: Loading Middlewares...
yyyy-02-00 23:06:09 [INFO]: All Middlewares Loaded...

yyyy-02-00 23:06:09 [INFO]: Mounting Routes...
yyyy-02-00 23:06:09 [INFO]: Products Router mounted at: /products
yyyy-02-00 23:06:09 [INFO]: Auth Router mounted at: /auth
yyyy-02-00 23:06:09 [INFO]: Routes Mounted... 

yyyy-02-00 23:06:09 [INFO]: Server is running at http://localhost:8000 with 3166787

yyyy-02-00 23:08:35 [INFO]: Loading App... 

yyyy-02-00 23:08:35 [INFO]: MongoDB connected 

yyyy-02-00 23:08:35 [INFO]: Loading Middlewares...
yyyy-02-00 23:08:35 [INFO]: All Middlewares Loaded...

yyyy-02-00 23:08:35 [INFO]: Mounting Routes...
yyyy-02-00 23:08:35 [INFO]: Products Router mounted at: /products
yyyy-02-00 23:08:35 [INFO]: Auth Router mounted at: /auth
yyyy-02-00 23:08:35 [INFO]: Routes Mounted... 

yyyy-02-00 23:08:35 [INFO]: Server is running at http://localhost:8000 with 3167720

yyyy-02-00 23:08:38 [INFO]: Loading App... 

yyyy-02-00 23:08:38 [INFO]: MongoDB connected 

yyyy-02-00 23:08:38 [INFO]: Loading Middlewares...
yyyy-02-00 23:08:38 [INFO]: All Middlewares Loaded...

yyyy-02-00 23:08:38 [INFO]: Mounting Routes...
yyyy-02-00 23:08:38 [INFO]: Products Router mounted at: /products
yyyy-02-00 23:08:38 [INFO]: Auth Router mounted at: /auth
yyyy-02-00 23:08:38 [INFO]: Routes Mounted... 

yyyy-02-00 23:08:38 [INFO]: Server is running at http://localhost:8000 with 3167796

yyyy-02-00 23:08:44 [INFO]: Loading App... 

yyyy-02-00 23:08:44 [INFO]: MongoDB connected 

yyyy-02-00 23:08:44 [INFO]: Loading Middlewares...
yyyy-02-00 23:08:44 [INFO]: All Middlewares Loaded...

yyyy-02-00 23:08:44 [INFO]: Mounting Routes...
yyyy-02-00 23:08:44 [INFO]: Products Router mounted at: /products
yyyy-02-00 23:08:44 [INFO]: Auth Router mounted at: /auth
yyyy-02-00 23:08:44 [INFO]: Routes Mounted... 

yyyy-02-00 23:08:44 [INFO]: Server is running at http://localhost:8000 with 3167889

yyyy-02-00 23:09:16 [INFO]: Loading App... 

yyyy-02-00 23:09:16 [INFO]: MongoDB connected 

yyyy-02-00 23:09:16 [INFO]: Loading Middlewares...
yyyy-02-00 23:09:16 [INFO]: All Middlewares Loaded...

yyyy-02-00 23:09:16 [INFO]: Mounting Routes...
yyyy-02-00 23:09:16 [INFO]: Products Router mounted at: /products
yyyy-02-00 23:09:16 [INFO]: Auth Router mounted at: /login
yyyy-02-00 23:09:16 [INFO]: Routes Mounted... 

yyyy-02-00 23:09:16 [INFO]: Server is running at http://localhost:8000 with 3168203

yyyy-02-00 23:12:29 [INFO]: Loading App... 

yyyy-02-00 23:12:30 [INFO]: MongoDB connected 

yyyy-02-00 23:12:30 [INFO]: Loading Middlewares...
yyyy-02-00 23:12:30 [INFO]: All Middlewares Loaded...

yyyy-02-00 23:12:30 [INFO]: Mounting Routes...
yyyy-02-00 23:12:30 [INFO]: Products Router mounted at: /products
yyyy-02-00 23:12:30 [INFO]: Auth Router mounted at: /login
yyyy-02-00 23:12:30 [INFO]: Routes Mounted... 

yyyy-02-00 23:12:30 [INFO]: Server is running at http://localhost:8000 with 3169485

yyyy-02-00 23:12:50 [INFO]: Loading App... 

yyyy-02-00 23:12:50 [INFO]: MongoDB connected 

yyyy-02-00 23:12:50 [INFO]: Loading Middlewares...
yyyy-02-00 23:12:50 [INFO]: All Middlewares Loaded...

yyyy-02-00 23:12:50 [INFO]: Mounting Routes...
yyyy-02-00 23:12:50 [INFO]: Products Router mounted at: /products
yyyy-02-00 23:12:50 [INFO]: Auth Router mounted at: /login
yyyy-02-00 23:12:50 [INFO]: Routes Mounted... 

yyyy-02-00 23:12:50 [INFO]: Server is running at http://localhost:8000 with 3169721

yyyy-02-00 23:14:32 [INFO]: Loading App... 

yyyy-02-00 23:14:32 [INFO]: MongoDB connected 

yyyy-02-00 23:14:32 [INFO]: Loading Middlewares...
yyyy-02-00 23:14:32 [INFO]: All Middlewares Loaded...

yyyy-02-00 23:14:32 [INFO]: Mounting Routes...
yyyy-02-00 23:14:32 [INFO]: Products Router mounted at: /products
yyyy-02-00 23:14:32 [INFO]: Auth Router mounted at: /login
yyyy-02-00 23:14:32 [INFO]: Routes Mounted... 

yyyy-02-00 23:14:32 [INFO]: Server is running at http://localhost:8000 with 3170457

yyyy-02-00 23:14:38 [INFO]: Loading App... 

yyyy-02-00 23:14:38 [INFO]: MongoDB connected 

yyyy-02-00 23:14:38 [INFO]: Loading Middlewares...
yyyy-02-00 23:14:38 [INFO]: All Middlewares Loaded...

yyyy-02-00 23:14:38 [INFO]: Mounting Routes...
yyyy-02-00 23:14:38 [INFO]: Products Router mounted at: /products
yyyy-02-00 23:14:38 [INFO]: Auth Router mounted at: /login
yyyy-02-00 23:14:38 [INFO]: Routes Mounted... 

yyyy-02-00 23:14:38 [INFO]: Server is running at http://localhost:8000 with 3170543

yyyy-02-00 23:14:59 [INFO]: Loading App... 

yyyy-02-00 23:14:59 [INFO]: MongoDB connected 

yyyy-02-00 23:14:59 [INFO]: Loading Middlewares...
yyyy-02-00 23:14:59 [INFO]: All Middlewares Loaded...

yyyy-02-00 23:14:59 [INFO]: Mounting Routes...
yyyy-02-00 23:14:59 [INFO]: Products Router mounted at: /products
yyyy-02-00 23:14:59 [INFO]: Auth Router mounted at: /login
yyyy-02-00 23:14:59 [INFO]: Routes Mounted... 

yyyy-02-00 23:14:59 [INFO]: Server is running at http://localhost:8000 with 3170766

yyyy-02-00 23:15:10 [INFO]: Loading App... 

yyyy-02-00 23:15:10 [INFO]: MongoDB connected 

yyyy-02-00 23:15:10 [INFO]: Loading Middlewares...
yyyy-02-00 23:15:10 [INFO]: All Middlewares Loaded...

yyyy-02-00 23:15:10 [INFO]: Mounting Routes...
yyyy-02-00 23:15:10 [INFO]: Products Router mounted at: /products
yyyy-02-00 23:15:10 [INFO]: Auth Router mounted at: /login
yyyy-02-00 23:15:10 [INFO]: Routes Mounted... 

yyyy-02-00 23:15:10 [INFO]: Server is running at http://localhost:8000 with 3170911

yyyy-02-00 23:15:21 [INFO]: Loading App... 

yyyy-02-00 23:15:21 [INFO]: MongoDB connected 

yyyy-02-00 23:15:21 [INFO]: Loading Middlewares...
yyyy-02-00 23:15:21 [INFO]: All Middlewares Loaded...

yyyy-02-00 23:15:21 [INFO]: Mounting Routes...
yyyy-02-00 23:15:21 [INFO]: Products Router mounted at: /products
yyyy-02-00 23:15:21 [INFO]: Auth Router mounted at: /login
yyyy-02-00 23:15:21 [INFO]: Routes Mounted... 

yyyy-02-00 23:15:21 [INFO]: Server is running at http://localhost:8000 with 3171064

yyyy-02-00 23:15:23 [INFO]: Loading App... 

yyyy-02-00 23:15:23 [INFO]: MongoDB connected 

yyyy-02-00 23:15:23 [INFO]: Loading Middlewares...
yyyy-02-00 23:15:23 [INFO]: All Middlewares Loaded...

yyyy-02-00 23:15:23 [INFO]: Mounting Routes...
yyyy-02-00 23:15:23 [INFO]: Products Router mounted at: /products
yyyy-02-00 23:15:23 [INFO]: Auth Router mounted at: /login
yyyy-02-00 23:15:23 [INFO]: Routes Mounted... 

yyyy-02-00 23:15:23 [INFO]: Server is running at http://localhost:8000 with 3171142

yyyy-02-00 23:15:49 [INFO]: Loading App... 

yyyy-02-00 23:15:49 [INFO]: MongoDB connected 

yyyy-02-00 23:15:49 [INFO]: Loading Middlewares...
yyyy-02-00 23:15:49 [INFO]: All Middlewares Loaded...

yyyy-02-00 23:15:49 [INFO]: Mounting Routes...
yyyy-02-00 23:15:49 [INFO]: Products Router mounted at: /products
yyyy-02-00 23:15:49 [INFO]: Auth Router mounted at: /login
yyyy-02-00 23:15:49 [INFO]: Routes Mounted... 

yyyy-02-00 23:15:49 [INFO]: Server is running at http://localhost:8000 with 3171378

yyyy-02-00 23:15:53 [INFO]: Loading App... 

yyyy-02-00 23:15:53 [INFO]: MongoDB connected 

yyyy-02-00 23:15:53 [INFO]: Loading Middlewares...
yyyy-02-00 23:15:53 [INFO]: All Middlewares Loaded...

yyyy-02-00 23:15:53 [INFO]: Mounting Routes...
yyyy-02-00 23:15:53 [INFO]: Products Router mounted at: /products
yyyy-02-00 23:15:53 [INFO]: Auth Router mounted at: /login
yyyy-02-00 23:15:53 [INFO]: Routes Mounted... 

yyyy-02-00 23:15:53 [INFO]: Server is running at http://localhost:8000 with 3171455

yyyy-02-00 23:17:01 [INFO]: Loading App... 

yyyy-02-00 23:17:01 [INFO]: MongoDB connected 

yyyy-02-00 23:17:01 [INFO]: Loading Middlewares...
yyyy-02-00 23:17:01 [INFO]: All Middlewares Loaded...

yyyy-02-00 23:17:01 [INFO]: Mounting Routes...
yyyy-02-00 23:17:01 [INFO]: Products Router mounted at: /products
yyyy-02-00 23:17:01 [INFO]: Auth Router mounted at: /login
yyyy-02-00 23:17:01 [INFO]: Routes Mounted... 

yyyy-02-00 23:17:01 [INFO]: Server is running at http://localhost:8000 with 3172156

yyyy-02-00 23:18:55 [INFO]: Loading App... 

yyyy-02-00 23:18:55 [INFO]: MongoDB connected 

yyyy-02-00 23:18:55 [INFO]: Loading Middlewares...
yyyy-02-00 23:18:55 [INFO]: All Middlewares Loaded...

yyyy-02-00 23:18:55 [INFO]: Mounting Routes...
yyyy-02-00 23:18:55 [INFO]: Products Router mounted at: /products
yyyy-02-00 23:18:55 [INFO]: Auth Router mounted at: /login
yyyy-02-00 23:18:55 [INFO]: Routes Mounted... 

yyyy-02-00 23:18:55 [INFO]: Server is running at http://localhost:8000 with 3172941

yyyy-02-00 23:19:01 [INFO]: Loading App... 

yyyy-02-00 23:19:01 [INFO]: MongoDB connected 

yyyy-02-00 23:19:01 [INFO]: Loading Middlewares...
yyyy-02-00 23:19:01 [INFO]: All Middlewares Loaded...

yyyy-02-00 23:19:01 [INFO]: Mounting Routes...
yyyy-02-00 23:19:01 [INFO]: Products Router mounted at: /products
yyyy-02-00 23:19:01 [INFO]: Auth Router mounted at: /login
yyyy-02-00 23:19:01 [INFO]: Routes Mounted... 

yyyy-02-00 23:19:01 [INFO]: Server is running at http://localhost:8000 with 3173041

yyyy-02-00 23:19:42 [INFO]: Loading App... 

yyyy-02-00 23:19:42 [INFO]: MongoDB connected 

yyyy-02-00 23:19:42 [INFO]: Loading Middlewares...
yyyy-02-00 23:19:42 [INFO]: All Middlewares Loaded...

yyyy-02-00 23:19:42 [INFO]: Mounting Routes...
yyyy-02-00 23:19:42 [INFO]: Products Router mounted at: /products
yyyy-02-00 23:19:42 [INFO]: Auth Router mounted at: /login
yyyy-02-00 23:19:42 [INFO]: Routes Mounted... 

yyyy-02-00 23:19:42 [INFO]: Server is running at http://localhost:8000 with 3173420

yyyy-02-00 23:19:47 [INFO]: Loading App... 

yyyy-02-00 23:19:47 [INFO]: MongoDB connected 

yyyy-02-00 23:19:47 [INFO]: Loading Middlewares...
yyyy-02-00 23:19:47 [INFO]: All Middlewares Loaded...

yyyy-02-00 23:19:47 [INFO]: Mounting Routes...
yyyy-02-00 23:19:47 [INFO]: Products Router mounted at: /products
yyyy-02-00 23:19:47 [INFO]: Auth Router mounted at: /login
yyyy-02-00 23:19:47 [INFO]: Routes Mounted... 

yyyy-02-00 23:19:47 [INFO]: Server is running at http://localhost:8000 with 3173518

yyyy-02-00 23:20:29 [INFO]: Loading App... 

yyyy-02-00 23:20:29 [INFO]: MongoDB connected 

yyyy-02-00 23:20:29 [INFO]: Loading Middlewares...
yyyy-02-00 23:20:29 [INFO]: All Middlewares Loaded...

yyyy-02-00 23:20:29 [INFO]: Mounting Routes...
yyyy-02-00 23:20:29 [INFO]: Products Router mounted at: /products
yyyy-02-00 23:20:29 [INFO]: Auth Router mounted at: /login
yyyy-02-00 23:20:29 [INFO]: Routes Mounted... 

yyyy-02-00 23:20:29 [INFO]: Server is running at http://localhost:8000 with 3173895

yyyy-02-00 23:20:31 [INFO]: Loading App... 

yyyy-02-00 23:20:31 [INFO]: MongoDB connected 

yyyy-02-00 23:20:31 [INFO]: Loading Middlewares...
yyyy-02-00 23:20:31 [INFO]: All Middlewares Loaded...

yyyy-02-00 23:20:31 [INFO]: Mounting Routes...
yyyy-02-00 23:20:31 [INFO]: Products Router mounted at: /products
yyyy-02-00 23:20:31 [INFO]: Auth Router mounted at: /login
yyyy-02-00 23:20:31 [INFO]: Routes Mounted... 

yyyy-02-00 23:20:31 [INFO]: Server is running at http://localhost:8000 with 3173984

yyyy-02-00 23:23:02 [INFO]: Loading App... 

yyyy-02-00 23:23:02 [INFO]: MongoDB connected 

yyyy-02-00 23:23:02 [INFO]: Loading Middlewares...
yyyy-02-00 23:23:02 [INFO]: All Middlewares Loaded...

yyyy-02-00 23:23:02 [INFO]: Mounting Routes...
yyyy-02-00 23:23:02 [INFO]: Products Router mounted at: /products
yyyy-02-00 23:23:02 [INFO]: Auth Router mounted at: /login
yyyy-02-00 23:23:02 [INFO]: Routes Mounted... 

yyyy-02-00 23:23:02 [INFO]: Server is running at http://localhost:8000 with 3175101

yyyy-02-00 23:23:04 [INFO]: Loading App... 

yyyy-02-00 23:23:04 [INFO]: MongoDB connected 

yyyy-02-00 23:23:04 [INFO]: Loading Middlewares...
yyyy-02-00 23:23:04 [INFO]: All Middlewares Loaded...

yyyy-02-00 23:23:04 [INFO]: Mounting Routes...
yyyy-02-00 23:23:04 [INFO]: Products Router mounted at: /products
yyyy-02-00 23:23:04 [INFO]: Auth Router mounted at: /login
yyyy-02-00 23:23:04 [INFO]: Routes Mounted... 

yyyy-02-00 23:23:04 [INFO]: Server is running at http://localhost:8000 with 3175167

yyyy-02-00 23:23:06 [INFO]: Loading App... 

yyyy-02-00 23:23:06 [INFO]: MongoDB connected 

yyyy-02-00 23:23:06 [INFO]: Loading Middlewares...
yyyy-02-00 23:23:06 [INFO]: All Middlewares Loaded...

yyyy-02-00 23:23:06 [INFO]: Mounting Routes...
yyyy-02-00 23:23:06 [INFO]: Products Router mounted at: /products
yyyy-02-00 23:23:06 [INFO]: Auth Router mounted at: /login
yyyy-02-00 23:23:06 [INFO]: Routes Mounted... 

yyyy-02-00 23:23:06 [INFO]: Server is running at http://localhost:8000 with 3175207

yyyy-02-00 23:23:08 [INFO]: Loading App... 

yyyy-02-00 23:23:08 [INFO]: MongoDB connected 

yyyy-02-00 23:23:08 [INFO]: Loading Middlewares...
yyyy-02-00 23:23:08 [INFO]: All Middlewares Loaded...

yyyy-02-00 23:23:08 [INFO]: Mounting Routes...
yyyy-02-00 23:23:08 [INFO]: Products Router mounted at: /products
yyyy-02-00 23:23:08 [INFO]: Auth Router mounted at: /login
yyyy-02-00 23:23:08 [INFO]: Routes Mounted... 

yyyy-02-00 23:23:08 [INFO]: Server is running at http://localhost:8000 with 3175249

yyyy-02-00 23:23:18 [INFO]: Loading App... 

yyyy-02-00 23:23:18 [INFO]: MongoDB connected 

yyyy-02-00 23:23:18 [INFO]: Loading Middlewares...
yyyy-02-00 23:23:18 [INFO]: All Middlewares Loaded...

yyyy-02-00 23:23:18 [INFO]: Mounting Routes...
yyyy-02-00 23:23:18 [INFO]: Products Router mounted at: /products
yyyy-02-00 23:23:18 [INFO]: Auth Router mounted at: /login
yyyy-02-00 23:23:18 [INFO]: Routes Mounted... 

yyyy-02-00 23:23:18 [INFO]: Server is running at http://localhost:8000 with 3175410

yyyy-02-00 23:23:27 [INFO]: Loading App... 

yyyy-02-00 23:23:27 [INFO]: MongoDB connected 

yyyy-02-00 23:23:27 [INFO]: Loading Middlewares...
yyyy-02-00 23:23:27 [INFO]: All Middlewares Loaded...

yyyy-02-00 23:23:27 [INFO]: Mounting Routes...
yyyy-02-00 23:23:27 [INFO]: Products Router mounted at: /products
yyyy-02-00 23:23:27 [INFO]: Auth Router mounted at: /login
yyyy-02-00 23:23:27 [INFO]: Routes Mounted... 

yyyy-02-00 23:23:27 [INFO]: Server is running at http://localhost:8000 with 3175537

yyyy-02-00 23:23:31 [INFO]: Loading App... 

yyyy-02-00 23:23:31 [INFO]: MongoDB connected 

yyyy-02-00 23:23:31 [INFO]: Loading Middlewares...
yyyy-02-00 23:23:31 [INFO]: All Middlewares Loaded...

yyyy-02-00 23:23:31 [INFO]: Mounting Routes...
yyyy-02-00 23:23:31 [INFO]: Products Router mounted at: /products
yyyy-02-00 23:23:31 [INFO]: Auth Router mounted at: /login
yyyy-02-00 23:23:31 [INFO]: Routes Mounted... 

yyyy-02-00 23:23:31 [INFO]: Server is running at http://localhost:8000 with 3175628

yyyy-02-00 23:23:34 [INFO]: Loading App... 

yyyy-02-00 23:23:34 [INFO]: MongoDB connected 

yyyy-02-00 23:23:34 [INFO]: Loading Middlewares...
yyyy-02-00 23:23:34 [INFO]: All Middlewares Loaded...

yyyy-02-00 23:23:34 [INFO]: Mounting Routes...
yyyy-02-00 23:23:34 [INFO]: Products Router mounted at: /products
yyyy-02-00 23:23:34 [INFO]: Auth Router mounted at: /login
yyyy-02-00 23:23:34 [INFO]: Routes Mounted... 

yyyy-02-00 23:23:34 [INFO]: Server is running at http://localhost:8000 with 3175658

yyyy-02-00 23:23:41 [INFO]: Loading App... 

yyyy-02-00 23:23:41 [INFO]: MongoDB connected 

yyyy-02-00 23:23:41 [INFO]: Loading Middlewares...
yyyy-02-00 23:23:41 [INFO]: All Middlewares Loaded...

yyyy-02-00 23:23:41 [INFO]: Mounting Routes...
yyyy-02-00 23:23:41 [INFO]: Products Router mounted at: /products
yyyy-02-00 23:23:41 [INFO]: Auth Router mounted at: /login
yyyy-02-00 23:23:41 [INFO]: Routes Mounted... 

yyyy-02-00 23:23:41 [INFO]: Server is running at http://localhost:8000 with 3175811

yyyy-02-00 23:24:01 [INFO]: Loading App... 

yyyy-02-00 23:24:01 [INFO]: MongoDB connected 

yyyy-02-00 23:24:01 [INFO]: Loading Middlewares...
yyyy-02-00 23:24:01 [INFO]: All Middlewares Loaded...

yyyy-02-00 23:24:01 [INFO]: Mounting Routes...
yyyy-02-00 23:24:01 [INFO]: Products Router mounted at: /products
yyyy-02-00 23:24:01 [INFO]: Auth Router mounted at: /login
yyyy-02-00 23:24:01 [INFO]: Routes Mounted... 

yyyy-02-00 23:24:01 [INFO]: Server is running at http://localhost:8000 with 3176048

yyyy-02-00 23:24:02 [INFO]: Loading App... 

yyyy-02-00 23:24:02 [INFO]: MongoDB connected 

yyyy-02-00 23:24:02 [INFO]: Loading Middlewares...
yyyy-02-00 23:24:02 [INFO]: All Middlewares Loaded...

yyyy-02-00 23:24:02 [INFO]: Mounting Routes...
yyyy-02-00 23:24:02 [INFO]: Products Router mounted at: /products
yyyy-02-00 23:24:02 [INFO]: Auth Router mounted at: /login
yyyy-02-00 23:24:02 [INFO]: Routes Mounted... 

yyyy-02-00 23:24:02 [INFO]: Server is running at http://localhost:8000 with 3176071

yyyy-02-00 23:24:10 [INFO]: Loading App... 

yyyy-02-00 23:24:10 [INFO]: MongoDB connected 

yyyy-02-00 23:24:10 [INFO]: Loading Middlewares...
yyyy-02-00 23:24:10 [INFO]: All Middlewares Loaded...

yyyy-02-00 23:24:10 [INFO]: Mounting Routes...
yyyy-02-00 23:24:10 [INFO]: Products Router mounted at: /products
yyyy-02-00 23:24:10 [INFO]: Auth Router mounted at: /login
yyyy-02-00 23:24:10 [INFO]: Routes Mounted... 

yyyy-02-00 23:24:10 [INFO]: Server is running at http://localhost:8000 with 3176199

yyyy-02-00 23:24:12 [INFO]: Loading App... 

yyyy-02-00 23:24:12 [INFO]: MongoDB connected 

yyyy-02-00 23:24:12 [INFO]: Loading Middlewares...
yyyy-02-00 23:24:12 [INFO]: All Middlewares Loaded...

yyyy-02-00 23:24:12 [INFO]: Mounting Routes...
yyyy-02-00 23:24:12 [INFO]: Products Router mounted at: /products
yyyy-02-00 23:24:12 [INFO]: Auth Router mounted at: /login
yyyy-02-00 23:24:12 [INFO]: Routes Mounted... 

yyyy-02-00 23:24:12 [INFO]: Server is running at http://localhost:8000 with 3176230

yyyy-02-00 23:24:18 [INFO]: Loading App... 

yyyy-02-00 23:24:18 [INFO]: MongoDB connected 

yyyy-02-00 23:24:18 [INFO]: Loading Middlewares...
yyyy-02-00 23:24:18 [INFO]: All Middlewares Loaded...

yyyy-02-00 23:24:18 [INFO]: Mounting Routes...
yyyy-02-00 23:24:18 [INFO]: Products Router mounted at: /products
yyyy-02-00 23:24:18 [INFO]: Auth Router mounted at: /login
yyyy-02-00 23:24:18 [INFO]: Routes Mounted... 

yyyy-02-00 23:24:18 [INFO]: Server is running at http://localhost:8000 with 3176369

yyyy-02-00 23:24:20 [INFO]: Loading App... 

yyyy-02-00 23:24:20 [INFO]: MongoDB connected 

yyyy-02-00 23:24:20 [INFO]: Loading Middlewares...
yyyy-02-00 23:24:20 [INFO]: All Middlewares Loaded...

yyyy-02-00 23:24:20 [INFO]: Mounting Routes...
yyyy-02-00 23:24:20 [INFO]: Products Router mounted at: /products
yyyy-02-00 23:24:20 [INFO]: Auth Router mounted at: /login
yyyy-02-00 23:24:20 [INFO]: Routes Mounted... 

yyyy-02-00 23:24:20 [INFO]: Server is running at http://localhost:8000 with 3176399

yyyy-02-00 23:24:22 [INFO]: Loading App... 

yyyy-02-00 23:24:22 [INFO]: MongoDB connected 

yyyy-02-00 23:24:22 [INFO]: Loading Middlewares...
yyyy-02-00 23:24:22 [INFO]: All Middlewares Loaded...

yyyy-02-00 23:24:22 [INFO]: Mounting Routes...
yyyy-02-00 23:24:22 [INFO]: Products Router mounted at: /products
yyyy-02-00 23:24:22 [INFO]: Auth Router mounted at: /login
yyyy-02-00 23:24:22 [INFO]: Routes Mounted... 

yyyy-02-00 23:24:22 [INFO]: Server is running at http://localhost:8000 with 3176427

yyyy-02-00 23:24:23 [INFO]: Loading App... 

yyyy-02-00 23:24:23 [INFO]: MongoDB connected 

yyyy-02-00 23:24:23 [INFO]: Loading Middlewares...
yyyy-02-00 23:24:23 [INFO]: All Middlewares Loaded...

yyyy-02-00 23:24:23 [INFO]: Mounting Routes...
yyyy-02-00 23:24:23 [INFO]: Products Router mounted at: /products
yyyy-02-00 23:24:23 [INFO]: Auth Router mounted at: /login
yyyy-02-00 23:24:23 [INFO]: Routes Mounted... 

yyyy-02-00 23:24:23 [INFO]: Server is running at http://localhost:8000 with 3176489

yyyy-02-00 23:25:10 [INFO]: Loading App... 

yyyy-02-00 23:25:10 [INFO]: MongoDB connected 

yyyy-02-00 23:25:10 [INFO]: Loading Middlewares...
yyyy-02-00 23:25:10 [INFO]: All Middlewares Loaded...

yyyy-02-00 23:25:10 [INFO]: Mounting Routes...
yyyy-02-00 23:25:10 [INFO]: Products Router mounted at: /products
yyyy-02-00 23:25:10 [INFO]: Auth Router mounted at: /login
yyyy-02-00 23:25:10 [INFO]: Routes Mounted... 

yyyy-02-00 23:25:10 [INFO]: Server is running at http://localhost:8000 with 3176862

yyyy-02-00 23:25:23 [INFO]: Loading App... 

yyyy-02-00 23:25:23 [INFO]: MongoDB connected 

yyyy-02-00 23:25:23 [INFO]: Loading Middlewares...
yyyy-02-00 23:25:23 [INFO]: All Middlewares Loaded...

yyyy-02-00 23:25:23 [INFO]: Mounting Routes...
yyyy-02-00 23:25:23 [INFO]: Products Router mounted at: /products
yyyy-02-00 23:25:23 [INFO]: Auth Router mounted at: /login
yyyy-02-00 23:25:23 [INFO]: Routes Mounted... 

yyyy-02-00 23:25:23 [INFO]: Server is running at http://localhost:8000 with 3177018

yyyy-02-00 23:25:24 [INFO]: Loading App... 

yyyy-02-00 23:25:24 [INFO]: MongoDB connected 

yyyy-02-00 23:25:24 [INFO]: Loading Middlewares...
yyyy-02-00 23:25:24 [INFO]: All Middlewares Loaded...

yyyy-02-00 23:25:24 [INFO]: Mounting Routes...
yyyy-02-00 23:25:24 [INFO]: Products Router mounted at: /products
yyyy-02-00 23:25:24 [INFO]: Auth Router mounted at: /login
yyyy-02-00 23:25:24 [INFO]: Routes Mounted... 

yyyy-02-00 23:25:24 [INFO]: Server is running at http://localhost:8000 with 3177061

yyyy-02-00 23:25:28 [INFO]: Loading App... 

yyyy-02-00 23:25:28 [INFO]: MongoDB connected 

yyyy-02-00 23:25:28 [INFO]: Loading Middlewares...
yyyy-02-00 23:25:28 [INFO]: All Middlewares Loaded...

yyyy-02-00 23:25:28 [INFO]: Mounting Routes...
yyyy-02-00 23:25:28 [INFO]: Products Router mounted at: /products
yyyy-02-00 23:25:28 [INFO]: Auth Router mounted at: /login
yyyy-02-00 23:25:28 [INFO]: Routes Mounted... 

yyyy-02-00 23:25:28 [INFO]: Server is running at http://localhost:8000 with 3177139

yyyy-02-00 23:25:31 [INFO]: Loading App... 

yyyy-02-00 23:25:31 [INFO]: MongoDB connected 

yyyy-02-00 23:25:31 [INFO]: Loading Middlewares...
yyyy-02-00 23:25:31 [INFO]: All Middlewares Loaded...

yyyy-02-00 23:25:31 [INFO]: Mounting Routes...
yyyy-02-00 23:25:31 [INFO]: Products Router mounted at: /products
yyyy-02-00 23:25:31 [INFO]: Auth Router mounted at: /login
yyyy-02-00 23:25:31 [INFO]: Routes Mounted... 

yyyy-02-00 23:25:31 [INFO]: Server is running at http://localhost:8000 with 3177213

yyyy-02-00 23:25:35 [INFO]: Loading App... 

yyyy-02-00 23:25:35 [INFO]: MongoDB connected 

yyyy-02-00 23:25:35 [INFO]: Loading Middlewares...
yyyy-02-00 23:25:35 [INFO]: All Middlewares Loaded...

yyyy-02-00 23:25:35 [INFO]: Mounting Routes...
yyyy-02-00 23:25:35 [INFO]: Products Router mounted at: /products
yyyy-02-00 23:25:35 [INFO]: Auth Router mounted at: /login
yyyy-02-00 23:25:35 [INFO]: Routes Mounted... 

yyyy-02-00 23:25:35 [INFO]: Server is running at http://localhost:8000 with 3177301

yyyy-02-00 23:25:38 [INFO]: Loading App... 

yyyy-02-00 23:25:38 [INFO]: MongoDB connected 

yyyy-02-00 23:25:38 [INFO]: Loading Middlewares...
yyyy-02-00 23:25:38 [INFO]: All Middlewares Loaded...

yyyy-02-00 23:25:38 [INFO]: Mounting Routes...
yyyy-02-00 23:25:38 [INFO]: Products Router mounted at: /products
yyyy-02-00 23:25:38 [INFO]: Auth Router mounted at: /login
yyyy-02-00 23:25:38 [INFO]: Routes Mounted... 

yyyy-02-00 23:25:38 [INFO]: Server is running at http://localhost:8000 with 3177342

yyyy-02-00 23:26:00 [INFO]: Loading App... 

yyyy-02-00 23:26:00 [INFO]: MongoDB connected 

yyyy-02-00 23:26:00 [INFO]: Loading Middlewares...
yyyy-02-00 23:26:00 [INFO]: All Middlewares Loaded...

yyyy-02-00 23:26:00 [INFO]: Mounting Routes...
yyyy-02-00 23:26:00 [INFO]: Products Router mounted at: /products
yyyy-02-00 23:26:00 [INFO]: Auth Router mounted at: /login
yyyy-02-00 23:26:00 [INFO]: Routes Mounted... 

yyyy-02-00 23:26:00 [INFO]: Server is running at http://localhost:8000 with 3177599

yyyy-02-00 23:29:36 [INFO]: Loading App... 

yyyy-02-00 23:29:36 [INFO]: MongoDB connected 

yyyy-02-00 23:29:36 [INFO]: Loading Middlewares...
yyyy-02-00 23:29:36 [INFO]: All Middlewares Loaded...

yyyy-02-00 23:29:36 [INFO]: Mounting Routes...
yyyy-02-00 23:29:36 [INFO]: Products Router mounted at: /products
yyyy-02-00 23:29:36 [INFO]: Auth Router mounted at: /login
yyyy-02-00 23:29:36 [INFO]: Routes Mounted... 

yyyy-02-00 23:29:36 [INFO]: Server is running at http://localhost:8000 with 3178959

yyyy-02-00 23:29:39 [INFO]: Loading App... 

yyyy-02-00 23:29:39 [INFO]: MongoDB connected 

yyyy-02-00 23:29:39 [INFO]: Loading Middlewares...
yyyy-02-00 23:29:39 [INFO]: All Middlewares Loaded...

yyyy-02-00 23:29:39 [INFO]: Mounting Routes...
yyyy-02-00 23:29:39 [INFO]: Products Router mounted at: /products
yyyy-02-00 23:29:39 [INFO]: Auth Router mounted at: /login
yyyy-02-00 23:29:39 [INFO]: Routes Mounted... 

yyyy-02-00 23:29:39 [INFO]: Server is running at http://localhost:8000 with 3179039

yyyy-02-00 23:29:41 [INFO]: Loading App... 

yyyy-02-00 23:29:41 [INFO]: MongoDB connected 

yyyy-02-00 23:29:41 [INFO]: Loading Middlewares...
yyyy-02-00 23:29:41 [INFO]: All Middlewares Loaded...

yyyy-02-00 23:29:41 [INFO]: Mounting Routes...
yyyy-02-00 23:29:41 [INFO]: Products Router mounted at: /products
yyyy-02-00 23:29:41 [INFO]: Auth Router mounted at: /login
yyyy-02-00 23:29:41 [INFO]: Routes Mounted... 

yyyy-02-00 23:29:41 [INFO]: Server is running at http://localhost:8000 with 3179080

yyyy-02-00 23:29:51 [INFO]: Loading App... 

yyyy-02-00 23:29:51 [INFO]: MongoDB connected 

yyyy-02-00 23:29:51 [INFO]: Loading Middlewares...
yyyy-02-00 23:29:51 [INFO]: All Middlewares Loaded...

yyyy-02-00 23:29:51 [INFO]: Mounting Routes...
yyyy-02-00 23:29:51 [INFO]: Products Router mounted at: /products
yyyy-02-00 23:29:51 [INFO]: Auth Router mounted at: /login
yyyy-02-00 23:29:51 [INFO]: Routes Mounted... 

yyyy-02-00 23:29:51 [INFO]: Server is running at http://localhost:8000 with 3179234

yyyy-02-00 23:30:05 [INFO]: Loading App... 

yyyy-02-00 23:30:06 [INFO]: MongoDB connected 

yyyy-02-00 23:30:06 [INFO]: Loading Middlewares...
yyyy-02-00 23:30:06 [INFO]: All Middlewares Loaded...

yyyy-02-00 23:30:06 [INFO]: Mounting Routes...
yyyy-02-00 23:30:06 [INFO]: Products Router mounted at: /products
yyyy-02-00 23:30:06 [INFO]: Auth Router mounted at: /login
yyyy-02-00 23:30:06 [INFO]: Routes Mounted... 

yyyy-02-00 23:30:06 [INFO]: Server is running at http://localhost:8000 with 3179441

yyyy-02-00 23:30:09 [INFO]: Loading App... 

yyyy-02-00 23:30:09 [INFO]: MongoDB connected 

yyyy-02-00 23:30:09 [INFO]: Loading Middlewares...
yyyy-02-00 23:30:09 [INFO]: All Middlewares Loaded...

yyyy-02-00 23:30:09 [INFO]: Mounting Routes...
yyyy-02-00 23:30:09 [INFO]: Products Router mounted at: /products
yyyy-02-00 23:30:09 [INFO]: Auth Router mounted at: /login
yyyy-02-00 23:30:09 [INFO]: Routes Mounted... 

yyyy-02-00 23:30:09 [INFO]: Server is running at http://localhost:8000 with 3179515

yyyy-02-00 23:33:03 [INFO]: Loading App... 

yyyy-02-00 23:33:03 [INFO]: MongoDB connected 

yyyy-02-00 23:33:03 [INFO]: Loading Middlewares...
yyyy-02-00 23:33:03 [INFO]: All Middlewares Loaded...

yyyy-02-00 23:33:03 [INFO]: Mounting Routes...
yyyy-02-00 23:33:03 [INFO]: Products Router mounted at: /products
yyyy-02-00 23:33:03 [INFO]: Auth Router mounted at: /login
yyyy-02-00 23:33:03 [INFO]: Routes Mounted... 

yyyy-02-00 23:33:03 [INFO]: Server is running at http://localhost:8000 with 3180637

yyyy-02-00 23:33:05 [INFO]: Loading App... 

yyyy-02-00 23:33:05 [INFO]: MongoDB connected 

yyyy-02-00 23:33:05 [INFO]: Loading Middlewares...
yyyy-02-00 23:33:05 [INFO]: All Middlewares Loaded...

yyyy-02-00 23:33:05 [INFO]: Mounting Routes...
yyyy-02-00 23:33:05 [INFO]: Products Router mounted at: /products
yyyy-02-00 23:33:05 [INFO]: Auth Router mounted at: /login
yyyy-02-00 23:33:05 [INFO]: Routes Mounted... 

yyyy-02-00 23:33:05 [INFO]: Server is running at http://localhost:8000 with 3180703

yyyy-02-00 23:35:14 [INFO]: Loading App... 

yyyy-02-00 23:35:14 [INFO]: MongoDB connected 

yyyy-02-00 23:35:14 [INFO]: Loading Middlewares...
yyyy-02-00 23:35:14 [INFO]: All Middlewares Loaded...

yyyy-02-00 23:35:14 [INFO]: Mounting Routes...
yyyy-02-00 23:35:14 [INFO]: Products Router mounted at: /products
yyyy-02-00 23:35:14 [INFO]: Auth Router mounted at: /login
yyyy-02-00 23:35:14 [INFO]: Routes Mounted... 

yyyy-02-00 23:35:14 [INFO]: Server is running at http://localhost:8000 with 3181549

yyyy-02-00 23:35:21 [INFO]: Loading App... 

yyyy-02-00 23:35:21 [INFO]: MongoDB connected 

yyyy-02-00 23:35:21 [INFO]: Loading Middlewares...
yyyy-02-00 23:35:21 [INFO]: All Middlewares Loaded...

yyyy-02-00 23:35:21 [INFO]: Mounting Routes...
yyyy-02-00 23:35:21 [INFO]: Products Router mounted at: /products
yyyy-02-00 23:35:21 [INFO]: Auth Router mounted at: /login
yyyy-02-00 23:35:21 [INFO]: Routes Mounted... 

yyyy-02-00 23:35:21 [INFO]: Server is running at http://localhost:8000 with 3181709

yyyy-02-00 23:35:24 [INFO]: Loading App... 

yyyy-02-00 23:35:25 [INFO]: MongoDB connected 

yyyy-02-00 23:35:25 [INFO]: Loading Middlewares...
yyyy-02-00 23:35:25 [INFO]: All Middlewares Loaded...

yyyy-02-00 23:35:25 [INFO]: Mounting Routes...
yyyy-02-00 23:35:25 [INFO]: Products Router mounted at: /products
yyyy-02-00 23:35:25 [INFO]: Auth Router mounted at: /login
yyyy-02-00 23:35:25 [INFO]: Routes Mounted... 

yyyy-02-00 23:35:25 [INFO]: Server is running at http://localhost:8000 with 3181760

yyyy-02-00 23:35:28 [INFO]: Loading App... 

yyyy-02-00 23:35:28 [INFO]: MongoDB connected 

yyyy-02-00 23:35:28 [INFO]: Loading Middlewares...
yyyy-02-00 23:35:28 [INFO]: All Middlewares Loaded...

yyyy-02-00 23:35:28 [INFO]: Mounting Routes...
yyyy-02-00 23:35:28 [INFO]: Products Router mounted at: /products
yyyy-02-00 23:35:28 [INFO]: Auth Router mounted at: /login
yyyy-02-00 23:35:28 [INFO]: Routes Mounted... 

yyyy-02-00 23:35:28 [INFO]: Server is running at http://localhost:8000 with 3181849

yyyy-02-00 23:35:33 [INFO]: Loading App... 

yyyy-02-00 23:35:33 [INFO]: MongoDB connected 

yyyy-02-00 23:35:33 [INFO]: Loading Middlewares...
yyyy-02-00 23:35:33 [INFO]: All Middlewares Loaded...

yyyy-02-00 23:35:33 [INFO]: Mounting Routes...
yyyy-02-00 23:35:33 [INFO]: Products Router mounted at: /products
yyyy-02-00 23:35:33 [INFO]: Auth Router mounted at: /login
yyyy-02-00 23:35:33 [INFO]: Routes Mounted... 

yyyy-02-00 23:35:33 [INFO]: Server is running at http://localhost:8000 with 3181942

yyyy-02-00 23:35:36 [INFO]: Loading App... 

yyyy-02-00 23:35:36 [INFO]: MongoDB connected 

yyyy-02-00 23:35:36 [INFO]: Loading Middlewares...
yyyy-02-00 23:35:36 [INFO]: All Middlewares Loaded...

yyyy-02-00 23:35:36 [INFO]: Mounting Routes...
yyyy-02-00 23:35:36 [INFO]: Products Router mounted at: /products
yyyy-02-00 23:35:36 [INFO]: Auth Router mounted at: /login
yyyy-02-00 23:35:36 [INFO]: Routes Mounted... 

yyyy-02-00 23:35:36 [INFO]: Server is running at http://localhost:8000 with 3182010

yyyy-02-00 23:35:49 [INFO]: Loading App... 

yyyy-02-00 23:35:49 [INFO]: MongoDB connected 

yyyy-02-00 23:35:49 [INFO]: Loading Middlewares...
yyyy-02-00 23:35:49 [INFO]: All Middlewares Loaded...

yyyy-02-00 23:35:49 [INFO]: Mounting Routes...
yyyy-02-00 23:35:49 [INFO]: Products Router mounted at: /products
yyyy-02-00 23:35:49 [INFO]: Auth Router mounted at: /login
yyyy-02-00 23:35:49 [INFO]: Routes Mounted... 

yyyy-02-00 23:35:49 [INFO]: Server is running at http://localhost:8000 with 3182237

yyyy-02-00 23:36:01 [INFO]: Loading App... 

yyyy-02-00 23:36:01 [INFO]: MongoDB connected 

yyyy-02-00 23:36:01 [INFO]: Loading Middlewares...
yyyy-02-00 23:36:01 [INFO]: All Middlewares Loaded...

yyyy-02-00 23:36:01 [INFO]: Mounting Routes...
yyyy-02-00 23:36:01 [INFO]: Products Router mounted at: /products
yyyy-02-00 23:36:01 [INFO]: Auth Router mounted at: /login
yyyy-02-00 23:36:01 [INFO]: Routes Mounted... 

yyyy-02-00 23:36:01 [INFO]: Server is running at http://localhost:8000 with 3182384

yyyy-02-00 23:36:09 [INFO]: Loading App... 

yyyy-02-00 23:36:09 [INFO]: MongoDB connected 

yyyy-02-00 23:36:09 [INFO]: Loading Middlewares...
yyyy-02-00 23:36:09 [INFO]: All Middlewares Loaded...

yyyy-02-00 23:36:09 [INFO]: Mounting Routes...
yyyy-02-00 23:36:09 [INFO]: Products Router mounted at: /products
yyyy-02-00 23:36:09 [INFO]: Auth Router mounted at: /login
yyyy-02-00 23:36:09 [INFO]: Routes Mounted... 

yyyy-02-00 23:36:09 [INFO]: Server is running at http://localhost:8000 with 3182505

yyyy-02-00 23:36:10 [INFO]: Loading App... 

yyyy-02-00 23:36:10 [INFO]: MongoDB connected 

yyyy-02-00 23:36:10 [INFO]: Loading Middlewares...
yyyy-02-00 23:36:10 [INFO]: All Middlewares Loaded...

yyyy-02-00 23:36:10 [INFO]: Mounting Routes...
yyyy-02-00 23:36:10 [INFO]: Products Router mounted at: /products
yyyy-02-00 23:36:10 [INFO]: Auth Router mounted at: /login
yyyy-02-00 23:36:10 [INFO]: Routes Mounted... 

yyyy-02-00 23:36:10 [INFO]: Server is running at http://localhost:8000 with 3182557

yyyy-02-00 23:36:18 [INFO]: Loading App... 

yyyy-02-00 23:36:18 [INFO]: MongoDB connected 

yyyy-02-00 23:36:18 [INFO]: Loading Middlewares...
yyyy-02-00 23:36:18 [INFO]: All Middlewares Loaded...

yyyy-02-00 23:36:18 [INFO]: Mounting Routes...
yyyy-02-00 23:36:18 [INFO]: Products Router mounted at: /products
yyyy-02-00 23:36:18 [INFO]: Auth Router mounted at: /login
yyyy-02-00 23:36:18 [INFO]: Routes Mounted... 

yyyy-02-00 23:36:18 [INFO]: Server is running at http://localhost:8000 with 3182663

yyyy-02-00 23:36:20 [INFO]: Loading App... 

yyyy-02-00 23:36:20 [INFO]: MongoDB connected 

yyyy-02-00 23:36:20 [INFO]: Loading Middlewares...
yyyy-02-00 23:36:20 [INFO]: All Middlewares Loaded...

yyyy-02-00 23:36:20 [INFO]: Mounting Routes...
yyyy-02-00 23:36:20 [INFO]: Products Router mounted at: /products
yyyy-02-00 23:36:20 [INFO]: Auth Router mounted at: /login
yyyy-02-00 23:36:20 [INFO]: Routes Mounted... 

yyyy-02-00 23:36:20 [INFO]: Server is running at http://localhost:8000 with 3182704

yyyy-02-00 23:36:21 [INFO]: Loading App... 

yyyy-02-00 23:36:21 [INFO]: MongoDB connected 

yyyy-02-00 23:36:21 [INFO]: Loading Middlewares...
yyyy-02-00 23:36:21 [INFO]: All Middlewares Loaded...

yyyy-02-00 23:36:21 [INFO]: Mounting Routes...
yyyy-02-00 23:36:21 [INFO]: Products Router mounted at: /products
yyyy-02-00 23:36:21 [INFO]: Auth Router mounted at: /login
yyyy-02-00 23:36:21 [INFO]: Routes Mounted... 

yyyy-02-00 23:36:21 [INFO]: Server is running at http://localhost:8000 with 3182765

yyyy-02-00 23:36:31 [INFO]: Loading App... 

yyyy-02-00 23:36:31 [INFO]: MongoDB connected 

yyyy-02-00 23:36:31 [INFO]: Loading Middlewares...
yyyy-02-00 23:36:31 [INFO]: All Middlewares Loaded...

yyyy-02-00 23:36:31 [INFO]: Mounting Routes...
yyyy-02-00 23:36:31 [INFO]: Products Router mounted at: /products
yyyy-02-00 23:36:31 [INFO]: Auth Router mounted at: /login
yyyy-02-00 23:36:31 [INFO]: Routes Mounted... 

yyyy-02-00 23:36:31 [INFO]: Server is running at http://localhost:8000 with 3182880

yyyy-02-00 23:36:33 [INFO]: Loading App... 

yyyy-02-00 23:36:33 [INFO]: MongoDB connected 

yyyy-02-00 23:36:33 [INFO]: Loading Middlewares...
yyyy-02-00 23:36:33 [INFO]: All Middlewares Loaded...

yyyy-02-00 23:36:33 [INFO]: Mounting Routes...
yyyy-02-00 23:36:33 [INFO]: Products Router mounted at: /products
yyyy-02-00 23:36:33 [INFO]: Auth Router mounted at: /login
yyyy-02-00 23:36:33 [INFO]: Routes Mounted... 

yyyy-02-00 23:36:33 [INFO]: Server is running at http://localhost:8000 with 3182956

yyyy-02-00 23:36:44 [INFO]: Loading App... 

yyyy-02-00 23:36:44 [INFO]: MongoDB connected 

yyyy-02-00 23:36:44 [INFO]: Loading Middlewares...
yyyy-02-00 23:36:44 [INFO]: All Middlewares Loaded...

yyyy-02-00 23:36:44 [INFO]: Mounting Routes...
yyyy-02-00 23:36:44 [INFO]: Products Router mounted at: /products
yyyy-02-00 23:36:44 [INFO]: Auth Router mounted at: /login
yyyy-02-00 23:36:44 [INFO]: Routes Mounted... 

yyyy-02-00 23:36:44 [INFO]: Server is running at http://localhost:8000 with 3183101

yyyy-02-00 23:36:52 [INFO]: Loading App... 

yyyy-02-00 23:36:52 [INFO]: MongoDB connected 

yyyy-02-00 23:36:52 [INFO]: Loading Middlewares...
yyyy-02-00 23:36:52 [INFO]: All Middlewares Loaded...

yyyy-02-00 23:36:52 [INFO]: Mounting Routes...
yyyy-02-00 23:36:52 [INFO]: Products Router mounted at: /products
yyyy-02-00 23:36:52 [INFO]: Auth Router mounted at: /login
yyyy-02-00 23:36:52 [INFO]: Routes Mounted... 

yyyy-02-00 23:36:52 [INFO]: Server is running at http://localhost:8000 with 3183237

yyyy-02-00 23:36:56 [INFO]: Loading App... 

yyyy-02-00 23:36:56 [INFO]: MongoDB connected 

yyyy-02-00 23:36:56 [INFO]: Loading Middlewares...
yyyy-02-00 23:36:56 [INFO]: All Middlewares Loaded...

yyyy-02-00 23:36:56 [INFO]: Mounting Routes...
yyyy-02-00 23:36:56 [INFO]: Products Router mounted at: /products
yyyy-02-00 23:36:56 [INFO]: Auth Router mounted at: /login
yyyy-02-00 23:36:56 [INFO]: Routes Mounted... 

yyyy-02-00 23:36:56 [INFO]: Server is running at http://localhost:8000 with 3183315

yyyy-02-00 23:37:00 [INFO]: Loading App... 

yyyy-02-00 23:37:00 [INFO]: MongoDB connected 

yyyy-02-00 23:37:00 [INFO]: Loading Middlewares...
yyyy-02-00 23:37:00 [INFO]: All Middlewares Loaded...

yyyy-02-00 23:37:00 [INFO]: Mounting Routes...
yyyy-02-00 23:37:00 [INFO]: Products Router mounted at: /products
yyyy-02-00 23:37:00 [INFO]: Auth Router mounted at: /login
yyyy-02-00 23:37:00 [INFO]: Routes Mounted... 

yyyy-02-00 23:37:00 [INFO]: Server is running at http://localhost:8000 with 3183390

yyyy-02-00 23:37:13 [INFO]: Loading App... 

yyyy-02-00 23:37:13 [INFO]: MongoDB connected 

yyyy-02-00 23:37:13 [INFO]: Loading Middlewares...
yyyy-02-00 23:37:13 [INFO]: All Middlewares Loaded...

yyyy-02-00 23:37:13 [INFO]: Mounting Routes...
yyyy-02-00 23:37:13 [INFO]: Products Router mounted at: /products
yyyy-02-00 23:37:13 [INFO]: Auth Router mounted at: /login
yyyy-02-00 23:37:13 [INFO]: Routes Mounted... 

yyyy-02-00 23:37:13 [INFO]: Server is running at http://localhost:8000 with 3183549

yyyy-02-00 23:39:10 [INFO]: Loading App... 

yyyy-02-00 23:39:10 [INFO]: MongoDB connected 

yyyy-02-00 23:39:10 [INFO]: Loading Middlewares...
yyyy-02-00 23:39:10 [INFO]: All Middlewares Loaded...

yyyy-02-00 23:39:10 [INFO]: Mounting Routes...
yyyy-02-00 23:39:10 [INFO]: Products Router mounted at: /products
yyyy-02-00 23:39:10 [INFO]: Auth Router mounted at: /login
yyyy-02-00 23:39:10 [INFO]: Routes Mounted... 

yyyy-02-00 23:39:10 [INFO]: Server is running at http://localhost:8000 with 3184421

yyyy-02-00 23:39:12 [INFO]: Loading App... 

yyyy-02-00 23:39:12 [INFO]: MongoDB connected 

yyyy-02-00 23:39:12 [INFO]: Loading Middlewares...
yyyy-02-00 23:39:12 [INFO]: All Middlewares Loaded...

yyyy-02-00 23:39:12 [INFO]: Mounting Routes...
yyyy-02-00 23:39:12 [INFO]: Products Router mounted at: /products
yyyy-02-00 23:39:12 [INFO]: Auth Router mounted at: /login
yyyy-02-00 23:39:12 [INFO]: Routes Mounted... 

yyyy-02-00 23:39:12 [INFO]: Server is running at http://localhost:8000 with 3184488

yyyy-02-00 23:39:14 [INFO]: Loading App... 

yyyy-02-00 23:39:14 [INFO]: MongoDB connected 

yyyy-02-00 23:39:14 [INFO]: Loading Middlewares...
yyyy-02-00 23:39:14 [INFO]: All Middlewares Loaded...

yyyy-02-00 23:39:14 [INFO]: Mounting Routes...
yyyy-02-00 23:39:14 [INFO]: Products Router mounted at: /products
yyyy-02-00 23:39:14 [INFO]: Auth Router mounted at: /login
yyyy-02-00 23:39:14 [INFO]: Routes Mounted... 

yyyy-02-00 23:39:14 [INFO]: Server is running at http://localhost:8000 with 3184526

yyyy-02-00 23:41:34 [INFO]: Loading App... 

yyyy-02-00 23:41:34 [INFO]: MongoDB connected 

yyyy-02-00 23:41:34 [INFO]: Loading Middlewares...
yyyy-02-00 23:41:34 [INFO]: All Middlewares Loaded...

yyyy-02-00 23:41:34 [INFO]: Mounting Routes...
yyyy-02-00 23:41:34 [INFO]: Products Router mounted at: /products
yyyy-02-00 23:41:34 [INFO]: Auth Router mounted at: /login
yyyy-02-00 23:41:34 [INFO]: Routes Mounted... 

yyyy-02-00 23:41:34 [INFO]: Server is running at http://localhost:8000 with 3185533

yyyy-02-00 23:41:37 [INFO]: Loading App... 

yyyy-02-00 23:41:37 [INFO]: MongoDB connected 

yyyy-02-00 23:41:37 [INFO]: Loading Middlewares...
yyyy-02-00 23:41:37 [INFO]: All Middlewares Loaded...

yyyy-02-00 23:41:37 [INFO]: Mounting Routes...
yyyy-02-00 23:41:37 [INFO]: Products Router mounted at: /products
yyyy-02-00 23:41:37 [INFO]: Auth Router mounted at: /login
yyyy-02-00 23:41:37 [INFO]: Routes Mounted... 

yyyy-02-00 23:41:37 [INFO]: Server is running at http://localhost:8000 with 3185610

yyyy-02-00 23:41:43 [INFO]: Loading App... 

yyyy-02-00 23:41:43 [INFO]: MongoDB connected 

yyyy-02-00 23:41:43 [INFO]: Loading Middlewares...
yyyy-02-00 23:41:43 [INFO]: All Middlewares Loaded...

yyyy-02-00 23:41:43 [INFO]: Mounting Routes...
yyyy-02-00 23:41:43 [INFO]: Products Router mounted at: /products
yyyy-02-00 23:41:43 [INFO]: Auth Router mounted at: /login
yyyy-02-00 23:41:43 [INFO]: Routes Mounted... 

yyyy-02-00 23:41:43 [INFO]: Server is running at http://localhost:8000 with 3185709

yyyy-02-00 23:42:09 [INFO]: Loading App... 

yyyy-02-00 23:42:09 [INFO]: MongoDB connected 

yyyy-02-00 23:42:09 [INFO]: Loading Middlewares...
yyyy-02-00 23:42:09 [INFO]: All Middlewares Loaded...

yyyy-02-00 23:42:09 [INFO]: Mounting Routes...
yyyy-02-00 23:42:09 [INFO]: Products Router mounted at: /products
yyyy-02-00 23:42:09 [INFO]: Auth Router mounted at: /login
yyyy-02-00 23:42:09 [INFO]: Routes Mounted... 

yyyy-02-00 23:42:09 [INFO]: Server is running at http://localhost:8000 with 3185951

yyyy-02-00 23:42:39 [INFO]: Loading App... 

yyyy-02-00 23:42:39 [INFO]: MongoDB connected 

yyyy-02-00 23:42:39 [INFO]: Loading Middlewares...
yyyy-02-00 23:42:39 [INFO]: All Middlewares Loaded...

yyyy-02-00 23:42:39 [INFO]: Mounting Routes...
yyyy-02-00 23:42:39 [INFO]: Products Router mounted at: /products
yyyy-02-00 23:42:39 [INFO]: Auth Router mounted at: /login
yyyy-02-00 23:42:39 [INFO]: Routes Mounted... 

yyyy-02-00 23:42:39 [INFO]: Server is running at http://localhost:8000 with 3186217

yyyy-02-00 23:42:41 [INFO]: Loading App... 

yyyy-02-00 23:42:41 [INFO]: MongoDB connected 

yyyy-02-00 23:42:41 [INFO]: Loading Middlewares...
yyyy-02-00 23:42:41 [INFO]: All Middlewares Loaded...

yyyy-02-00 23:42:41 [INFO]: Mounting Routes...
yyyy-02-00 23:42:41 [INFO]: Products Router mounted at: /products
yyyy-02-00 23:42:41 [INFO]: Auth Router mounted at: /login
yyyy-02-00 23:42:41 [INFO]: Routes Mounted... 

yyyy-02-00 23:42:41 [INFO]: Server is running at http://localhost:8000 with 3186260

yyyy-02-00 23:42:45 [INFO]: Loading App... 

yyyy-02-00 23:42:45 [INFO]: MongoDB connected 

yyyy-02-00 23:42:45 [INFO]: Loading Middlewares...
yyyy-02-00 23:42:45 [INFO]: All Middlewares Loaded...

yyyy-02-00 23:42:45 [INFO]: Mounting Routes...
yyyy-02-00 23:42:45 [INFO]: Products Router mounted at: /products
yyyy-02-00 23:42:45 [INFO]: Auth Router mounted at: /login
yyyy-02-00 23:42:45 [INFO]: Routes Mounted... 

yyyy-02-00 23:42:45 [INFO]: Server is running at http://localhost:8000 with 3186336

yyyy-02-00 23:42:49 [INFO]: Loading App... 

yyyy-02-00 23:42:49 [INFO]: MongoDB connected 

yyyy-02-00 23:42:49 [INFO]: Loading Middlewares...
yyyy-02-00 23:42:49 [INFO]: All Middlewares Loaded...

yyyy-02-00 23:42:49 [INFO]: Mounting Routes...
yyyy-02-00 23:42:49 [INFO]: Products Router mounted at: /products
yyyy-02-00 23:42:49 [INFO]: Auth Router mounted at: /login
yyyy-02-00 23:42:49 [INFO]: Routes Mounted... 

yyyy-02-00 23:42:49 [INFO]: Server is running at http://localhost:8000 with 3186422

yyyy-02-00 23:42:52 [INFO]: Loading App... 

yyyy-02-00 23:42:52 [INFO]: MongoDB connected 

yyyy-02-00 23:42:52 [INFO]: Loading Middlewares...
yyyy-02-00 23:42:52 [INFO]: All Middlewares Loaded...

yyyy-02-00 23:42:52 [INFO]: Mounting Routes...
yyyy-02-00 23:42:52 [INFO]: Products Router mounted at: /products
yyyy-02-00 23:42:52 [INFO]: Auth Router mounted at: /login
yyyy-02-00 23:42:52 [INFO]: Routes Mounted... 

yyyy-02-00 23:42:52 [INFO]: Server is running at http://localhost:8000 with 3186475

yyyy-02-00 23:43:12 [INFO]: Loading App... 

yyyy-02-00 23:43:12 [INFO]: MongoDB connected 

yyyy-02-00 23:43:12 [INFO]: Loading Middlewares...
yyyy-02-00 23:43:12 [INFO]: All Middlewares Loaded...

yyyy-02-00 23:43:12 [INFO]: Mounting Routes...
yyyy-02-00 23:43:12 [INFO]: Products Router mounted at: /products
yyyy-02-00 23:43:12 [INFO]: Auth Router mounted at: /login
yyyy-02-00 23:43:12 [INFO]: Routes Mounted... 

yyyy-02-00 23:43:12 [INFO]: Server is running at http://localhost:8000 with 3186679

yyyy-02-00 23:43:16 [INFO]: Loading App... 

yyyy-02-00 23:43:16 [INFO]: MongoDB connected 

yyyy-02-00 23:43:16 [INFO]: Loading Middlewares...
yyyy-02-00 23:43:16 [INFO]: All Middlewares Loaded...

yyyy-02-00 23:43:16 [INFO]: Mounting Routes...
yyyy-02-00 23:43:16 [INFO]: Products Router mounted at: /products
yyyy-02-00 23:43:16 [INFO]: Auth Router mounted at: /login
yyyy-02-00 23:43:16 [INFO]: Routes Mounted... 

yyyy-02-00 23:43:16 [INFO]: Server is running at http://localhost:8000 with 3186767

yyyy-02-00 23:43:18 [INFO]: Loading App... 

yyyy-02-00 23:43:18 [INFO]: MongoDB connected 

yyyy-02-00 23:43:18 [INFO]: Loading Middlewares...
yyyy-02-00 23:43:18 [INFO]: All Middlewares Loaded...

yyyy-02-00 23:43:18 [INFO]: Mounting Routes...
yyyy-02-00 23:43:18 [INFO]: Products Router mounted at: /products
yyyy-02-00 23:43:18 [INFO]: Auth Router mounted at: /login
yyyy-02-00 23:43:18 [INFO]: Routes Mounted... 

yyyy-02-00 23:43:18 [INFO]: Server is running at http://localhost:8000 with 3186810

yyyy-02-00 23:43:37 [INFO]: Loading App... 

yyyy-02-00 23:43:37 [INFO]: MongoDB connected 

yyyy-02-00 23:43:37 [INFO]: Loading Middlewares...
yyyy-02-00 23:43:37 [INFO]: All Middlewares Loaded...

yyyy-02-00 23:43:37 [INFO]: Mounting Routes...
yyyy-02-00 23:43:37 [INFO]: Products Router mounted at: /products
yyyy-02-00 23:43:37 [INFO]: Auth Router mounted at: /login
yyyy-02-00 23:43:37 [INFO]: Routes Mounted... 

yyyy-02-00 23:43:37 [INFO]: Server is running at http://localhost:8000 with 3187030

yyyy-02-00 23:43:53 [INFO]: Loading App... 

yyyy-02-00 23:43:53 [INFO]: MongoDB connected 

yyyy-02-00 23:43:53 [INFO]: Loading Middlewares...
yyyy-02-00 23:43:53 [INFO]: All Middlewares Loaded...

yyyy-02-00 23:43:53 [INFO]: Mounting Routes...
yyyy-02-00 23:43:53 [INFO]: Products Router mounted at: /products
yyyy-02-00 23:43:53 [INFO]: Auth Router mounted at: /login
yyyy-02-00 23:43:53 [INFO]: Routes Mounted... 

yyyy-02-00 23:43:53 [INFO]: Server is running at http://localhost:8000 with 3187223

yyyy-02-00 23:43:55 [INFO]: Loading App... 

yyyy-02-00 23:43:55 [INFO]: MongoDB connected 

yyyy-02-00 23:43:55 [INFO]: Loading Middlewares...
yyyy-02-00 23:43:55 [INFO]: All Middlewares Loaded...

yyyy-02-00 23:43:55 [INFO]: Mounting Routes...
yyyy-02-00 23:43:55 [INFO]: Products Router mounted at: /products
yyyy-02-00 23:43:55 [INFO]: Auth Router mounted at: /login
yyyy-02-00 23:43:55 [INFO]: Routes Mounted... 

yyyy-02-00 23:43:55 [INFO]: Server is running at http://localhost:8000 with 3187290

yyyy-02-00 23:43:59 [INFO]: Loading App... 

yyyy-02-00 23:43:59 [INFO]: MongoDB connected 

yyyy-02-00 23:43:59 [INFO]: Loading Middlewares...
yyyy-02-00 23:43:59 [INFO]: All Middlewares Loaded...

yyyy-02-00 23:43:59 [INFO]: Mounting Routes...
yyyy-02-00 23:43:59 [INFO]: Products Router mounted at: /products
yyyy-02-00 23:43:59 [INFO]: Auth Router mounted at: /login
yyyy-02-00 23:43:59 [INFO]: Routes Mounted... 

yyyy-02-00 23:43:59 [INFO]: Server is running at http://localhost:8000 with 3187355

yyyy-02-00 23:44:26 [INFO]: Loading App... 

yyyy-02-00 23:44:26 [INFO]: MongoDB connected 

yyyy-02-00 23:44:26 [INFO]: Loading Middlewares...
yyyy-02-00 23:44:26 [INFO]: All Middlewares Loaded...

yyyy-02-00 23:44:26 [INFO]: Mounting Routes...
yyyy-02-00 23:44:26 [INFO]: Products Router mounted at: /products
yyyy-02-00 23:44:26 [INFO]: Auth Router mounted at: /login
yyyy-02-00 23:44:26 [INFO]: Routes Mounted... 

yyyy-02-00 23:44:26 [INFO]: Server is running at http://localhost:8000 with 3187610

yyyy-02-00 23:44:29 [INFO]: Loading App... 

yyyy-02-00 23:44:29 [INFO]: MongoDB connected 

yyyy-02-00 23:44:29 [INFO]: Loading Middlewares...
yyyy-02-00 23:44:29 [INFO]: All Middlewares Loaded...

yyyy-02-00 23:44:29 [INFO]: Mounting Routes...
yyyy-02-00 23:44:29 [INFO]: Products Router mounted at: /products
yyyy-02-00 23:44:29 [INFO]: Auth Router mounted at: /login
yyyy-02-00 23:44:29 [INFO]: Routes Mounted... 

yyyy-02-00 23:44:29 [INFO]: Server is running at http://localhost:8000 with 3187699

yyyy-02-00 23:45:17 [INFO]: Loading App... 

yyyy-02-00 23:45:17 [INFO]: MongoDB connected 

yyyy-02-00 23:45:17 [INFO]: Loading Middlewares...
yyyy-02-00 23:45:17 [INFO]: All Middlewares Loaded...

yyyy-02-00 23:45:17 [INFO]: Mounting Routes...
yyyy-02-00 23:45:17 [INFO]: Products Router mounted at: /products
yyyy-02-00 23:45:17 [INFO]: Auth Router mounted at: /login
yyyy-02-00 23:45:17 [INFO]: Routes Mounted... 

yyyy-02-00 23:45:17 [INFO]: Server is running at http://localhost:8000 with 3188047

yyyy-02-00 23:45:18 [INFO]: Loading App... 

yyyy-02-00 23:45:18 [INFO]: MongoDB connected 

yyyy-02-00 23:45:18 [INFO]: Loading Middlewares...
yyyy-02-00 23:45:18 [INFO]: All Middlewares Loaded...

yyyy-02-00 23:45:18 [INFO]: Mounting Routes...
yyyy-02-00 23:45:18 [INFO]: Products Router mounted at: /products
yyyy-02-00 23:45:18 [INFO]: Auth Router mounted at: /login
yyyy-02-00 23:45:18 [INFO]: Routes Mounted... 

yyyy-02-00 23:45:18 [INFO]: Server is running at http://localhost:8000 with 3188090

yyyy-02-00 23:46:38 [INFO]: Loading App... 

yyyy-02-00 23:46:38 [INFO]: MongoDB connected 

yyyy-02-00 23:46:38 [INFO]: Loading Middlewares...
yyyy-02-00 23:46:38 [INFO]: All Middlewares Loaded...

yyyy-02-00 23:46:38 [INFO]: Mounting Routes...
yyyy-02-00 23:46:38 [INFO]: Products Router mounted at: /products
yyyy-02-00 23:46:38 [INFO]: Auth Router mounted at: /login
yyyy-02-00 23:46:38 [INFO]: Routes Mounted... 

yyyy-02-00 23:46:38 [INFO]: Server is running at http://localhost:8000 with 3188676

yyyy-02-00 23:46:39 [INFO]: Loading App... 

yyyy-02-00 23:46:39 [INFO]: MongoDB connected 

yyyy-02-00 23:46:39 [INFO]: Loading Middlewares...
yyyy-02-00 23:46:39 [INFO]: All Middlewares Loaded...

yyyy-02-00 23:46:39 [INFO]: Mounting Routes...
yyyy-02-00 23:46:39 [INFO]: Products Router mounted at: /products
yyyy-02-00 23:46:39 [INFO]: Auth Router mounted at: /login
yyyy-02-00 23:46:39 [INFO]: Routes Mounted... 

yyyy-02-00 23:46:39 [INFO]: Server is running at http://localhost:8000 with 3188707

yyyy-02-00 23:46:47 [INFO]: Loading App... 

yyyy-02-00 23:46:47 [INFO]: MongoDB connected 

yyyy-02-00 23:46:47 [INFO]: Loading Middlewares...
yyyy-02-00 23:46:47 [INFO]: All Middlewares Loaded...

yyyy-02-00 23:46:47 [INFO]: Mounting Routes...
yyyy-02-00 23:46:47 [INFO]: Products Router mounted at: /products
yyyy-02-00 23:46:47 [INFO]: Auth Router mounted at: /login
yyyy-02-00 23:46:47 [INFO]: Routes Mounted... 

yyyy-02-00 23:46:47 [INFO]: Server is running at http://localhost:8000 with 3188826

yyyy-02-00 23:46:49 [INFO]: Loading App... 

yyyy-02-00 23:46:49 [INFO]: MongoDB connected 

yyyy-02-00 23:46:49 [INFO]: Loading Middlewares...
yyyy-02-00 23:46:49 [INFO]: All Middlewares Loaded...

yyyy-02-00 23:46:49 [INFO]: Mounting Routes...
yyyy-02-00 23:46:49 [INFO]: Products Router mounted at: /products
yyyy-02-00 23:46:49 [INFO]: Auth Router mounted at: /login
yyyy-02-00 23:46:49 [INFO]: Routes Mounted... 

yyyy-02-00 23:46:49 [INFO]: Server is running at http://localhost:8000 with 3188890

yyyy-02-00 23:47:35 [INFO]: Loading App... 

yyyy-02-00 23:47:35 [INFO]: MongoDB connected 

yyyy-02-00 23:47:35 [INFO]: Loading Middlewares...
yyyy-02-00 23:47:35 [INFO]: All Middlewares Loaded...

yyyy-02-00 23:47:35 [INFO]: Mounting Routes...
yyyy-02-00 23:47:35 [INFO]: Products Router mounted at: /products
yyyy-02-00 23:47:35 [INFO]: Auth Router mounted at: /login
yyyy-02-00 23:47:35 [INFO]: Routes Mounted... 

yyyy-02-00 23:47:35 [INFO]: Server is running at http://localhost:8000 with 3189270

yyyy-02-00 23:49:23 [INFO]: Loading App... 

yyyy-02-00 23:49:23 [INFO]: MongoDB connected 

yyyy-02-00 23:49:23 [INFO]: Loading Middlewares...
yyyy-02-00 23:49:23 [INFO]: All Middlewares Loaded...

yyyy-02-00 23:49:23 [INFO]: Mounting Routes...
yyyy-02-00 23:49:23 [INFO]: Products Router mounted at: /products
yyyy-02-00 23:49:23 [INFO]: Auth Router mounted at: /login
yyyy-02-00 23:49:23 [INFO]: Routes Mounted... 

yyyy-02-00 23:49:23 [INFO]: Server is running at http://localhost:8000 with 3189997

yyyy-02-00 23:49:40 [INFO]: Loading App... 

yyyy-02-00 23:49:40 [INFO]: MongoDB connected 

yyyy-02-00 23:49:40 [INFO]: Loading Middlewares...
yyyy-02-00 23:49:40 [INFO]: All Middlewares Loaded...

yyyy-02-00 23:49:40 [INFO]: Mounting Routes...
yyyy-02-00 23:49:40 [INFO]: Products Router mounted at: /products
yyyy-02-00 23:49:40 [INFO]: Auth Router mounted at: /login
yyyy-02-00 23:49:40 [INFO]: Routes Mounted... 

yyyy-02-00 23:49:40 [INFO]: Server is running at http://localhost:8000 with 3190183

yyyy-02-00 23:50:01 [INFO]: Loading App... 

yyyy-02-00 23:50:02 [INFO]: MongoDB connected 

yyyy-02-00 23:50:02 [INFO]: Loading Middlewares...
yyyy-02-00 23:50:02 [INFO]: All Middlewares Loaded...

yyyy-02-00 23:50:02 [INFO]: Mounting Routes...
yyyy-02-00 23:50:02 [INFO]: Products Router mounted at: /products
yyyy-02-00 23:50:02 [INFO]: Auth Router mounted at: /login
yyyy-02-00 23:50:02 [INFO]: Routes Mounted... 

yyyy-02-00 23:50:02 [INFO]: Server is running at http://localhost:8000 with 3190417

yyyy-02-00 23:50:07 [INFO]: Loading App... 

yyyy-02-00 23:50:07 [INFO]: MongoDB connected 

yyyy-02-00 23:50:07 [INFO]: Loading Middlewares...
yyyy-02-00 23:50:07 [INFO]: All Middlewares Loaded...

yyyy-02-00 23:50:07 [INFO]: Mounting Routes...
yyyy-02-00 23:50:07 [INFO]: Products Router mounted at: /products
yyyy-02-00 23:50:07 [INFO]: Auth Router mounted at: /login
yyyy-02-00 23:50:07 [INFO]: Routes Mounted... 

yyyy-02-00 23:50:07 [INFO]: Server is running at http://localhost:8000 with 3190515

yyyy-02-00 23:50:12 [INFO]: Loading App... 

yyyy-02-00 23:50:12 [INFO]: MongoDB connected 

yyyy-02-00 23:50:12 [INFO]: Loading Middlewares...
yyyy-02-00 23:50:12 [INFO]: All Middlewares Loaded...

yyyy-02-00 23:50:12 [INFO]: Mounting Routes...
yyyy-02-00 23:50:12 [INFO]: Products Router mounted at: /products
yyyy-02-00 23:50:12 [INFO]: Auth Router mounted at: /login
yyyy-02-00 23:50:12 [INFO]: Routes Mounted... 

yyyy-02-00 23:50:12 [INFO]: Server is running at http://localhost:8000 with 3190602

yyyy-02-00 23:50:43 [INFO]: Loading App... 

yyyy-02-00 23:50:43 [INFO]: MongoDB connected 

yyyy-02-00 23:50:43 [INFO]: Loading Middlewares...
yyyy-02-00 23:50:43 [INFO]: All Middlewares Loaded...

yyyy-02-00 23:50:43 [INFO]: Mounting Routes...
yyyy-02-00 23:50:43 [INFO]: Products Router mounted at: /products
yyyy-02-00 23:50:43 [INFO]: Auth Router mounted at: /login
yyyy-02-00 23:50:43 [INFO]: Routes Mounted... 

yyyy-02-00 23:50:43 [INFO]: Server is running at http://localhost:8000 with 3190873

yyyy-02-00 23:50:46 [INFO]: Loading App... 

yyyy-02-00 23:50:46 [INFO]: MongoDB connected 

yyyy-02-00 23:50:46 [INFO]: Loading Middlewares...
yyyy-02-00 23:50:46 [INFO]: All Middlewares Loaded...

yyyy-02-00 23:50:46 [INFO]: Mounting Routes...
yyyy-02-00 23:50:46 [INFO]: Products Router mounted at: /products
yyyy-02-00 23:50:46 [INFO]: Auth Router mounted at: /login
yyyy-02-00 23:50:46 [INFO]: Routes Mounted... 

yyyy-02-00 23:50:46 [INFO]: Server is running at http://localhost:8000 with 3190962

yyyy-02-01 00:08:02 [INFO]: Loading App... 

yyyy-02-01 00:08:02 [INFO]: MongoDB connected 

yyyy-02-01 00:08:02 [INFO]: Loading Middlewares...
yyyy-02-01 00:08:02 [INFO]: All Middlewares Loaded...

yyyy-02-01 00:08:02 [INFO]: Mounting Routes...
yyyy-02-01 00:08:02 [INFO]: Products Router mounted at: /products
yyyy-02-01 00:08:02 [INFO]: Auth Router mounted at: /login
yyyy-02-01 00:08:02 [INFO]: Routes Mounted... 

yyyy-02-01 00:08:02 [INFO]: Server is running at http://localhost:8000 with 3199803

yyyy-02-01 00:10:15 [INFO]: Loading App... 

yyyy-02-01 00:10:15 [INFO]: MongoDB connected 

yyyy-02-01 00:10:15 [INFO]: Loading Middlewares...
yyyy-02-01 00:10:15 [INFO]: All Middlewares Loaded...

yyyy-02-01 00:10:15 [INFO]: Mounting Routes...
yyyy-02-01 00:10:15 [INFO]: Products Router mounted at: /products
yyyy-02-01 00:10:15 [INFO]: Auth Router mounted at: /login
yyyy-02-01 00:10:15 [INFO]: Routes Mounted... 

yyyy-02-01 00:10:15 [INFO]: Server is running at http://localhost:8000 with 3200943

